reg_no,length,owner_uuid
RJ52GA6873,32 Ft XXL,3509917328
HR55X9707,32 Ft XL,399978
KA21A3878,32 Ft XL,1930959888
PB03AX6259,24 Ft XXL,3759408665
TG07T5462,32 Ft XXL Ft XXL,2520815654
PB13AR8186,32 Ft XXL,1.27493E+18
TS08H1900,32 Ft XL,2577326051
BR02GC8382,30 Ft DXL Ft DXL,3401821785
KA592574,22 Ft XL,3093596430
TS07UN4003,32 Ft XXL Ft XXL,3829683448
HR68B6357,32 Ft XL,2838899538
DL1LAC4676,14 Ft XL,3035691761
WB23D4342,32 Ft XXL,1.36388E+18
TN52AA2210,32 Ft XL,1.29705E+18
HR38AA8238,32 Ft XL,2275596032
TN12AS6053,22 Ft XL,105402506
NL01AA9427,32 Ft XL,4112769211
TS15UA4030,32 Ft XXL Ft XXL,353942511
NL01AB1846,32 Ft XL Ft XL,4080246702
TS07UN4013,32 Ft XXL Ft XXL,3829683448
HR37E0515,30 Ft DXL Ft DXL,3836262919
RJ32GB9197,32 Ft XXL,1790840599
DD01S9239,32 Ft XXL Ft XXL,2058138931
HR55T6817,32 Ft XXL,3234395569
NL01AF1107,32 Ft XL,3194110022
TN16H0452,32 Ft XXL,1271043962
TS08UF8547,32 Ft XXL,1844971933
HR66B1663,32 Ft XL,2293979963
HR55AF7381,32 Ft XXL,267942975
RJ27GE1077,32 Ft XXL,744933130
TN88W6759,32 Ft XXL,1.38589E+18
RJ27GE0377,32 Ft XXL,744933130
NL01AJ3722,22 Ft XL,3731347356
TN87C2948,32 Ft XXL,1.40032E+18
TG12T3699,32 Ft XXL Ft XXL,1617854670
PB65BE8608,30 Ft DXL Ft DXL,3518046265
TS07UG0849,32 Ft XXL Ft XXL,1617854670
HR65A0746,30 Ft DXL Ft DXL,3401821785
HR55AL9402,22 Ft XL,1.30944E+18
KA51AA1182,32 Ft XL,1844041512
UP17AT1476,32 Ft XXL,61109253
TN52AA3777,32 Ft XXL,153147850
RJ14GJ7318,32 Ft XXL Ft XXL,2050215225
NL01Q4066,32 Ft XL,1.27493E+18
GJ06BX3350,32 Ft XL Ft XL,2420304504
BR02GA7500,30 Ft DXL Ft DXL,3401821785
UP86T3727,32 Ft XXL,4112769211
TN28BH6926,32 Ft XXL,1544923054
UP78CN9904,32 Ft XXL,2351531909
TG07U3364,32 Ft XXL Ft XXL,3829683448
MH25AJ4132,30 Ft DXL Ft DXL,3954209148
BR02GA7733,30 Ft DXL Ft DXL,3401821785
HR55AR0966,20 Ft XL,1925328465
KA51AG3798,22 Ft XL,1861644730
UP32DN8468,32 Ft XL,833222234
HR38V6512,32 Ft XL Ft XL,1.27493E+18
HR38W2220,22 Ft XL,1.27493E+18
MH04KF0350,20 Ft XL,1.27493E+18
HR38AB6135,32 Ft XL,2770325237
TN12AM9097,20 Ft XL Ft XL,1611377335
UP21CN5492,32 Ft XXL,858989680
PB13AR0691,32 Ft XXL,1.27493E+18
HR55AV1417,22 Ft XL,643629355
TN37DW7016,32 Ft XXL,1.2761E+18
RJ27GE0977,32 Ft XXL,744933130
TS08UF8456,32 Ft XXL,1844971933
KA566992,32 Ft XXL Ft XXL,3253201229
TS12UD5894,20 Ft XL Ft XL,2620832079
RJ32GC7561,32 Ft XL,1.27493E+18
RJ32GC4077,24 Ft XXL,860143842
TN25BJ4411,22 Ft XL,4121506616
KA01AL9990,32 Ft XL,1.30614E+18
KA52B0030,22 Ft XL,1272545252
NL02Q5978,32 Ft XXL,1.37788E+18
HR38W4761,32 Ft XXL,629263962
NL01AD7703,32 Ft XL,3779671859
TN52J8262,32 Ft XXL,1.35512E+18
TN30BL9306,32 Ft XXL,3291590255
KA51AF2844,32 Ft XL,3836686102
MH12RN0719,32 Ft XL,3769288587
TN39DC9322,32 Ft XXL,1.41779E+18
UP21BN9336,32 Ft XXL,1.34209E+18
HR67B6789,32 Ft XL,1810258494
NL01AE1885,32 Ft XL,4112769211
HR38R0944,32 Ft XXL,1.27493E+18
HR38AB2762,32 Ft XL,3234021392
TN56K7624,32 Ft XXL,142368145
PB11DE9698,30 Ft DXL Ft DXL,3364769651
TN52L7782,32 Ft XL,626256173
KA51A2032,32 Ft XXL,2086562521
HR65A6221,30 Ft DXL Ft DXL,3401821785
TS12UD0966,32 Ft XXL Ft XXL,909316974
HR55Y6247,32 Ft XXXL,752833987
HR68A8296,32 Ft XL,2838899538
HR61D3602,32 Ft XXL,2072286350
TS07UM4713,32 Ft XXL Ft XXL,3952074745
TG07T7302,32 Ft XXL Ft XXL,1473433051
TS08UB2978,32 Ft XXL Ft XXL,3253201229
NL01AJ1728,32 Ft XL,3155944960
HR55AK2794,22 Ft XL,818100544
TS08UH7219,32 Ft XXL,4120447629
HR55AK5449,22 Ft XL,818100544
TG12T0310,32 Ft XXL Ft XXL,1473433051
TG12T3899,32 Ft XXL Ft XXL,1617854670
HR55AA0578,32 Ft XL,481817470
HR55AK5776,22 Ft XL,818100544
TN56K1795,32 Ft XL,1933192693
HR55AF7077,32 Ft XXL,1.34095E+18
HR65A7585,30 Ft DXL Ft DXL,3401821785
RJ14GK3370,32 Ft XL,801926881
TN23CM5969,20 Ft XL,518437913
RJ11GC4196,30 Ft DXL Ft DXL,1912589015
TG07T5470,32 Ft XXL Ft XXL,363642820
TS08UJ1477,22 Ft XL Ft XL,546491409
NL01AG4328,32 Ft XL Ft XL,882410277
MH04KF7385,32 Ft XL,1647748010
TN39CQ0735,32 Ft XXL,1.36994E+18
MH04LY8955,32 Ft XL Ft XL,3294551141
TG07T5472,32 Ft XXL Ft XXL,363642820
PB65AK6633,32 Ft DXL,3504217824
TN39CE3349,32 Ft XXL,3676358555
RJ14GN7188,32 Ft XL,2005079660
TN10S6788,32 Ft XXL,2388300404
TS07UK5091,32 Ft XXL Ft XXL,3829683448
NL01AE7021,32 Ft XXL,1.29422E+18
TN12AR0218,32 Ft XL,105402506
HR38X8581,32 Ft XL,1874062980
TG07T6305,32 Ft XL Ft XL,1888282069
NL01AH3005,32 Ft XXL Ft XXL,1470590102
WB11E0530,32 Ft XXL,3812551316
UP16HT2497,32 Ft XL,1562663088
HR55AT4596,24 Ft XL Ft XL,20079860
HR55AK3920,14 Ft XL,346024543
HR66B8464,32 Ft XXL,1960149178
NL01AH7641,40 Ft DXL,4255940877
TN34AE6664,32 Ft XXL,4152150427
NL01AJ4435,32 Ft XL Ft XL,2914938575
NL01AF3736,32 Ft XL,1179273343
BR02GA7792,30 Ft DXL Ft DXL,3401821785
MH16CD8699,32 Ft XL Ft XL,2016006778
TG07U3797,20 Ft XL Ft XL,2620832079
UP78CT2767,30 Ft DXL Ft DXL,3836262919
NL01AJ4438,32 Ft XL Ft XL,2914938575
HR55AH0424,32 Ft XL Ft XL,1101147109
TG12T4499,32 Ft XXL Ft XXL,1617854670
RJ52GA7088,32 Ft XXL,1147749398
TS07UG6880,32 Ft XXL Ft XXL,3829683448
TS08UB5212,32 Ft XXL Ft XXL,2520815654
UP50AT9635,30 Ft DXL Ft DXL,3401821785
RJ14GN1806,32 Ft XL,2005079660
KA51AG1242,32 Ft XL,3427338192
UP21BN7216,32 Ft XL,3618715469
RJ53GA0134,32 Ft XL Ft XL,4183151077
UP78HT0897,30 Ft DXL Ft DXL,3836262919
RJ14GL4611,32 Ft XL Ft XL,2904170378
HR55AH5338,32 Ft XXL,267942975
RJ27GE0577,32 Ft XXL,744933130
RJ52GA6454,32 Ft XXL,1.30222E+18
NL01AF5547,34 Ft XL,1065690193
HR68B9404,32 Ft XXL,2838899538
TS08UF8458,32 Ft XXL,1.41812E+18
TN39CP9819,32 Ft XXL,1271043962
TN88H8411,32 Ft XXL,1544923054
NL01Q5621,32 Ft XXL,1115169021
HR55AK2233,22 Ft XL,1.27493E+18
TN72CZ6363,22 Ft XL,223488297
KA51AF6319,22 Ft XL,3299064985
HR69B7949,32 Ft XL,1514143024
PB11BN9776,30 Ft DXL Ft DXL,3364769651
HR55X9454,32 Ft XXL,3739250216
UP78HN2705,30 Ft DXL Ft DXL,3836262919
TN85L9795,22 Ft XL,2008205270
HR55AA0241,32 Ft XXL,1.34387E+18
MH47Y6090,32 Ft XXL,1.27493E+18
TN88D3799,32 Ft XL,1.3945E+18
NL01L5396,32 Ft XXL,1.33853E+18
TS07UG6878,32 Ft XXL Ft XXL,3829683448
PB11CL9155,30 Ft DXL Ft DXL,3364769651
TS08UJ1501,32 Ft XXL,1844971933
NLO1N8906,32 Ft XXL,1368936984
TN88J0564,32 Ft XXL,1544923054
KA01AM1687,22 Ft XL,4186992177
TS07UM9523,32 Ft XXL Ft XXL,2952713405
AP29TC0895,32 Ft XXL Ft XXL,3829683448
TG12T1199,32 Ft XXL Ft XXL,1617854670
TG12T4299,32 Ft XXL Ft XXL,1617854670
TS07UE9851,32 Ft XXL Ft XXL,3829683448
MP09GH5029,32 Ft XL,667083889
TN12AD2773,32 Ft XXL,1974080254
TS08UF8548,32 Ft XXL,1844971933
TN77E0502,32 Ft XXL,1.27493E+18
RJ11GB6958,32 Ft XXL,1.27493E+18
TN04AW3340,32 Ft XXL,1.3322E+18
NL01AB0511,32 Ft XXL Ft XXL,2459640882
HR38AF8071,32 Ft XL,789232929
AS01NC3416,32 Ft XXL Ft XXL,1168052891
TN88V0896,32 Ft XL,1.28559E+18
TN85L9745,22 Ft XL,2008205270
NL01K1687,32 Ft XXL,1.41376E+18
TN54R6683,24 Ft XL,3644340782
TN87B5745,22 Ft XL,1.30361E+18
HR37D4878,30 Ft DXL Ft DXL,3836262919
HR843272,32 Ft XL Ft XL,4289047710
NL01N3410,32 Ft XL,2903670965
TN52F8808,32 Ft XXL,1.27493E+18
PB10JF0376,30 Ft DXL Ft DXL,3364769651
TS07UE8785,32 Ft XL Ft XL,1629773945
TN39CR5024,32 Ft XL,4125775703
TG07U4951,32 Ft XXL Ft XXL,3829683448
HR51AH1388,32 Ft XL,1.32428E+18
RJ32GC1579,32 Ft XL,1.36523E+18
UP81ET7285,30 Ft DXL Ft DXL,2115237033
WB11F4912,32 Ft XL,2726999087
TN58BB8538,22 Ft XL,677962891
HR55AF0207,32 Ft XL,1.36489E+18
HR66A1338,32 Ft XXL,2921031696
HR55AK1046,22 Ft XL,909131034
UP21CN2928,32 Ft XXL,1.34209E+18
KA11C1136,32 Ft XL,1127926498
TN45BF7866,32 Ft XXL,4094944893
MP04GB2486,32 Ft XL,101343703
PB13AR0393,32 Ft XXL,1.27493E+18
TS07UL1920,32 Ft XXL Ft XXL,2520815654
HR55AG9272,32 Ft XL,1.36489E+18
KA51AF1637,32 Ft XL,1029182838
HR55AC1596,32 Ft XXL,1.34095E+18
TS08UF8460,32 Ft XXL,1.41812E+18
MH14JL2340,32 Ft XL,1.27493E+18
NL01AF2257,32 Ft XXL,1.27493E+18
TN12S6117,32 Ft XXL,1844041512
TN24AA9612,22 Ft XL,2013785989
KA01AL4868,32 Ft XXL,1.35482E+18
HR55AF5892,32 Ft XL,1.36489E+18
TN14T6924,32 Ft XXL,1.3135E+18
HR38W6061,32 Ft XL,3234021392
TN88F1512,32 Ft XL,1.31636E+18
HR38AA4277,32 Ft XL,2130581551
NL01AD0094,32 Ft XXL,1.27493E+18
TG12T3984,32 Ft XXL Ft XXL,4142621459
TN72BW8631,22 Ft XL,223488297
TS08UJ1497,32 Ft XXL,1844971933
TN18AP6483,32 Ft XXL,1974080254
HR66A4525,32 Ft XXL,1544018322
MH12KP1213,32 Ft XXL,3140913849
MH04LY3265,32 Ft XL Ft XL,1405150110
TS07UM5072,32 Ft XXL Ft XXL,2904170378
TN03AB5380,22 Ft XL,4141503092
HR38AB6020,32 Ft XL,1.41521E+18
MH20DE5975,32 Ft XXL,1.35108E+18
NL01AE9914,32 Ft XL,1.27493E+18
NL01AD3627,32 Ft XL,4112769211
HR55K8521,32 Ft XL,818100544
RJ32GC7312,32 Ft XL,4044411169
RJ49GA1575,32 Ft XL,3731347356
RJ36GA4026,32 Ft XXXL,2965646154
TN28BJ5059,32 Ft XXL,3667459581
MH23AU7723,32 Ft XXL Ft XXL,2146453401
RJ32GC5910,32 Ft XXL,4015093222
HR63C0398,32 Ft XXXL,3298444839
TN88L4549,32 Ft XXL Ft XXL,1819315005
TN34L9279,32 Ft XXL,2451833745
CH01TB4969,32 Ft XXL,2838899538
HR68B3799,32 Ft XXL,2838899538
RJ11GB9360,32 Ft XXL,795144702
WB23G6249,32 Ft XXL,3281644032
HR38AA0809,32 Ft XL,2179918673
HR38AD9456,32 Ft XL,3117296538
TS12UE1899,32 Ft XXL Ft XXL,1617854670
RJ14GJ6652,32 Ft XXL,949164914
HR46F6704,32 Ft XL,2992844829
TN52CA1786,22 Ft XL,1781976731
UP21CN2336,32 Ft XXL,1.27493E+18
MH43Y9916,32 Ft XL,1051866713
RJ06GC7702,32 Ft XXL,1721946921
MH46BU3378,32 Ft XXL Ft XXL,855402536
RJ07GC8262,32 Ft XXXL,1643721638
UP58T7568,30 Ft DXL Ft DXL,2115237033
HR55AK7594,32 Ft XXL,1.27493E+18
HR55AV0561,22 Ft XL Ft XL,1843032663
TS07UK5130,32 Ft XXL Ft XXL,3829683448
HR38X3629,32 Ft XXL,1.27493E+18
NL01L2554,32 Ft XXL,1.41376E+18
TN25BE1487,32 Ft XXL,169616334
HR68B5696,32 Ft XXL,2838899538
NL01N3448,32 Ft XL,2903670965
DL01MA9864,22 Ft XL,3722569308
NL01AA7882,32 Ft XXL,1.29422E+18
NL01AE5645,32 Ft XXL,1.33853E+18
HR68B2930,32 Ft XXL,2838899538
NL01AE1943,32 Ft XXL Ft XXL,2459640882
TN25CC8287,22 Ft XL,3218934127
HR39D2034,32 Ft XL,481817470
HR55AK5574,22 Ft XL,818100544
TN28BH8057,32 Ft XXXL,1955971086
GJ12BY6821,32 Ft XXXL,361831879
NL01AF1866,32 Ft XXL Ft XXL,2459640882
NL01AA8235,32 Ft XXL,1.41376E+18
PB13BC5066,32 Ft XL,1.36953E+18
TS12UE4299,32 Ft XXL Ft XXL,1617854670
MH04GR4482,32 Ft XXL,1288448125
HR55AK1105,32 Ft XXL,1.32428E+18
RJ18GB4439,32 Ft XXL,4264705003
RJ14GE0366,30 Ft DXL Ft DXL,3836262919
TS07UE9611,32 Ft XXL Ft XXL,1617854670
KA01AL1249,32 Ft XXL,1.35482E+18
HR68A9206,32 Ft XXL,2838899538
TS12UC4199,32 Ft XXL Ft XXL,1617854670
TG07U3362,32 Ft XXL Ft XXL,3829683448
TS12UE5299,32 Ft XXL Ft XXL,1617854670
UP78CT4797,30 Ft DXL Ft DXL,3836262919
RJO9GC9205,32 Ft XXXL,483044508
MH04KU5284,32 Ft XL,1675607123
MH04GR9521,32 Ft XXL,163511175
UP14KT7767,22 Ft XL,1916374914
HR55AL2218,32 Ft XL,815520397
MH46BU9597,32 Ft XL,1847180982
HR55AH5374,32 Ft XL,267942975
HR68A8127,32 Ft XXL,2838899538
HR55AK0072,22 Ft XL,1.27493E+18
TG07T1274,32 Ft XXL Ft XXL,2904170378
RJ14GN1807,32 Ft XL,2005079660
RJ05GB3735,32 Ft XXXL,474480729
NL01N0677,32 Ft XXL,1.41376E+18
HR63C4356,32 Ft XXXL,3120138244
MH06BW3859,22 Ft XL,856427048
HR73A2662,32 Ft XXL,2005079660
NL01AE1957,32 Ft XL,1.27493E+18
KA01MA1019,32 Ft XXL,1.28381E+18
HR55W2343,32 Ft XL,1866714848
NL01AD7846,32 Ft XL Ft XL,446147763
WB05A3580,32 Ft XL,1080031028
RJ32GC2015,32 Ft XL,1.36523E+18
TS07UK9280,32 Ft XXL Ft XXL,3829683448
NL01K1685,32 Ft XXL,1.41376E+18
HR38AH1616,34 Ft XL,1599883026
RJ32GC8152,32 Ft XL,4054241774
NL01AF1837,32 Ft XXL,3194110022
NL01K1688,32 Ft XXL,1.41376E+18
KA53AA5244,22 Ft XL,322358579
HR68A8514,32 Ft XXL,2838899538
HR68B8375,32 Ft XL,2838899538
NL01AC5005,32 Ft XXL,744933130
HR55AL5433,32 Ft XL,4112769211
MH46BB8103,32 Ft XXL,1489547832
RJ09GC3007,32 Ft XXL,3340806020
TN22BA2616,22 Ft XL,2008205270
CH01TB6762,32 Ft XXL,2838899538
MH04JU3192,32 Ft XL,1763251974
ANL01AF2182,32 Ft XL,1763251974
TN58AQ9741,32 Ft XXL,1.27493E+18
HR55W7963,32 Ft XL,3988371116
KA51AG9969,32 Ft XXL,4129260956
HR38Z3503,32 Ft XL,4023146082
MH31FC5885,32 Ft XL,2322831403
HR55AK7052,32 Ft XL,1.36451E+18
KA52A8973,22 Ft XL,1272545252
KA01AL6269,32 Ft XXL,1.35482E+18
GJ12BX3556,32 Ft XXXL,3298518857
TN12X1463,32 Ft XXL,395208720
NL01AF2163,32 Ft XL,1763251974
NL01AE9982,32 Ft XXL,3155762556
HR55AK6140,32 Ft XXL,1.27493E+18
HR55AB8639,32 Ft XXL,1001936175
MH40BG6128,32 Ft XL,3992969109
HR37E5490,30 Ft DXL Ft DXL,3836262919
MH04JK7790,32 Ft XL,1763251974
RJ14GL8593,32 Ft XL,2005079660
UP19T5826,32 Ft XXL,4009778367
TN18AT1798,32 Ft XL,133794854
TG07T5471,32 Ft XXL Ft XXL,363642820
MH04GF7344,32 Ft XXL,837293076
NL01N1225,32 Ft XXL,1115169021
RJ11GB8875,32 Ft XXL,1463879186
TS07UL2312,32 Ft XXL Ft XXL,2520815654
KA52A6514,22 Ft XL,1272545252
TN88H7177,32 Ft XXL,622358456
MH20DE7892,32 Ft XL,2986211984
UP24T5775,30 Ft DXL Ft DXL,2115237033
GJ12BY4010,32 Ft XXXL,1608917745
TN28BL2621,32 Ft XXL Ft XXL,3870805147
NLO1AE8478,32 Ft XXXL,1.27493E+18
TS08UB5747,32 Ft XXL Ft XXL,3829683448
TN39CM3985,32 Ft XXL,1271043962
HR55AL1598,32 Ft XL,1.36451E+18
MH04HY6884,32 Ft XL,1763251974
NL01AF7057,32 Ft XL,3731347356
NL01L3686,32 Ft XXL,1.33853E+18
NL01AD5141,32 Ft XL,1.27493E+18
UP78CT9371,32 Ft XL,3616476587
HR55AJ0248,32 Ft XXL,1.32428E+18
AS01QC3061,32 Ft XXL Ft XXL,406527468
RJ10GA8949,32 Ft XL,4267432777
KA51AF7732,32 Ft XXL,1.27493E+18
NL01N2573,32 Ft XXL Ft XXL,1355641096
HR47C6947,32 Ft XXL,1.29422E+18
UP21BN7540,32 Ft XXL,1115169021
HR68B2519,32 Ft XL,1595549574
NL01G0567,32 Ft XXL,1.33853E+18
UP21CN1643,32 Ft XXL,1115169021
AP39Y3323,32 Ft XXL,3536829949
TG07U6376,32 Ft XXL Ft XXL,973970333
MH04JK3757,32 Ft XL,1763251974
BR06GE1837,32 Ft XL,1675607123
HR68A8001,32 Ft XXL,2838899538
RJ07GC3805,32 Ft XXXL,2632840719
NL01AF2173,32 Ft XL,1763251974
HR63E5483,32 Ft XL,1.27493E+18
CH01TB0233,32 Ft XXL,2838899538
HR47E7190,32 Ft XL,1.27493E+18
NL01AB1272,32 Ft XL,1996182883
UP21BN5016,32 Ft XXL Ft XXL,199051732
HR38AB7766,32 Ft XL,1562663088
TG07T5969,32 Ft XXL Ft XXL,363642820
TN16H0995,32 Ft XXL,2384970192
WB175723,32 Ft XXL,3540391324
CH01TB2463,32 Ft XXL,2838899538
CH01TB1734,32 Ft XXL,2838899538
GJ12BY2210,32 Ft XXXL,1608917745
PB13AR8740,32 Ft XXL,1.27493E+18
GJ12BV5624,32 Ft XXXL,1608917745
TN16E5229,32 Ft XXL,2086562521
MP09DM5884,32 Ft XL Ft XL,4169597569
KA53AB1703,32 Ft XL,1.27493E+18
UP21CN7424,32 Ft XXL,1115169021
HR55AU5221,32 Ft XL,1733578037
KA01AG4708,32 Ft XXL,1930959888
MH04Y6593,32 Ft XL,1763251974
HR55S5717,32 Ft XXL,1693871389
HR55AL8305,32 Ft XL,1982572239
NL01N0366,32 Ft XXL,1.27493E+18
UP72CT4131,32 Ft XXL Ft XXL,3613680653
HR38AC1441,32 Ft XL,2948561052
HT55AL7133,32 Ft XXL,1.29422E+18
HR61D2556,32 Ft XL,1253470403
UP16FT7771,22 Ft XL,2101937107
NL01AB0728,32 Ft XXL,4112769211
HR55AK4695,32 Ft XXL Ft XXL,1.27493E+18
DD03P9755,32 Ft XXL,1.27493E+18
TN23CQ9594,22 Ft XL,1.27493E+18
DL1MA5727,22 Ft XL,2072733907
HR66A7918,32 Ft XXL,806121545
PB11BY5253,30 Ft DXL Ft DXL,3364769651
UP21BN2469,32 Ft XL,872244056
MH46BF8840,32 Ft XL,470049837
TS08UB5210,32 Ft XXL Ft XXL,2520815654
UK17CA5510,30 Ft DXL Ft DXL,3836262919
KA51AB0080,17 Ft XL,3986523581
PB11DA7589,30 Ft DXL Ft DXL,3364769651
PB13BE2481,32 Ft XXL,1.27493E+18
UP32CN3541,32 Ft XXL,1.27493E+18
RJ14GJ5778,32 Ft XL,1.27493E+18
MH12MV2238,32 Ft XL,2858977521
TS08UB0912,32 Ft XXL Ft XXL,3829683448
NL01N1062,32 Ft XL,1.36489E+18
MH31FC5772,32 Ft XL,2322831403
NL02Q3665,32 Ft XL,1.27493E+18
MH46BM1524,32 Ft XXL,4180335629
MH14EM1075,22 Ft XL,1.27493E+18
NL01AE0892,32 Ft XXL,1.27493E+18
NL01L9535,32 Ft XXL,1.41376E+18
UP80CT5749,32 Ft XL Ft XL,1358420066
TS08UB5754,32 Ft XL Ft XL,3829683448
UP21CN7421,32 Ft XXL,1115169021
RJ52GA7449,32 Ft XXL,1147749398
HR55AK0121,32 Ft XL,586056444
TN32AM2720,22 Ft XL,1036248846
HR63C6665,32 Ft XL,3083200537
UP75BT2575,32 Ft XL,2475488768
NL01K8899,32 Ft XXL,1.41376E+18
HR38W2616,32 Ft XXL,2148477730
TG12T4199,32 Ft XXL Ft XXL,1617854670
HR55AB1335,32 Ft XXL,620611004
KA02AH4515,32 Ft XL,1.29971E+18
HR55AK0421,32 Ft XL,586056444
PB13BE9459,32 Ft XL,733178906
HR55AU4156,32 Ft XL Ft XL,2463724394
NL01AD3488,32 Ft XL,4246702836
KA52C2761,20 Ft XL Ft XL,283968129
TS07UM5394,32 Ft XXL Ft XXL,2520815654
NL01N3983,32 Ft XL,1.36745E+18
HR38AB9719,32 Ft XL,1.36451E+18
MH04GF8863,24 Ft XXL,2319926946
MH04MH2586,20 Ft XL Ft XL,2596039234
MH04GF9185,24 Ft XXL,2319926946
JH12N9991,32 Ft XXL,1145055287
HR46F1413,32 Ft XXL,632092464
MH14GU3015,32 Ft XXL,1.27493E+18
TS07UK9246,32 Ft XXL Ft XXL,3829683448
RJ10GB6475,32 Ft XXL,93434900
CH01TB7050,32 Ft XL,2838899538
NL01AC5007,32 Ft XXL,744933130
HR63D1145,32 Ft XXL,1.27493E+18
GJ06AZ4524,22 Ft XL Ft XL,3579819533
HR55AR2589,32 Ft XL Ft XL,1993271565
HR55W4777,24 Ft XXL,1230176835
MH14GD4786,32 Ft XXL,1.27493E+18
MH14HG1853,32 Ft XXL,1.27493E+18
UP82T8551,32 Ft XL,4071245200
TG07U3370,32 Ft XXL Ft XXL,3829683448
UP53GT8228,32 Ft XXL,2306105150
UP78HN3338,32 Ft XL Ft XL,3172131726
HR55V3825,32 Ft XL,2858977521
KA02AJ4734,32 Ft XL Ft XL,3598520858
TN59CL5537,22 Ft XL,2516070241
HR55AB1332,32 Ft XXL,2617245338
RJ23GC1955,32 Ft XL,4227050536
JH12M6580,32 Ft XL Ft XL,2122931463
TN42AD8427,32 Ft XXL,1.27493E+18
GJ06AZ4565,22 Ft XL Ft XL,3579819533
MH47Y8415,32 Ft XXL,1.27493E+18
PB13BH6022,32 Ft XL,1.27493E+18
MH04GF8901,24 Ft XXL,2319926946
MH43CK1973,32 Ft XL Ft XL,2126873029
NL01AD5157,32 Ft XL,1.27493E+18
HR55AJ6859,22 Ft XL,1716273455
NL01L3838,32 Ft XXL,1.41376E+18
NL01AE5568,32 Ft XL,1763251974
HR55U4855,32 Ft XL,4244867269
KA01AM3726,32 Ft XL,1.27493E+18
TN24AP4298,32 Ft XXL,1.27493E+18
NL01AE0890,32 Ft XXL,1.27493E+18
TN73AA4092,32 Ft XXL,1.30547E+18
CH01TB7083,32 Ft XL,2838899538
CH01TB2398,32 Ft XXL,2838899538
MH04JK9139,32 Ft XL,1763251974
MH04JK9138,32 Ft XL,1763251974
HR55V7060,32 Ft XL,3988371116
NL01AE7625,32 Ft XL,4112769211
HR46E7548,32 Ft XL,2237557190
GJ06AZ5612,32 Ft XL,2240903050
UP70GT3921,32 Ft XXL,669805311
HR55AG4845,32 Ft XL,3384643862
TN28BK0763,32 Ft XXL,747666665
JH12Q9465,32 Ft XL Ft XL,4020555443
HR55V1321,32 Ft XXL Ft XXL,3648094054
NL01AD5604,32 Ft XXL,1.33805E+18
TS08UF9834,32 Ft XXL,2045484468
KA02AG5823,22 Ft XL,1.29971E+18
HR55AA2287,32 Ft XL,101343703
MH43BG9920,32 Ft XXL,1.27493E+18
PB13AR0694,32 Ft XXL,1.27493E+18
NL01AE0764,32 Ft XL,611100283
MH12UM8091,20 Ft XL,2157509592
HR55AG1985,32 Ft XXL,2058958247
HR68C1384,32 Ft XL,2838899538
KA52A8280,22 Ft XL,1957196680
NL01AF1047,32 Ft XL,1.27493E+18
HR67B5721,32 Ft XXL,1176356331
TN37DW6954,32 Ft XXL,1.2761E+18
HR68B2925,32 Ft XL,2838899538
UP53GT5673,32 Ft XL,2306105150
UP53GT8566,32 Ft XL,2306105150
RJ14GJ9698,32 Ft XXL,1.30222E+18
HR47C9436,32 Ft XXL,3553993300
KA02AE3709,32 Ft XL,1.28381E+18
TG09T0649,24 Ft XXL Ft XXL,2643607360
RJ27GE1377,32 Ft XXL,744933130
RJ27GE0677,32 Ft XXL,744933130
NL01AC4637,32 Ft XXL,1.33853E+18
NL01AE1913,32 Ft XL,1.27493E+18
MH12MV0553,32 Ft XXL,1.27493E+18
NL01AE8649,32 Ft XXL,1.33853E+18
KA01C6227,32 Ft XXL,1.2884E+18
HR68B3074,32 Ft XL,2838899538
TG12T1799,32 Ft XXL Ft XXL,1617854670
RJ32GC6971,32 Ft XL,2827959789
HR38AA3761,32 Ft XXL,1.27544E+18
HR55AF1854,22 Ft XL,1.27493E+18
RJ52GA8420,32 Ft XL,1351573634
TN56K2694,32 Ft XXL,1.27493E+18
MH24AU7433,20 Ft XL,3294668074
TN88H6806,32 Ft XL,1.287E+18
TN13F0081,32 Ft XXL,1.34348E+18
TN14T4848,32 Ft XXL,1.3135E+18
TS08UB6694,32 Ft XXL,1.27493E+18
UP75AT1877,32 Ft XL,2475488768
TN52K7377,32 Ft XXL,153147850
AS01NC1154,32 Ft XXL,2791051512
GJ06AZ5601,32 Ft XL,2240903050
TN30BD2925,32 Ft XXL,3291590255
TS08UF6833,32 Ft XXL,1.28373E+18
MH04HY3796,32 Ft XL,2564900610
NL01AD5174,32 Ft XL,1.27493E+18
MH46AF7828,32 Ft XXL,1.33853E+18
HR38AC4651,32 Ft XL,2770325237
NL01AB2096,32 Ft XL,1.27493E+18
NL01AD9673,32 Ft XL,1763251974
HR74A8742,32 Ft XXL,4271959797
TN21BH0996,32 Ft XXL,1.27493E+18
UP21BN1888,32 Ft XL,872244056
KA51AG4608,22 Ft XL,1861644730
NL01L5395,32 Ft XXL,1.33853E+18
HR56B3687,32 Ft XXXL,598950524
TS08UH4693,32 Ft XXL,1.28373E+18
MH04JK8171,32 Ft XXL,1.27493E+18
HR39D4093,32 Ft XXL,1.27493E+18
TN39CQ8925,32 Ft XXL,1271043962
RJ07GC6533,32 Ft XL,562152118
UP21BN3802,32 Ft XXL,805980026
MP09HJ7955,32 Ft XXL,1.27493E+18
AS01NC7326,32 Ft XXL,2791051512
HR68C0189,32 Ft XL,2006628039
MH20DE3029,32 Ft XXL,1.27619E+18
NL01AD5160,32 Ft XL,1.27493E+18
JH12F7333,32 Ft XXL,30159769
RJ27GE0477,32 Ft XXL,744933130
RJ52GA6412,32 Ft XXL,1.30222E+18
PB11CB8054,32 Ft XXL,3897926231
HR47D2771,32 Ft XXL,1.29422E+18
HR38S3310,32 Ft XL,856211950
HR38X7908,32 Ft XL,1.27493E+18
PB13BF7209,32 Ft XL,1.27493E+18
TN19F9175,32 Ft XXL,1.27493E+18
NL01AE5794,32 Ft XL,1763251974
KA51AG4879,22 Ft XL,3299064985
MH04HY9518,32 Ft XL,2601101007
RJ18GB4896,32 Ft XXL,1.33805E+18
MH04HY7399,32 Ft XXL,1.39572E+18
TN56K2691,32 Ft XXL,1.27493E+18
NL01AF1049,32 Ft XL,1.27493E+18
TN42AD5312,22 Ft XL,1331436605
HR55S3187,32 Ft XXL,782744564
AS01NC3574,32 Ft XXL,2791051512
RJ32GC0754,32 Ft XXL,1185687987
RJ52GA6037,30 Ft DXL Ft DXL,3836262919
HR38AB4659,32 Ft XL,4282519870
NL01AF2180,32 Ft XL,1763251974
KA51D2604,32 Ft XXL,902512755
HR55AD5714,32 Ft XXXL,3234395569
TN28BK8060,32 Ft XXL,3371621428
NL01Q4047,32 Ft XL,548066073
NL01AD5885,32 Ft XXL,2801201800
MH12RN6566,32 Ft XL,3836291689
MH04JK7793,32 Ft XL,1763251974
KA01AJ0684,32 Ft XXL,1.35515E+18
WB11E0153,32 Ft XXL,3876917080
HR61C5760,32 Ft XL,514621679
NL01AF2546,32 Ft XL,1763251974
HR55Y9235,32 Ft XXL,267942975
TN11P2819,32 Ft XXL,1308237041
HR38Y7888,32 Ft XL,723912061
HR55W2268,32 Ft XL,3988371116
HR55U7510,32 Ft XL,252759900
PB13AR8176,32 Ft XXL,1.27493E+18
NL01AF1063,32 Ft XL,1.27493E+18
TN24AX8445,22 Ft XL,3619189711
MH04KU5064,22 Ft XL,2301776313
HR38X2440,32 Ft XL,17667683
MH04JK8927,32 Ft XL,1763251974
HR55AK0401,22 Ft XL,2706674311
GJ12BY6613,32 Ft XXXL,1608917745
GJ06YY6980,32 Ft XL,1.30881E+18
NL01K8551,32 Ft XXL,1.41376E+18
HR63C0799,32 Ft XL,1689692328
HR55W2721,32 Ft XL,1317484428
RJ14GJ7553,32 Ft XXL,1.30839E+18
KA52A9943,32 Ft XL,2552905578
MP09HH8265,32 Ft XXL,1.27493E+18
TN04AH0253,32 Ft XXL,1.27493E+18
HR38W6867,22 Ft XL,1.28552E+18
NL01AD9954,32 Ft XL,1763251974
NL01AE3861,32 Ft XL,881402851
PB13AW5070,32 Ft XXL,1.27493E+18
HR55AB2229,32 Ft XL,4141203250
HR55AL1746,22 Ft XL,545764211
WB173973,32 Ft XXL,1222866963
GJ06BT0107,32 Ft XL,1480577583
HR55AK6174,32 Ft XL,4141203250
NL01D5107,32 Ft XL,1.27493E+18
HR55U0716,32 Ft XL,4244867269
RJ32GC1907,32 Ft XL,1185687987
PB10HM9654,32 Ft XXL,3897926231
HR55AK7227,32 Ft XL,4141203250
RJ09GB9198,32 Ft XXL,1.30222E+18
TN57BH9106,32 Ft XXL,1.30479E+18
RJ49GA1666,32 Ft XXL,779853357
HR55AP7805,22 Ft XL,1064324287
UP22AT4377,32 Ft XL,3767671585
TN32AR6838,22 Ft XL,2482719549
TN39BV8413,32 Ft XXL,3074833442
HR55AC6048,32 Ft XXL,1.27493E+18
HR55AC5265,32 Ft XXL,1.27493E+18
NL01AD5168,32 Ft XL,1.27493E+18
HR46F2219,32 Ft XL,3888426839
TN39CK6194,32 Ft XXL,1271043962
AS01NC7564,32 Ft XL,2791051512
MH04KF7403,32 Ft XL,1.3653E+18
UK06CB4792,22 Ft XL,2832354275
PB13AW6950,32 Ft XXL,1.27493E+18
HR38V8610,32 Ft XL,4282519870
NL01AE5469,32 Ft XL,1763251974
GJ23AT3111,32 Ft XL,1.27493E+18
NL01AA0278,32 Ft XXL,1.33853E+18
TN81C4785,22 Ft XL,513053369
UP24T9103,32 Ft XXL,1.27493E+18
TN37CH9952,20 Ft XL,2035918744
HR38W1321,32 Ft XL,1244718829
NL01AE0894,32 Ft XXL,1.27493E+18
TN56K2698,32 Ft XXL,1.27493E+18
PB13AW9722,22 Ft XL,1424649683
HR74B9008,32 Ft XL,3592248843
NL01L6348,32 Ft XXL,1.33805E+18
HR55AC3191,32 Ft XXL,1.34095E+18
KA01C4426,22 Ft XL,4181542896
RJ11GB9511,32 Ft XXL,1682706600
MH14HG3723,32 Ft XXL,1.27608E+18
TN39CT5707,20 Ft XL Ft XL,310681829
HR55AM9634,32 Ft XXL,973464340
TS07UG2652,32 Ft XXL,1.27493E+18
UP21BN9392,32 Ft XXL,3612578212
NL01AE7988,32 Ft XXL,1.37502E+18
TN42S1379,32 Ft XXL,1359097865
AS01NC7562,32 Ft XL,2791051512
DD01A9830,32 Ft XL,3033185868
NL01AB2651,32 Ft XL,960632885
TN39CS6495,32 Ft XXL,1271043962
TN34MB4813,32 Ft XXL,3590451473
NL01Q1826,32 Ft XXL,4112769211
NL01N6206,32 Ft XL,514621679
TS08UH0362,32 Ft XXL,1.28373E+18
NL01AC3815,32 Ft XXL,1.33853E+18
GJ12BW3017,32 Ft XXXL,1913884508
HR69D7230,22 Ft XL,1334434825
TS07UE9901,32 Ft XXL,1.27493E+18
TS07UE7803,32 Ft XXL,1.27493E+18
UP21BN2312,32 Ft XXL,2041806452
MH40AK3245,22 Ft XL,158774077
MH12SX2117,22 Ft XL,1.36562E+18
HR55AA3736,32 Ft XXL,2148477730
TS07UG4925,32 Ft XXL,1.27493E+18
HR47E7537,32 Ft XL,2893806302
MH04KF9706,24 Ft XXL,2901330213
MH46BB0717,32 Ft XL,1.27493E+18
MH40CD1858,32 Ft XL,2962862464
AS01JC3316,32 Ft XXL,1.35515E+18
TN34AA2271,32 Ft XXL,1.28693E+18
RJ11GC9313,32 Ft XXL,1.33805E+18
RJ32GC4491,32 Ft XXL,1.2898E+18
HR55AH6417,22 Ft XL,1.27493E+18
PB13AW9742,32 Ft XXL,1.27642E+18
TN56K2687,32 Ft XXL,1.27493E+18
HR68B9682,32 Ft XL,2838899538
NL01AF7743,32 Ft XL,2005079660
MH12KP0951,32 Ft XXL,1.27619E+18
TN54M9699,32 Ft XXL,1.29034E+18
KA01AB5488,32 Ft XXL,1930959888
UP16HT4312,32 Ft XXL,1419996312
TN54U2627,22 Ft XL,3684270484
UP23T6732,32 Ft XL,872244056
TS08UH8015,32 Ft XXL,1.28373E+18
HR38Y5259,32 Ft XL,1.29032E+18
NL01AE3513,32 Ft XXL,3155762556
UK06CB4954,22 Ft XL,238797794
RJ40GA2940,32 Ft XXL,353059615
HR55AB7206,32 Ft XL,1457082096
MH43Y8982,32 Ft XL,1.27493E+18
TN12Q6734,32 Ft XXL,1844041512
HR46F9264,32 Ft XL,4220346851
RJ32GC4322,32 Ft XL,3053163127
MH20DE3024,32 Ft XXL,1.27493E+18
TN56K2692,32 Ft XL,1.27493E+18
NL01N3977,32 Ft XL,1.27493E+18
KA52D0897,32 Ft XL,1957196680
NL01AF1057,32 Ft XL,1.27493E+18
RJ05GA2976,32 Ft XXL,2923137343
HR38AC4626,32 Ft XL,2770325237
CH01TB4898,32 Ft XL,2838899538
UP25CT2504,24 Ft XXL,1763149793
TN56S7074,32 Ft XL,1579908675
CH01TB7104,32 Ft XL,2838899538
KA01AM0268,32 Ft XL,2414500087
HR46F1513,32 Ft XXL,632092464
TN28BE6475,22 Ft XL,1194432177
HR56B6296,24 Ft XXL,3207924961
MP09HH3362,32 Ft XXL,1.27493E+18
TN39CP9141,32 Ft XXL,1271043962
TN39CB2404,22 Ft XL,1348752675
KA51AG5652,22 Ft XL,1861644730
NL01AE2518,32 Ft XL,1.27493E+18
UP42BT9258,22 Ft XL,2919589519
HR38W5168,32 Ft XXL,1.27493E+18
UP78FT0412,32 Ft XXL,1.27493E+18
UP84AT5641,32 Ft XL Ft XL,894587152
MH14GU9318,22 Ft XL,1.27493E+18
GJ18AZ7317,32 Ft XL,3805031758
HR55AE1571,32 Ft XXL,3234395569
HR55Y9657,32 Ft XXL,1.29134E+18
TN39CQ5636,32 Ft XXL,1271043962
HR68B1307,32 Ft XL,2838899538
RJ07GC6792,32 Ft XXL,1863702984
TN21BP7767,22 Ft XL,2181420599
TG12T1831,32 Ft XXL Ft XXL,1981757587
HR65A7184,32 Ft XXL,2451253805
MH04HS1463,32 Ft XXL,1.39572E+18
HR55AK5353,32 Ft XL,4141203250
HR38Y5587,32 Ft XL,1.27493E+18
TS07UN4009,32 Ft XXL Ft XXL,3829683448
UK06CB6489,32 Ft XXL,1.3758E+18
HR55AF5941,32 Ft XXL,267942975
MH47Y6089,32 Ft XXL,1.27493E+18
UP23T1748,32 Ft XXL,1587640701
TN34AC3319,32 Ft XXL,810004109
UP23T8474,32 Ft XXL,1475335105
HR69D8136,24 Ft XL,1334434825
NL01K9443,32 Ft XXL,1.41376E+18
HR38AA3701,32 Ft XL,2770325237
TN12Y7272,32 Ft XL,596902554
NLO1AE3996,32 Ft XXL,1.27493E+18
DD01G9634,32 Ft XL,3032577129
HR55AG4783,32 Ft XL,3298444839
TN39CH0520,22 Ft XL,223488297
KA51AB2404,32 Ft XXL,1.29971E+18
TN18K2962,24 Ft XXL,2264463698
TN42AF0101,22 Ft XL,3748473302
HR38W4919,22 Ft XL,1.30654E+18
TN34AE7872,22 Ft XL,2119942219
RJ32GC2853,32 Ft XXL,1.27493E+18
MH46AR2546,32 Ft XXL,621337450
TN39CM9639,32 Ft XXL,1271043962
KA52A8347,32 Ft XXL,1272545252
KA21A4258,32 Ft XL,1930959888
NL01AC9513,32 Ft XL,1212430308
TN25BL6399,32 Ft XXL,1.35988E+18
KA51AF7669,32 Ft XL,3299064985
PB13BE5266,32 Ft XL,3897150789
UP22AT7166,32 Ft XL,3767671585
UP78BT8501,32 Ft XL,872244056
KA592989,22 Ft XL,3299064985
NL01AD5175,32 Ft XL,1.27493E+18
TS07UE8859,32 Ft XXL,1.27493E+18
HR55AF7921,32 Ft XL,267942975
TN28BC5814,32 Ft XXL,1.29634E+18
TN38CX9664,22 Ft XL,2552185099
UP21BN2166,32 Ft XL,3224124013
HR46F9146,32 Ft XL,3888426839
KA51AK8432,32 Ft XL,1851269370
HR55AE5029,22 Ft XL,1.29856E+18
KA01AF7138,32 Ft XXL,1.35511E+18
NL01AD9808,32 Ft XL,467689229
PB10HV4094,32 Ft XL,3811649588
KA51AG5059,22 Ft XL,3299064985
NL01AA1954,32 Ft XXL,834023770
CH01TB6031,22 Ft XL,1745969408
HR55AA9746,32 Ft XXL,1.34387E+18
DD01G9247,32 Ft XL,1968979984
HR55AK1553,22 Ft XL,1.27493E+18
UK17CA1415,32 Ft XXL,1.31093E+18
HR55AR2558,32 Ft XL,300477655
TN36AE6836,22 Ft XL,3776559602
TN36AF5358,22 Ft XL,3776559602
HR63E4699,32 Ft XL,1.27493E+18
RJ11GB8941,32 Ft XXL,1.27493E+18
HR55AH2109,32 Ft XL,881402851
HR38AA6415,32 Ft XL,1.3069E+18
TN24AF7358,32 Ft XXL,1.29677E+18
MH12MV6050,32 Ft XL,1.27493E+18
HR55AG9382,22 Ft XL,1.27493E+18
TN22DV3322,22 Ft XL,2126928469
MH04KU6734,32 Ft XXL,840650496
TN963828,32 Ft XXL,1.3391E+18
NL01AE9024,32 Ft XL,1.27493E+18
KA51AG4429,32 Ft XL,3299064985
HR55AK5461,32 Ft XL,1590686214
HR47E7033,32 Ft XL,2893806302
UP78FT0411,32 Ft XXL,1.27493E+18
PB11CN7082,22 Ft XL,1745969408
HR63C4634,32 Ft XL,1073877804
MH04JU7968,32 Ft XXL,1.27493E+18
TN85Q3344,32 Ft XXL,1.31421E+18
MH31FC6059,32 Ft XL,2322831403
PB13AR8750,32 Ft XXL,1.27493E+18
UK06CB7215,32 Ft XL,3916571543
GJ01JT2123,32 Ft XL,1.27493E+18
NL01AF1859,32 Ft XXL,2459640882
TS12UD9499,32 Ft XXL Ft XXL,1617854670
HR68B2074,32 Ft XL,2838899538
TS07UE7370,32 Ft XXL,1.27493E+18
TN30BH1671,22 Ft XL,1451860228
RJ02GB1058,32 Ft XXL,3553993300
RJ11GD1371,32 Ft XXL,1583587267
PB13AR8731,32 Ft XXL,1.27493E+18
HR65A2254,32 Ft XXL,3897926231
UP86T3728,32 Ft XL,4112769211
RJ14GK5467,32 Ft XXL,1.27493E+18
RJ18GC9082,32 Ft XL,2153364489
HR55AE0515,32 Ft XXL,1.34095E+18
KA01AH3312,22 Ft XL,1272545252
TS08UF8530,32 Ft XXL,2045484468
HR55X9370,32 Ft XL,3909662790
MH14GD7286,32 Ft XL,1.27493E+18
HR38AC7015,32 Ft XL,4013427852
TN25CA6332,32 Ft XXL,1675771888
HR74B4448,32 Ft XL,3592248843
UK08CA8760,32 Ft XXL,1.28849E+18
KA51AH1941,32 Ft XXL,1921332508
TN24AP4237,32 Ft XXL,1.29677E+18
HR38Z0416,32 Ft XXXL,2012073106
NL01Q4672,32 Ft XL,3909662790
KA51AG5109,22 Ft XL,3299064985
BR06GB1702,32 Ft XXL,1535420470
KA52B2793,22 Ft XL,283968129
TS11UC6214,32 Ft XL,1.27493E+18
TN88W9878,32 Ft XL,1.28559E+18
HR55AA9185,32 Ft XL,1.27493E+18
UP21BN7959,32 Ft XXL,559200338
PB13BF6309,32 Ft XL,1.27493E+18
TS11UC6262,32 Ft XL,1.27493E+18
KA51AG1230,22 Ft XL,3257762754
KA01AH9146,32 Ft XL,1.30119E+18
MH04JK1802,22 Ft XL,1.27493E+18
TN39CQ4289,32 Ft XXL,2665763349
MH04JK9649,22 Ft XL,1.29569E+18
KA11B0453,22 Ft XL,2634831524
TN59CL6319,22 Ft XL,1357088269
TN18AM9284,22 Ft XL,311454845
HR38AC2792,32 Ft XL,1431785549
HR69C3002,24 Ft XXL,615687181
TN29BF9864,22 Ft XL,2733120470
UP16CT3757,22 Ft XL,811681233
UP21DT7380,32 Ft XL Ft XL,2365674524
HR38Y8975,22 Ft XL,2584557981
RJ10GA8104,32 Ft XL,1219188435
MH47AS0145,32 Ft XL,1.27493E+18
TN31BF9894,32 Ft XXL,1.39961E+18
UP32CN2229,32 Ft XL,1.27493E+18
HR55Y0407,32 Ft XXL,1.34095E+18
HR69C9331,24 Ft XXL,615687181
TN39CA6021,32 Ft XXL,1271043962
HR55AB3851,32 Ft XL,1050607055
MH46BB9448,32 Ft XL,1.27493E+18
TG12T3999,32 Ft XXL Ft XXL,1617854670
HR38AE9428,32 Ft XL,346898820
TN34A3319,32 Ft XXL,1201248368
HR55AJ7828,22 Ft XL,818100544
PB11CF9718,32 Ft XXL,1.2979E+18
HR55X0136,32 Ft XXL,1.27493E+18
HR55AR2404,32 Ft XL,300477655
KA51AG1139,32 Ft XXL,213010307
DD01E9899,32 Ft XL,594312690
NL01AD1004,32 Ft XL,1.27493E+18
MH20DE6378,32 Ft XXL,1.27493E+18
PB13BE6976,32 Ft XL,101343703
MH40BG9094,32 Ft XXL,3894161761
BR03GB4882,32 Ft XXL,2158874376
HR74B9649,32 Ft XL,3592248843
HR38Y1947,22 Ft XL,1.27493E+18
PB07AS8929,32 Ft XXL,2459280085
HR55Y0404,32 Ft XXL,1.34095E+18
HR38AB7242,32 Ft XL,2563933293
HR55AA1119,32 Ft XL,1.27493E+18
BR03GB4880,32 Ft XXL,2158874376
HR62A2913,24 Ft XXL,1425345942
TS07UE7309,32 Ft XXL,1.27493E+18
TN37DY2684,32 Ft XXL,1271043962
HR55AK4468,22 Ft XL,1.27493E+18
HR38X2666,32 Ft XXL,2914491082
UP25DT0526,32 Ft XXL,309125986
HR55AA8001,32 Ft XL,1.27493E+18
MH43BP4998,20 Ft XL,1362167283
UP21BN9199,32 Ft XXL,1473596282
HR55W0772,32 Ft XL,1.27493E+18
HR47D3906,32 Ft XL,2463724394
TN52M3477,32 Ft XXL,1.28958E+18
TN24AQ6347,32 Ft XXL,1.29677E+18
UP75AT3026,30 Ft DXL Ft DXL,3836262919
PB13AR8217,32 Ft XXL,1.27493E+18
MH04HY4357,20 Ft XL,3314012324
HR55U5974,22 Ft XL,818100544
HR47D8225,32 Ft XL,692274550
HR55AH5959,32 Ft XXL,267942975
MH04HY9298,32 Ft XXL,1.27493E+18
NL01L9536,32 Ft XXL,1.41376E+18
TS07UF0397,32 Ft XXL,1.28373E+18
HR38AC9161,32 Ft XL,737616675
HR55AA1399,32 Ft XL,1.27493E+18
PB13AR8708,32 Ft XXL,1.27493E+18
NL01N1249,32 Ft XL,1492360372
NL01N7624,32 Ft XL,1689692328
HR55AT5607,32 Ft XL,2605562883
HR55V5822,32 Ft XL,3425071364
PB65AX4750,32 Ft XL,1492360372
RJ32GB9938,32 Ft XL,1.27493E+18
NL01AB2052,32 Ft XXL,1675607123
KA51A7703,32 Ft XXL,1.27493E+18
HR38Y3788,22 Ft XL,1.27493E+18
NL01AF1040,32 Ft XL,1.27493E+18
HR55AC0559,32 Ft XXL,1782813852
HR55X7831,32 Ft XXL,267942975
KA52A7061,32 Ft XL,1127926498
KA53AB2576,32 Ft XL,3073368300
NL01AD7100,32 Ft XL,1.27493E+18
NL01AF1064,32 Ft XL,1.27493E+18
HR55X4736,32 Ft XL,399978
TN01AY1235,32 Ft XL,1844041512
HR38Y9713,32 Ft XXL,1.27493E+18
TN24AX5654,22 Ft XL,1800445944
MH04LE9093,22 Ft XXL,2882869930
NL01AD0855,32 Ft XXL,1.27493E+18
MH04HY0622,32 Ft XXL,1.27493E+18
MH04HY9312,32 Ft XXL,1.27493E+18
HR38Z1606,32 Ft XL,3088743943
RJ32GD3791,32 Ft XL,2422144223
MH04JK2304,32 Ft XXL,1.27493E+18
RJ11GB8878,32 Ft XXL,2762495559
NL01AE1040,32 Ft XL,1.27493E+18
MH04HY9301,32 Ft XXL,1.27493E+18
HR55AH9405,32 Ft XXL,1.27493E+18
NL01AD8333,32 Ft XXL,1146569996
GJ27TT1021,32 Ft XXL,4246959960
TS08UB2207,32 Ft XXL,1.27493E+18
HR55X5309,32 Ft XL,399978
NL01AD4833,32 Ft XL,1.27493E+18
NL01AD3175,32 Ft XL,1.27493E+18
HR55AR0304,32 Ft XXL,1.27493E+18
TS08UH7277,32 Ft XXL,4120447629
TN58AU8433,32 Ft XXL,1.27493E+18
KA01AG6428,32 Ft XXL,1860472483
TN52J9661,32 Ft XXL,1.27493E+18
RJ40GA4685,32 Ft XXL,1.29422E+18
HR38AC6078,32 Ft XL,1431785549
NL01AE2510,32 Ft XL,1.27493E+18
TS08UH7399,32 Ft XXL,4120447629
TS07UK5129,32 Ft XXL Ft XXL,3829683448
HR63C0997,32 Ft XL,3897150789
NL01AF1885,32 Ft XL,4112769211
TS08UJ3046,32 Ft XL,1844971933
MH28BB2065,32 Ft XXL,3566948945
TN40D9543,32 Ft XXL,1115169021
PB13AR0390,32 Ft XXL,1.27493E+18
HR38W2419,32 Ft XL,1.27493E+18
RJ10GB1437,32 Ft XXL,1617854670
RJ23GB3280,32 Ft XL,3955957614
HR55AA2997,32 Ft XL,1.27493E+18
AP07TH6429,24 Ft XXL,3922218248
TN58AQ9733,32 Ft XXL,1.27493E+18
PB11CL5344,32 Ft XXL,3170897108
NL01Q4670,32 Ft XL,3909662790
TN58AL4392,32 Ft XXL,1.27493E+18
NL01N7627,32 Ft XL,1689692328
HR39E5938,22 Ft XL,903223409
MH04KU8818,20 Ft XL,4191919732
HR55AL9470,32 Ft XL,1.27493E+18
TN70AJ3591,22 Ft XL,1012886214
MH20EG4300,32 Ft XL,3146067147
NL01AD5089,32 Ft XL,1.27493E+18
NL01AA7288,32 Ft XL,1.27493E+18
TN28BF9488,32 Ft XXL,1.37437E+18
HR55K8116,32 Ft XL,1.27493E+18
UP78CN5481,32 Ft XL,3251962340
PB13AR8202,32 Ft XXL,1.27493E+18
DL01GC5380,32 Ft XXL,22961289
HR55AA2206,32 Ft XXL,1.27493E+18
TN52J0130,32 Ft XL,626256173
TN39CW2359,22 Ft XL,3946541699
PB03BE6667,22 Ft XL,2113528226
HR55U1525,32 Ft XXL,654892275
MH16AY3169,32 Ft XXL,1.27493E+18
RJ11GD0723,32 Ft XL,148704376
HR55AA9624,32 Ft XXL,1.30222E+18
PB13AR4735,32 Ft XXL,1.27493E+18
NL01AB5676,32 Ft XXL,1.33853E+18
TN54U5731,22 Ft XL,4057848633
TS08UJ0431,32 Ft XXL,1844971933
HR55X8842,32 Ft XXL,1.27493E+18
TN04AV5126,32 Ft XL,1.27493E+18
TS08UF8182,32 Ft XXL,1.28373E+18
NL01AD6802,32 Ft XL,1.27493E+18
PB13AW5059,32 Ft XXL,1.27493E+18
UP78DN4871,32 Ft XL,872244056
TS07UE7100,32 Ft XXL,1.27493E+18
TN02BL8131,22 Ft XL,170825256
TN28BH1839,32 Ft XXL,2909165667
UK06CB7444,32 Ft XL,1.27493E+18
HR66B7900,32 Ft XXL,2293979963
TN90A5071,32 Ft XXL,1.36374E+18
KA01AJ0030,32 Ft XL,1.28381E+18
KA02AJ0452,20 Ft XL,2599416039
NL01AD4927,32 Ft XL,674679096
MH12SF7812,32 Ft XXL,1.27493E+18
KA52B1480,32 Ft XL,3425071364
NL01AG0966,32 Ft XXL,1111699978
TS08UB4217,32 Ft XXL,1.27493E+18
RJ14GQ3509,32 Ft XL,3490423401
KA52B2587,32 Ft XL,1957196680
TN18AY9433,22 Ft XL,4141503092
PB13BC8845,32 Ft XXL,1.27493E+18
NL01AC1862,32 Ft XXL,1.27499E+18
HR38AB5867,32 Ft XL,1982572239
TN93E3558,32 Ft XL,2573035770
TN15MD4073,20 Ft XL,3028745086
RJ14GK7253,32 Ft XXL,1.30839E+18
RJ32GC3757,32 Ft XL,2569825664
HR55AK6658,32 Ft XXL,1.32428E+18
NL01AD1007,32 Ft XL,1.27493E+18
RJ09GB9453,32 Ft XXL,1.30222E+18
HR55AK1623,22 Ft XL,818100544
NLO1AD6044,32 Ft XL,1980459104
PB13AW6760,32 Ft XXL,1.27493E+18
TN12AQ5303,32 Ft XL,1980459104
NL01N1814,32 Ft XL,1925483557
KA567259,32 Ft XXL,75202623
TN46AA4000,22 Ft XL,485057411
NL01AG7326,36 Ft XXXL,533252639
RJ14GJ9856,32 Ft XXL,1.30222E+18
PB13BE2479,32 Ft XXL,1.27493E+18
HR47D9525,32 Ft XXL,4004548899
TN88H6692,32 Ft XXL,630446376
HR55AC1809,32 Ft XXL,1.34095E+18
TN12AE5482,32 Ft XL,1.28559E+18
NL01AE1233,32 Ft XXL,1.31636E+18
MH04JU0829,32 Ft XL,4208750778
NL01AB3051,32 Ft XL,1.27493E+18
TN12R7489,32 Ft XXL,1844041512
HR55AM3251,22 Ft XL,1124239491
HR38U5278,32 Ft XL,3234021392
KA52B2708,32 Ft XL,1957196680
TN02BS5083,17 Ft XL,2577316072
RJ39GA1695,24 Ft XXL,2557011631
HR55AG4021,32 Ft XL,586056444
TN70B7155,22 Ft XL,4181542896
TN19AL0235,32 Ft XL,4094944893
TN58AM0628,22 Ft XL,1.27493E+18
TN14T5055,32 Ft XXL,1.3135E+18
MH47Y5793,32 Ft XXL,1.27493E+18
HR55K1731,32 Ft XXL,1.37788E+18
NL01AF1626,32 Ft XL,1590686214
UP21CT0016,32 Ft XL,1.27493E+18
NL01N1467,32 Ft XXL,1.33853E+18
HR55AK3527,22 Ft XL,818100544
NL01AG2914,32 Ft XL,3731347356
PB13AR8706,32 Ft XXL,1.27493E+18
NL01AD6046,32 Ft XL,1980459104
HR47C3257,32 Ft XXL,2198632009
HR55AG0260,32 Ft XXL,1.32428E+18
TN66R3862,22 Ft XL,3970541655
UK06CB4343,32 Ft XXL,309125986
TS07UG6875,32 Ft XXL Ft XXL,3829683448
HR55W0477,32 Ft XXL,1550891599
TS07UN4011,32 Ft XXL Ft XXL,3829683448
MH04HY3105,32 Ft XL,2480493238
KA51AD5850,32 Ft XXL,1.27493E+18
NL01N1215,32 Ft XXL,1355641096
KA52B0975,32 Ft XL,1957196680
PB13AW6656,32 Ft XXL,1.27493E+18
UP75AT1887,32 Ft XL,2360365881
HR39D7171,32 Ft XXL,1364034020
PB13AW6662,32 Ft XXL,1.27493E+18
TN39CE7580,32 Ft XXL,3300111432
TN34L9679,32 Ft XXL,1.30146E+18
KA52B2712,32 Ft XL,1957196680
NL01A2421,32 Ft XXL,1.27493E+18
PB13AR4734,32 Ft XXL,1.27493E+18
RJ14GN1621,32 Ft XL,805447376
TN12J0600,32 Ft XXL,1.36556E+18
TN87A1189,32 Ft XXL,1378265085
NL01AE8321,32 Ft XXL,1.33853E+18
TN90D5342,32 Ft XXL,1.28274E+18
TN52H7092,32 Ft XXL,1.3083E+18
HR55S4845,22 Ft DXL,2479052158
RJO7GC8102,32 Ft XXXL,59712174
TN19AA8974,20 Ft XL,3085338383
NL01AF2869,32 Ft XL,17667683
PB13BB2199,32 Ft XL,2498711935
KL11BY5469,22 Ft XXL,3818799175
HR38X2157,34 Ft XL,2335357181
UP21CN7541,32 Ft XXL,1115169021
TS07UE8700,32 Ft XXL,1.27493E+18
MH04JU3107,32 Ft XXL,3154102809
HR46E9093,32 Ft XXL,3703984338
NL01AD9507,32 Ft XL,1212430308
KA52B0895,32 Ft XL,1957196680
TN12AJ3631,22 Ft XL,1.41632E+18
TN05CJ3327,32 Ft XL,23845928
UP24T8007,22 Ft XL,2226062545
RJ11GB7618,32 Ft XL,2733533833
PB13BE5268,32 Ft XL,3897150789
HR55AK4102,22 Ft XL,2716056236
HR38W4731,32 Ft XL,183624329
DL1M6914,22 Ft XL,1.27493E+18
UP13BT1421,32 Ft XXL Ft XXL,2115237033
UP78GN4727,32 Ft XXL,3053775769
HR55U4464,32 Ft XXL,2921031696
RJ14GH3636,32 Ft XL,1.34607E+18
HR38W5476,32 Ft XL,1317484428
MH15HH8006,32 Ft XL,34139860
KA01AB2581,32 Ft XXL,1278614766
HR55AF6140,32 Ft XL,1.36489E+18
TSO8UH1896,32 Ft XL,2577326051
TN52J0147,32 Ft XXL,626256173
HR47D3247,32 Ft XL,766797370
TN58BE3685,22 Ft XL,1338342212
NL01AE7993,32 Ft XXL,1.37502E+18
TN34AE7452,22 Ft XL,2324735096
UP16HT9519,20 Ft XL,2226737947
MH12LT3735,32 Ft XXL,1.33848E+18
KA02AE5800,32 Ft XXL,1.29971E+18
TN20CK8660,22 Ft XL,1019367210
TN38CT2966,22 Ft XL,3970541655
TN34AB4371,32 Ft XXL,4152150427
RJ32GC2563,32 Ft XXL,1960149178
HR55AK3002,32 Ft XXL,1.32428E+18
KA51AA6267,22 Ft XL,1974080254
TN06U3508,32 Ft XXL,1019367210
KA02AE1593,22 Ft XL,3970541655
TN28BH0573,32 Ft XXL,1341137421
KA01AK3036,32 Ft XL,362513962
KA01AM1190,32 Ft XXL,1.30614E+18
UP78CT2681,32 Ft XL,3251962340
TSO8UJ1498,32 Ft XXL,1844971933
MH11DD9646,20 Ft XL,1839097813
MP04HE5433,32 Ft XXL,1.34387E+18
PB13AR4737,32 Ft XXL,1.27493E+18
HR38X6083,32 Ft XL,3295829958
RJ10GB5075,32 Ft XXL,1795786993
NL01AE8724,32 Ft XXL,925947480
TS07UG4091,32 Ft XXL Ft XXL,1704051195
KA51D6374,32 Ft XXL,1980459104
RJ11GC0042,32 Ft XXL,1.27493E+18
NL01AG7328,36 Ft XXXL,533252639
RJ11GB8942,32 Ft XXL,1.27493E+18
MH14JL2344,32 Ft XL,1.27493E+18
RJ10GA9369,32 Ft XL,1.2812E+18
HR38Y2235,22 Ft XL,1.30654E+18
TN34L9079,32 Ft XXL,1.30146E+18
RJ14GG2022,32 Ft XXL Ft XXL,3634303802
MH46CL2704,32 Ft XXL,855402536
HR55AF2225,32 Ft XXL,1.36489E+18
TN49CD9333,22 Ft XL,63929680
KA51AF8535,22 Ft XL,3788274550
UK06CB6858,32 Ft XL,1971534295
KA38A0068,32 Ft XXL,1.27493E+18
NL01AE8511,32 Ft XXL,1.33853E+18
PB13BN5419,22 Ft XL,1059820847
TN52K4348,32 Ft XXL,1.30146E+18
HR38W1591,32 Ft XXL,1297437708
KA52A3872,32 Ft XXL,1957196680
TN49BD9770,22 Ft XL,867408383
KA01AH3310,22 Ft XL,1272545252
MP04GB1009,32 Ft XL,1.34387E+18
AP39TD0025,22 Ft XL,1149496231
MH04JK4919,32 Ft XXL,3389255371
TN12AE3568,22 Ft XL,2474487096
AP03TE7134,22 Ft XL,2792505996
TN54U2425,22 Ft XL,3684270484
TN39CY9396,22 Ft XL,1323621954
RJ11GC4679,32 Ft XXL,455366317
TN24AW9405,22 Ft XL,3619189711
TN54U2424,22 Ft XL,3684270484
HR37E0626,32 Ft XXL,61312229
NL01AD9048,32 Ft XL,611100283
TG12T2599,32 Ft XXL Ft XXL,1617854670
NL01G9767,32 Ft XXL,1.33853E+18
RJ18GB0081,32 Ft XXL,187491857
MH04KU5352,32 Ft XXL,1.37247E+18
TN12Z7277,22 Ft XL,1149496231
KA01AL4863,32 Ft XXL,1.35482E+18
HR47D1540,32 Ft XL,1987930042
PB13R4736,32 Ft XXL,1.27493E+18
NL01AD0121,32 Ft XL,586056444
HR55AE3514,32 Ft XXL,1168052891
TN05BU0609,22 Ft XL,2891648803
TS08UF8453,32 Ft XXL,1844971933
TN22AL8879,22 Ft XL,2008205270
KA01AJ4345,22 Ft XL,362513962
DL1GE0871,22 Ft XXL,2072733907
TN47AH3745,22 Ft XL,2474487096
TN88E8280,32 Ft XL,3420829103
HR55AA4368,32 Ft XXL,1.29095E+18
HR55AG6621,32 Ft XL,1.37257E+18
HR38AC0542,32 Ft XL,1.41521E+18
TN42AX3535,22 Ft XL,998932206
HR47D6774,32 Ft XXL,3234395569
NL01AD2847,32 Ft XXL,1.35684E+18
TN39DY3933,32 Ft XXL,811342747
TN52F8781,32 Ft XXL,1.37286E+18
GJ01DV4927,32 Ft XL,1.27493E+18
TN16E0191,32 Ft XXL,2086562521
HR55AF9351,32 Ft XL,1.36489E+18
TN12Q7527,22 Ft XL,1.34348E+18
TN25BM0345,22 Ft XL,177837864
TS07UE7306,32 Ft XXL,1.27493E+18
KA52B2419,22 Ft XL,2015174976
TN75S0907,32 Ft XXL,1325843980
DN09S9423,32 Ft XL Ft XL,3121989323
KA52B1409,22 Ft XL,2015174976
RJ11GB8336,32 Ft XXL,3761656160
TN54U3738,22 Ft XL,3684270484
HR47D6872,32 Ft XXL,1.27493E+18
TN12AQ4348,32 Ft XXL,395208720
MH04JU0807,20 Ft XL Ft XL,1769094122
KA02AH6565,22 Ft XL,299322067
MH43BP4778,32 Ft XXL,1.37249E+18
PB11CJ2278,32 Ft XXL,2322689137
NL01L6899,24 Ft XXL,1.34396E+18
TN93C4657,32 Ft XL,1984521157
NL01N6734,32 Ft XXL,1.41376E+18
NL01K9458,32 Ft XXL,1.41376E+18
PB04S9075,32 Ft XL,2006983681
RJ14GK1245,32 Ft XXL,1.30222E+18
MH04LE2801,32 Ft XXL,1.37247E+18
TS09UD8669,32 Ft XXL Ft XXL,755757593
NL01AF1058,32 Ft XL,1.27493E+18
TN58AQ9646,32 Ft XXL,1.27493E+18
WB11E8528,32 Ft XXL,1989300282
TN54U2577,22 Ft XL,3684270484
WB11F0428,32 Ft XXL,1989300282
TN19AP6924,32 Ft XXL,1.3135E+18
TS07UN4744,32 Ft XXL Ft XXL,1704051195
NL01N3435,32 Ft XL,1.34396E+18
TN28BC6426,32 Ft XXL,1697585250
WB11E3128,32 Ft XXL,1989300282
KA01AA1503,32 Ft XXL,1.32575E+18
NL01G1397,32 Ft XXL,1.33853E+18
MH20DE7349,32 Ft XXL,1.35108E+18
TN52H6126,32 Ft XXL,2156055286
PB13BM9832,32 Ft XXL,1.41783E+18
TN879101,32 Ft XXL,1.31421E+18
TN12AQ3585,32 Ft XXL,395208720
TN52K4341,32 Ft XXL,3023875542
HR66A8328,32 Ft XXL,1544018322
KA51AD7030,22 Ft XL,3257762754
NL01Q2230,32 Ft XXXL,1.34396E+18
HR67B9606,32 Ft XXXL,1928877693
HR66B2441,32 Ft XXL,1.27493E+18
NL01AA8924,32 Ft XXL,2903670965
NL01N3445,32 Ft XL,1.34396E+18
TS08UJ1292,32 Ft XXL,1844971933
NL01AD3272,32 Ft XL,1.27493E+18
WB23D4343,32 Ft XXL,1.36388E+18
NL01AC5714,32 Ft XL,1.35908E+18
MH43BG3077,32 Ft XXL,954676025
TN88E7041,32 Ft XL,359899478
UP25DT3885,32 Ft XXL,1633215481
TN52AC4288,32 Ft XXL,1.37286E+18
TN52J7731,32 Ft XXL,1.29133E+18
GJ12BT2273,32 Ft XXXL,361831879
MH12QG9300,19 Ft DXL,312022755
HR69D8555,22 Ft XL,3726974546
GJ02AT1437,32 Ft XL,785393395
RJ14GN3520,32 Ft XL,2005079660
GJ12BY6757,32 Ft XXXL,361831879
GJ01FT7607,32 Ft XL,2870844706
TN88K4896,32 Ft XXXL,786508389
UK06CA9251,32 Ft XXL,662587269
NL01N1196,32 Ft XXL,1115169021
TN88U8807,32 Ft XXL,2798879739
WB11F5357,22 Ft XL,2296239721
HR61D3995,32 Ft XL,889852707
HR55AL6949,32 Ft XL,1.36451E+18
TN12Q7468,22 Ft XL,1.34348E+18
NL01AC6831,32 Ft XXL,1.33853E+18
HR61E2359,32 Ft XL,2815071987
TN12AM0995,22 Ft XL,1800445944
UP32HN4649,32 Ft XL,3851277118
GJ27TD5726,32 Ft XL,1481288314
RJ11GB9474,32 Ft XXL,1.27493E+18
GJ03BZ4982,32 Ft XL Ft XL,1049047462
NL01AD9601,32 Ft XL,250929381
RJ14GN4112,32 Ft XXL,3300087504
NL01L8326,32 Ft XXL,4112769211
NL01AG0467,34 Ft XXXL,2059618537
TN18AY9344,22 Ft XL,4141503092
HR55AJ5314,32 Ft XL,3992969109
HR55W7039,32 Ft XL,1.27493E+18
MH04JK3005,32 Ft XXL,2802680250
MH53BP5297,32 Ft XXL,1.37249E+18
PB11CJ0196,32 Ft XXL,2322689137
GJ12BX3661,36 Ft XXXL,3106825274
NL01AE1128,32 Ft XL,881402851
HR55AK8667,32 Ft XL,818100544
UP21CN1642,32 Ft XXL,1115169021
HR38AA8308,32 Ft XL,4282519870
NL01AE4097,32 Ft XXL,2077112284
TN49BD9667,22 Ft XL,867408383
HR46F2635,32 Ft XXL,1573419948
HR47D9361,32 Ft XXL,1592936837
UP16ET0978,22 Ft XL,2601101007
HR38AA7772,32 Ft XL,1.3069E+18
TN33AF7599,32 Ft XL Ft XL,765680457
HR55AA2428,32 Ft XXL,1.34387E+18
TN88H0864,32 Ft XL,1034250895
TN39DX1396,22 Ft XL,3974519198
RJ11GB8000,32 Ft XXL,984232224
NL01AD9657,32 Ft XL,1763251974
NL01N2140,32 Ft XXXL,1.35828E+18
TN52AA2199,32 Ft XXL,1.27493E+18
NL01K1467,32 Ft XXL,1.33853E+18
MH12PQ9694,32 Ft XXL,2794462599
DL1GC5465,32 Ft XXL,3853478716
TN33AQ6199,32 Ft XL Ft XL,765680457
PB13BC5067,32 Ft XXL,1.36953E+18
TS07UE7371,32 Ft XXL,1.27493E+18
WB05A1811,32 Ft XL,1080031028
DL1GC6716,32 Ft XXL,1.30222E+18
MH47AS1813,32 Ft XXL,1.27493E+18
NL01AG3138,32 Ft XXL,3017105533
NL01AA1746,32 Ft XXL,1.27499E+18
MH04KF7350,20 Ft XL,859974101
NL01AB0329,32 Ft XL,4112769211
TN39CV6848,32 Ft XXXL,1.35756E+18
NL01AB0423,32 Ft XXL,1.27493E+18
WB11F2894,20 Ft XL,3021312461
KA01AM0864,32 Ft XL,1.30614E+18
NL01Q3679,32 Ft XL,548066073
NLO1AC6911,32 Ft XL,1.30908E+18
KA51AG5454,20 Ft XL Ft XL,3706864874
MH46CU1496,20 Ft XL,2215068666
NL01AB0532,32 Ft XL,1.27493E+18
TH88H5871,32 Ft XXL,1034250895
NL01G6028,32 Ft XXL,637047740
MH04GC6293,32 Ft XL,1.37249E+18
KA51AF5433,22 Ft XL,558145459
NL01AH9202,32 Ft XL Ft XL,95126411
MH04HD5834,32 Ft XL,1.37249E+18
KA01AE5238,32 Ft XXL,1.28381E+18
RJ18GC0506,32 Ft XL,2241087033
MH46AR7107,32 Ft XL,667083889
NL01AE1955,32 Ft XL,1.27493E+18
GJ01HT4964,32 Ft XL,1.27493E+18
TN77D9990,32 Ft XXL,316310350
KA52A5376,24 Ft XL,1962303682
HR55AL3212,32 Ft XL,1.27493E+18
HR69C5993,32 Ft XXXL,3092069304
TN54T5648,20 Ft XL,1.29308E+18
TN70AA8041,32 Ft XXL,1.28836E+18
TN52Q8146,22 Ft XL,171792234
RJ14GN1261,32 Ft XXL,3310646587
RJ14GK7953,32 Ft XXL,1.30839E+18
HR39E4093,32 Ft XXXL,482100769
HR57D2969,32 Ft XXL,1.3715E+18
HR55S0884,32 Ft XXL,1.27493E+18
HR55Y0551,32 Ft XL,481817470
RJ10GB2853,32 Ft XXL,1.2812E+18
PB13BK6336,32 Ft XXL,1753868757
HR55AE1074,32 Ft XXL,3648094054
KA593572,32 Ft XXL,1.35511E+18
DL1MA2163,22 Ft XL,2854963983
TN5K1089,32 Ft XXL,1.29705E+18
MH14HU5699,32 Ft XL,589546240
WB73G6911,32 Ft XXL Ft XXL,3665275273
NL01AF6921,32 Ft XXL,2459640882
HR55V0489,32 Ft XL,3693967299
TN39DY5406,22 Ft XL,3946541699
HR55S3390,32 Ft XL,4244867269
HR47D5757,32 Ft XL,10651475
RJ14GN2344,32 Ft XL,2005079660
BR06GD8680,32 Ft XL,1675607123
HR55S3389,32 Ft XL,4172966421
MP13GA9684,32 Ft XL Ft XL,2134111188
HR55AQ4027,32 Ft XL Ft XL,3876145212
HR55AR7968,32 Ft XL,3378674383
GJ03BW8283,32 Ft XL,2651560669
OD01N2799,32 Ft XXL,1.35684E+18
TN24AW9433,22 Ft XL,3619189711
RJ47GA3641,40 Ft DXL,4255940877
HR55AK6945,32 Ft XXL,1.32428E+18
NL01AD5123,32 Ft XL,1.27493E+18
MH40BG2555,32 Ft XL,3072985677
NL01AD5171,32 Ft XL,1.27493E+18
KA51AG1530,32 Ft XL,3427338192
HR46E8957,32 Ft XXL,2801201800
RJ10GB8829,32 Ft XL,2565296383
TN05BT3818,22 Ft XL,2891648803
NL01N3437,32 Ft XL,1.34396E+18
RJ14GN5363,32 Ft XXL,1147749398
TS12UE4999,32 Ft XXL,1617854670
HR61C2982,32 Ft XXL,1507067976
TN37CX5931,32 Ft XXL,1.2761E+18
HR55AC1829,32 Ft XXL,1.34095E+18
PB11AW9175,32 Ft XXL,1.30221E+18
RJ09GD9100,32 Ft XXL,2522022651
RJ11GB9010,32 Ft XXL,3442374659
MH04KU1559,32 Ft XL,1675607123
RJ32GD0808,32 Ft XL,265122025
UP16HT3710,32 Ft XL,811681233
MP09GH3951,32 Ft XL,667083889
PB13AW6661,32 Ft XXL,1.27493E+18
TN04AF8465,32 Ft XXL,1.27493E+18
NL01AB0441,32 Ft XXL,1.31389E+18
MH14GD1581,32 Ft XL,1.27493E+18
NL01AG9418,30 Ft DXL,4255940877
MH04GR4917,22 Ft XL,1.29569E+18
TN12Y7330,32 Ft XXL,1.3048E+18
MH04JU4259,32 Ft XL,129424594
HR55AE4647,32 Ft XL,1.36953E+18
HR55AC0408,32 Ft XXL,1.33556E+18
NL01Q0103,32 Ft XL,1.27493E+18
TN52M2077,32 Ft XXL,1.28958E+18
MH14HG7235,22 Ft XL,1.27493E+18
TN39BV6797,32 Ft XXL,1.29901E+18
KA51AF3630,32 Ft XXL,1.29201E+18
HR38U8494,32 Ft XL,1498431023
MH13AX4802,20 Ft XL Ft XL,1172446628
KA01D8458,32 Ft XXL,2086562521
TN88H7212,32 Ft XXL,1.31636E+18
TN88H5739,32 Ft XL,1.287E+18
PB11CB3444,32 Ft XXL,3170897108
MH43BP3413,32 Ft XXL,1.37249E+18
HR47C0630,32 Ft XXL,3693967299
RJ14GK3367,32 Ft XL,801926881
HR61D5023,32 Ft XL,1.27493E+18
PB13BF2057,32 Ft XL,1.27493E+18
TN30BD1243,32 Ft XXL,1.36556E+18
CH01TB2887,32 Ft XL,2838899538
TN04BA2199,32 Ft XL,3721190428
HR55AA5405,32 Ft XXL,1.27493E+18
KA03AA6828,22 Ft XL,4181542896
MH46BM9001,32 Ft XL,1780427789
HR55AE1072,32 Ft XXL,3648094054
KA51AF9864,32 Ft XXL,1861644730
MH05AM8244,32 Ft XL Ft XL,2805231380
NL01AD5130,32 Ft XL,1.27493E+18
HR55AN1310,32 Ft XL,3117739931
TN39CL0798,32 Ft XXL,1271043962
TN88E0227,32 Ft XXL,1964073645
NL01AE2541,32 Ft XL,1.27493E+18
TN52F8942,32 Ft XXL,1.37286E+18
HR38X5829,32 Ft XXL,629263962
KA51AG9995,32 Ft XXL,4104747498
MH14HG1450,32 Ft XXL,1655424155
GJ15AT3352,32 Ft XL,2127721005
PB13AR8209,32 Ft XXL,1.27493E+18
PB13BC8840,32 Ft XXL,1.27493E+18
TN34AB7324,32 Ft XL,3536538517
HR38W7556,32 Ft XL,2897610068
TN13L3423,22 Ft XL,1222410528
KA51AJ0504,32 Ft XL,303485815
MP09ZY6877,32 Ft XXL Ft XXL,38899090
TN88AZ9221,32 Ft XXL,3218136328
HR55X1629,32 Ft XXL,1.27493E+18
HR55AB1448,32 Ft XL,686173045
HR38R7424,32 Ft XXL,1152643775
MP41ZF9621,32 Ft XL,274759906
HR63C0264,32 Ft XXL,1.27493E+18
TN04AR3189,32 Ft XL,1.27493E+18
HR55AF4577,32 Ft XXL,3648094054
RJ14GH1027,32 Ft XL,1.27493E+18
KA01AM7291,32 Ft XXL,2711565514
RJ40GA3450,32 Ft XL,686173045
RJ14GP2239,32 Ft XL,2553882112
DD01A9995,32 Ft XL,399978
HR68B7885,32 Ft XXL,2838899538
MH40CD5636,32 Ft XXL,3600476270
MH12QG2194,32 Ft XXL,1.27493E+18
RJ14GL0416,32 Ft XXL,1.27493E+18
NL01AH9405,32 Ft XXL Ft XXL,3194110022
HR55W9203,32 Ft XXL,568003913
TN88V2514,32 Ft XL,1.28559E+18
TN88L0735,32 Ft XL,4116518126
NL01AD3474,32 Ft XXL,1.27493E+18
GJ02AT1043,32 Ft XL,785393395
TN12AE7048,32 Ft XL,1.31927E+18
TS07UG9708,32 Ft XXL,1.27493E+18
HR73A5777,34 Ft XL,2399253328
KA01AM3839,32 Ft XL,377314157
RJ14GT4728,32 Ft XL,519714600
MH14GD7289,32 Ft XL,1.27493E+18
RJ32GC9069,32 Ft XXL,671494097
MH12SF4412,32 Ft XXL,1.32647E+18
HR55AM3921,20 Ft XL,3000356243
MH04FJ7102,32 Ft XXL,1.27493E+18
WB23G0847,32 Ft XXXL,3712512555
HR38AE3450,34 Ft XL,1599883026
MH46BM2740,32 Ft XL,1.27493E+18
HR61D8933,32 Ft XXL,1.32505E+18
TN87A0436,32 Ft XL,1.3247E+18
NL01AE3996,32 Ft XXL,1.27493E+18
MH46BP8851,20 Ft XL,3726974546
NL01N6732,32 Ft XXL,1.41376E+18
KA02AG8378,22 Ft XL,3970541655
NL01N3447,32 Ft XL,2903670965
HE55AL5093,22 Ft XL,818100544
HR55AA5932,32 Ft XL,481817470
GJ06BT3211,32 Ft XL,104156937
KA01AN2318,32 Ft XXL,2711565514
KA51A3473,32 Ft XL,1.27493E+18
TN11P3541,32 Ft XXL,1.27949E+18
NL01AD5132,32 Ft XL,1.27493E+18
NL01AB0226,32 Ft XL,4112769211
TN01AY1260,32 Ft XL,1844041512
NL01AE1962,32 Ft XL,1.27493E+18
NL01AD5139,32 Ft XL,1.27493E+18
NL01AD5158,32 Ft XL,1.27493E+18
GJ01HT4612,32 Ft XL,1.27493E+18
TN56K7356,22 Ft XL,849195164
MH12SF2131,32 Ft XL,1280581805
KA53AA1176,20 Ft XL,800984984
TS08UF8457,32 Ft XXL,1844971933
HR38AB3083,32 Ft XL,183624329
RJ14GJ7764,32 Ft XXL,1.30222E+18
PB13AR6954,32 Ft XXL,1.27493E+18
NL01AD6804,32 Ft XL,1.27493E+18
RJ11GB2893,32 Ft XXL,1463879186
TN39DB7477,32 Ft XXL,4026518373
HR55AD5384,32 Ft XXL Ft XXL,1617854670
NL01AA0329,32 Ft XXL,2715223503
NL01AD5134,32 Ft XL,1.27493E+18
HR55AC9620,32 Ft XXL,1.30361E+18
HR69E5287,40 Ft DXL,726656351
NL01AE0389,32 Ft XL,1.27493E+18
UP84T4619,32 Ft XL,894587152
HR74B6121,32 Ft XL,1.27493E+18
PB13BH6286,32 Ft XL,1.27493E+18
HR38AB3989,32 Ft XXL,1.41521E+18
TG06T2223,32 Ft XL Ft XL,335037144
TN39BL4959,20 Ft XL,2715396251
NL01AG9054,32 Ft XXXL,2638422073
MH46BB6905,32 Ft XL,1.27493E+18
TN37CV0396,32 Ft XXL,1.39961E+18
KA51AF9532,32 Ft XL,727275022
RJ14GN1061,32 Ft XL,2005079660
TN31BE7176,32 Ft XXL,1.39961E+18
HR55AF0864,32 Ft XL,1.36489E+18
MH46AR0801,32 Ft XL,2480493238
HR55AF8398,32 Ft XXL,267942975
TN56K0659,32 Ft XL,1997516221
UP82T5921,32 Ft XL,2675681138
NL01AD6809,32 Ft XL,1.27493E+18
HR61D3793,32 Ft XL,706916410
HR38AD0711,22 Ft XL Ft XL,4283091504
MH04KF2054,32 Ft XXL,1.27493E+18
RJ32GD4815,32 Ft XL,265122025
TN28BH5758,32 Ft XXL,1.41263E+18
TS15UC9495,32 Ft XXL,1.30406E+18
RJ14GQ1859,32 Ft XL,1645396204
HR55Y4618,32 Ft XXL,1.27493E+18
TN23CY9399,32 Ft XL,1.41741E+18
HR61C2390,32 Ft XL,1.27493E+18
RJ14GN2624,32 Ft XL,2005079660
NL01AE5304,32 Ft XXL,1.33853E+18
HR46E7606,32 Ft XL,1.27493E+18
KA53C8259,32 Ft XL,1243537597
MH46BU6844,32 Ft XXL Ft XXL,1763908382
HR55AD4238,32 Ft XXL,1.33736E+18
HR55AC2723,32 Ft XXL,1.30361E+18
MH12KP8116,32 Ft XXL,1.27493E+18
HR56V0684,32 Ft XXL,1.27493E+18
KA51AG7245,22 Ft XL,1861644730
NL01N3436,32 Ft XL,1.34396E+18
HR55Y5979,32 Ft XXL,1.33556E+18
RJ14GK1498,32 Ft XXL,1.27493E+18
NL01AB9053,32 Ft XL,1.27493E+18
NL01AB5407,32 Ft XL,1.27493E+18
RJ32GC9994,32 Ft XL,265122025
HR55P2491,32 Ft XL,1.36451E+18
NL01N6364,32 Ft XXL,1.27493E+18
TN39CQ4407,32 Ft XXL,1271043962
MH47Y9952,32 Ft XXL,1.27493E+18
KA51AF5076,32 Ft XL,3427338192
UP21BN7545,32 Ft XXL,1115169021
TS07UE7806,32 Ft XXL,1.27493E+18
NL01AE7676,30 Ft DXL,3364769651
KA01AK6267,32 Ft XXL,1.27493E+18
TN52AA2277,32 Ft XXL,1.28958E+18
DL1MA6599,22 Ft XL,3722569308
HR55AA0841,32 Ft XXL,1.34387E+18
RJ27GC0020,32 Ft XL,1.27493E+18
NL01AC9621,32 Ft XL,1.37257E+18
NL01G1047,32 Ft XXL,1.33853E+18
HP38F2749,32 Ft XXL,1.37788E+18
TN28BF0628,32 Ft XXL,1.30146E+18
TS11UC7763,32 Ft XL,1.27493E+18
KA51A2031,32 Ft XXL,1.28406E+18
RJ49GA1304,32 Ft XL,1.36814E+18
HR55AF3285,32 Ft XL,1.36489E+18
KA01AL1990,32 Ft XXL,1.35482E+18
MH47AS1810,32 Ft XXL,1.27493E+18
MH12RN9299,32 Ft XXL,1.27493E+18
RJ10GA8658,32 Ft XL,1.2812E+18
TN18AS3564,17 Ft XL,1.32961E+18
AP25X8107,22 Ft XL,1.35989E+18
PB13AW5074,32 Ft XXL,1.27493E+18
TS11UC6261,32 Ft XL,1.27493E+18
NL01N3409,32 Ft XL,1.34396E+18
TN33AJ1099,32 Ft XL,765680457
PB13AW7413,32 Ft XXL,1.32906E+18
HR55AG0696,32 Ft XXL,1.32428E+18
TN88C8140,32 Ft XXL,1.29608E+18
MP07HB3820,32 Ft XXL,1.28265E+18
HR63D8045,32 Ft XXL,1.27493E+18
HR63D5045,32 Ft XXL,1.27493E+18
HR38AB8823,32 Ft XL,1.3069E+18
KA21A6223,32 Ft XXL,1890544985
TN52L0755,32 Ft XXL,1.287E+18
DN09V9870,32 Ft XXL,1.33406E+18
MH47Y8072,32 Ft XXL,1.27493E+18
MP04HE5430,32 Ft XXL,1.34387E+18
NL01K1527,32 Ft XXL,1.33853E+18
MH47Y8416,32 Ft XXL,1.27493E+18
MH04GF8911,32 Ft XXL,1.29637E+18
TN52AD2215,32 Ft XXL,2087687405
MH12QG2394,32 Ft XXL,1.27493E+18
MH12MV2133,32 Ft XXL,1.27493E+18
DN09U9476,32 Ft XL,1527684631
WB05A2310,32 Ft XL,1080031028
HR55AJ3858,32 Ft XXL,1.33744E+18
NL01N3621,32 Ft XXL,1.27493E+18
HR63D7872,32 Ft XL,1964337938
BR06GE5554,32 Ft XL,1675607123
MH47AS1748,32 Ft XXL,1.27493E+18
TN56K2689,32 Ft XXL,1.27493E+18
HR69C3263,32 Ft XXL,2604737766
HR55W8451,32 Ft XXL,1.27493E+18
MH47Y5789,32 Ft XXL,1.27493E+18
TS08UH0397,32 Ft XXL,1.28373E+18
RJ14GK7674,32 Ft XXL,1.30222E+18
PB13BC8189,32 Ft XXL,1.27493E+18
HR47C8420,32 Ft XXL,1.31411E+18
KA51AB2407,32 Ft XXL,1.29971E+18
RJ52GA6410,32 Ft XXL,1.30222E+18
MH47AS0856,32 Ft XL,1.27493E+18
RJ14GJ7414,32 Ft XXL,1.30222E+18
UK08CB0030,32 Ft XXL,1.28186E+18
MH04JK3567,32 Ft XXL,1.31314E+18
KA51AB2408,32 Ft XXL,2040112414
HR38AA6507,32 Ft XXL,1.27493E+18
NL01AE0071,32 Ft XXL,1.27493E+18
WB11F1558,32 Ft XXL,2062614801
TN02AX1147,32 Ft XL,1.30663E+18
TN39CY0568,32 Ft XL,2749040295
HR39E4879,32 Ft XXL,2713899092
KA52B0078,22 Ft XL,283968129
TN88V2517,32 Ft XL,1.28559E+18
MH14GD1511,32 Ft XL,1.27493E+18
RJ14GG4696,32 Ft XL,1.30652E+18
PB13AR8709,32 Ft XXL,1.27493E+18
KA01AJ0020,20 Ft XL,1.28381E+18
MH20DE7347,32 Ft XXL,1.35108E+18
NL01K6464,32 Ft XXL,1.27493E+18
RJ52GA6451,32 Ft XXL,1.30222E+18
TS11UC6216,32 Ft XXL,1.27493E+18
TN52R4577,32 Ft XXL,1.28958E+18
MH12LT5801,32 Ft XL,1.27493E+18
MH12SF6471,32 Ft XXL,1.27493E+18
RJ52GA6527,32 Ft XXL,1.30222E+18
RJ14GN8056,32 Ft XXXL,2492278967
DL1GC6182,32 Ft XXL,1.27493E+18
NL01N2121,32 Ft XXL,1.27493E+18
TS11UC6212,32 Ft XL,1.27493E+18
MH43CE3777,20 Ft XL,3135824784
KA01AE5236,32 Ft XXL,1.28381E+18
NL01N7590,32 Ft XXL,1.27493E+18
TN04AF8830,32 Ft XXL,1.27493E+18
TN54M9191,32 Ft XXL,2438121918
PB13AR8183,32 Ft XXL,1.27493E+18
HR63C0116,32 Ft XXL,928189453
NL01Q5758,32 Ft XXL,1.30221E+18
RJ14GP9767,32 Ft XL,3700916461
RJ14GH1858,32 Ft XXL,1.27493E+18
TN39CZ4998,32 Ft XL,1.27493E+18
TN18AP4735,32 Ft XXL,1.29567E+18
NL01AB6744,32 Ft XL,1.27493E+18
KA52A7930,32 Ft XL,2552905578
DN09V9839,32 Ft XXL,1.33406E+18
HR55AF4915,32 Ft XXL,1.29706E+18
NL01AE4099,32 Ft XL,1.27493E+18
RJ14GN8388,32 Ft XL,3261373768
HR38X9908,32 Ft XXL,1.27493E+18
MH46AR3279,32 Ft XXL,1.31345E+18
HR47C7920,32 Ft XXL,1.27493E+18
HR38V6411,32 Ft XL,1.27493E+18
HR45B7428,24 Ft XXL,601548455
TN52K1657,32 Ft XXL,2156055286
MH04JK3515,20 Ft XL,2816474766
MH14CD0839,17 Ft XL,1.30361E+18
RJ40GA3516,32 Ft XL,3076107935
HR55AA4703,32 Ft XXL,1256249001
TN24AL1431,32 Ft XXL,1.29384E+18
NL01AD0566,32 Ft XL,1.30221E+18
TN37CM1932,32 Ft XXL,1.27493E+18
TN52M0495,32 Ft XXL,1.30146E+18
HR38W1615,32 Ft XL,1.27493E+18
TS08UB2187,32 Ft XXL Ft XXL,11308628
MH47AS4052,20 Ft XL,1403711368
MH20EG8325,32 Ft XL Ft XL,1614439713
NL01AB5409,32 Ft XL,1.27493E+18
MH04JU4337,32 Ft XL,1.27493E+18
RJ02GB0088,32 Ft XXL,1.27493E+18
UP25CT9899,30 Ft DXL Ft DXL,3836262919
NL01AE8774,32 Ft XL,2594083566
HR69B2858,32 Ft XL,2637171806
NL01AE3997,32 Ft XXL,1.27493E+18
KA51AF3631,32 Ft XXL,1.29201E+18
KA01AJ6252,32 Ft XL,1.30146E+18
HR55AG9724,32 Ft XL,1.36451E+18
TN12AP2305,22 Ft XL,2939676472
NL01AE1914,32 Ft XL,1.27493E+18
TN56K2693,32 Ft XXL,1.27493E+18
TS08UF8147,32 Ft XXL,1.28373E+18
MH20DE0192,32 Ft XXL,1.27493E+18
HR47E8285,20 Ft XL,3045747213
NL01AD8969,32 Ft XXL,1.31389E+18
KA591726,32 Ft XXL,1.27493E+18
HR55AB9415,32 Ft XL,1.27493E+18
HR55AC7932,32 Ft XXL,1.27493E+18
PB13AR8203,32 Ft XXL,1.27493E+18
RJ14GP8231,32 Ft XXL,474924281
BR01GD8804,22 Ft XL,2960348012
TN49BT3339,22 Ft XL,63929680
RJ14GP8474,32 Ft XXL,1147749398
MH04JU0945,32 Ft XXL,1.27493E+18
HR55AJ3212,32 Ft XL,101343703
MH04KF8534,20 Ft XL,425966486
MP04HE5566,32 Ft XXL,1.27544E+18
KA51AG5976,32 Ft XL,3427338192
HR68B0260,32 Ft XXL,2838899538
TN28BF9792,32 Ft XXL,1.27493E+18
DD01L9963,32 Ft XL,1702125004
NL01AB5433,32 Ft XXL,418533805
KA51AA1181,32 Ft XL,1844041512
RJ14GJ5779,32 Ft XL,1.27493E+18
TS08UJ0816,32 Ft XL,1844971933
TG07U3365,32 Ft XXL Ft XXL,3829683448
RJ22GB4527,32 Ft XXL,585859427
TN47BY6901,32 Ft XL,339783836
NL01AE0235,32 Ft XXL,1.27493E+18
HR63C7960,32 Ft XXL,2400234572
RJ14GN2535,32 Ft XL,3261373768
KA01AL9749,32 Ft XXL,4104747498
GJ06BT4684,34 Ft XXL,104156937
TS07UM3450,32 Ft XL,3988116661
RJ52GA6537,30 Ft DXL Ft DXL,3836262919
NL01AF9080,32 Ft XL,956831550
NL01AG6907,34 Ft XL,1407618984
MH46BF3801,32 Ft XXL,3575041082
TN59CA4113,20 Ft XL Ft XL,3394712889
KA01AJ1732,32 Ft XXL,1.35515E+18
HR55AC9893,32 Ft XXL,1.35044E+18
DD01M9767,32 Ft XL,1251745391
TN52K5022,32 Ft XXL,4191936002
KA01D8457,32 Ft XXL,1.28406E+18
MH04KU5081,20 Ft XL,3729037305
KA01AM2928,32 Ft XL,4186992177
TN22BF1253,20 Ft XL Ft XL,3695409286
NL01AH2622,32 Ft XL Ft XL,1898126848
TS07UG0925,32 Ft XXL,1.27493E+18
UK06CB6937,32 Ft XXL,3259418570
MH43BX3224,32 Ft XXL,1.37249E+18
TN52AA8177,32 Ft XXL,1.37286E+18
HR68B5203,32 Ft XXL,2838899538
RJ10GB1086,32 Ft XXL,38899090
HR55AJ6967,32 Ft XXL,1.32428E+18
HR55AK5525,32 Ft XL,3693967299
MH46CL9490,32 Ft XXL,3633219397
TN88V0141,32 Ft XL,1.28559E+18
HR55AH7233,32 Ft XXL,1.27493E+18
TN02BL6926,22 Ft XL,170825256
TN28BK9095,32 Ft XXL,690516046
TN90A2382,32 Ft XXL,1.31302E+18
MH15GV6672,32 Ft XXL,1.3203E+18
HR38AD7225,32 Ft XL,346898820
TN42AL2414,22 Ft XL Ft XL,2386227486
RJ32GC2349,32 Ft XL,1.27493E+18
TN88AZ9477,32 Ft XXL Ft XXL,4280295337
TN73Q6561,32 Ft XXL,1.30547E+18
WB11D4986,32 Ft XL Ft XL,1128338600
HR55Y6689,32 Ft XL,1.35908E+18
MH43CE1296,32 Ft XXL,1993271565
HR55AC5791,32 Ft XXL,4155498689
HR55AK6500,22 Ft XL,2466654178
TN52B0497,32 Ft XXL,1.30146E+18
MH04JK9341,20 Ft XL Ft XL,2258563490
PB11BR5113,30 Ft DXL Ft DXL,3364769651
GJ39T0674,32 Ft XXXL,1649101344
TN88V2535,32 Ft XL,1.28559E+18
MH14GU2534,22 Ft XL,1466215797
WB25H6237,32 Ft XXL,2592563094
HR55AC4116,32 Ft XXL,1.33556E+18
DN09S9067,32 Ft XL,172906540
MH13CU6720,22 Ft XL,1.29096E+18
TN45BJ8824,32 Ft XXL,1205585226
TN32AJ3349,32 Ft XXL,1.27493E+18
RJ47GA3351,40 Ft DXL,4255940877
KA51A2026,32 Ft XXL,1.28406E+18
TN29BX7257,14 Ft XL,2569143911
NL01AC7435,32 Ft XXL,1.27493E+18
MH04LQ3702,32 Ft XL,1470923263
MP07GB4120,32 Ft XL,769699355
RJ11GB7867,32 Ft XXL,4130478601
NL01K0764,32 Ft XXL,2217699980
KA02D4505,32 Ft XL,1.28559E+18
TN31CA2722,32 Ft XXL,1.39961E+18
NL01AD8069,32 Ft XXL,1.31389E+18
TN90B1380,32 Ft XXL,1.31302E+18
HR55AS4379,32 Ft XL,1448121970
UP21CT1164,30 Ft DXL Ft DXL,2261330358
RJ40GA4895,32 Ft XXL,2002687540
HR38W9427,32 Ft XL,2399895960
TN97E8328,20 Ft XL,1908930337
KA52B7215,20 Ft XL Ft XL,1648785182
MH14KQ9445,20 Ft XL,2487366261
MH04JU4790,20 Ft XL,2293096764
UP32DN8578,32 Ft XL,1.27493E+18
HR55AL8407,32 Ft XL,1.36953E+18
HR55V6750,32 Ft XXL,3234395569
MH14HU7521,32 Ft XXL,1703075374
DL1LAL3003,14 Ft XL,3035691761
PB13AR8710,32 Ft XXL,187491857
TN52K1086,32 Ft XXL,1.27493E+18
MH04KU4156,20 Ft XL,1.27493E+18
HR55AL0917,32 Ft XXL,1.27493E+18
HR38AD9520,24 Ft XL,2733533833
TN19AL0263,32 Ft XL,4094944893
HR47D3531,32 Ft XL,2005079660
KA01AL2697,32 Ft XXL,1.35482E+18
KA01AL4862,32 Ft XXL,1.35482E+18
TN88AZ9243,32 Ft XXL,630759027
NL01AE8512,32 Ft XXL,1.33853E+18
KA52B2438,32 Ft XL,1957196680
MH12MV9891,24 Ft DXL,3954209148
TN85H3287,22 Ft XL,1.27493E+18
KA01AL1994,32 Ft XXL,1.35482E+18
RJ14GB6963,32 Ft XXL,1.27493E+18
NL01AG2497,32 Ft XXL,2254802433
TN52H5857,32 Ft XXL,1.28274E+18
UP78GT7122,32 Ft XL,872244056
PB08EJ7638,32 Ft XL,2009703278
PB13AW5073,32 Ft XXL,1.27493E+18
PB13BG6975,32 Ft XL,3609482887
RJ09GC6118,40 Ft DXL,1938207836
MH09DK9361,32 Ft XXL Ft XXL,3706224517
TN28BD8158,32 Ft XXL,1.37437E+18
MH40CD3199,32 Ft XXL,3010996311
NL01N5196,32 Ft XL,532087025
MH14JL9379,20 Ft XL,2473397899
TN70AU0716,32 Ft XL,4251612375
HR55K8343,32 Ft XL,818100544
MH04GR6113,32 Ft XL,3813797361
NL01AA8684,32 Ft XXL,1.27493E+18
KA51AG7977,32 Ft XL,2793293537
PB13AR1490,32 Ft XXL,1.27493E+18
MH19CX0254,32 Ft XL,3232674602
UP16KB8430,32 Ft XL Ft XL,1404578914
TN39CU4729,22 Ft XL Ft XL,1306483771
BR02GA2627,24 Ft DXL,3504217824
RJ18GB4901,32 Ft XXL,1.33805E+18
UP42BT2738,30 Ft DXL Ft DXL,2115237033
HR55AR4953,32 Ft XL,2283783132
HR55Y9379,24 Ft XXL,752833987
HR45C9536,25 Ft DXL,1328369028
HR55AK5710,32 Ft XXL,3480904393
MH47AS1814,32 Ft XXL,1.27493E+18
HR38AF7916,32 Ft XL,789232929
DL1LS7938,22 Ft XL,1.27493E+18
MH14JL2339,32 Ft XL,1.27493E+18
RJ14GL7828,32 Ft XXL,801926881
GJ27TT8676,24 Ft XXL,237931300
MH15GV5846,32 Ft XXL,1.3203E+18
HR55AL1159,22 Ft XL,3096850401
TS07UM0398,32 Ft XL Ft XL,3649422397
RJ14GL0292,32 Ft XXL,1.27493E+18
RJ14GK2052,32 Ft XXL,1.30222E+18
TN88V2595,32 Ft XL,1.28559E+18
HR38AC4366,32 Ft XL,1599883026
UP70HT4958,32 Ft XXL,461454717
TN12AB0996,32 Ft XXL,1.41382E+18
KA51AG6846,32 Ft XL,362513962
RJ22GB4536,32 Ft XXL,3522418087
TN45BF3142,32 Ft XXL,3441515880
NL01AC3927,32 Ft XL,1.27493E+18
HR55M9729,32 Ft XXL,1.33853E+18
TN52AC2577,32 Ft XXL,1.28958E+18
HR69D6308,32 Ft XL,1890778991
NL01AF0513,32 Ft XXL,1.33853E+18
TN19A2511,22 Ft XL,2008205270
HR55AF5644,32 Ft XL,1.27493E+18
MH04AD5831,32 Ft XL,1.37249E+18
UP82T6559,30 Ft DXL Ft DXL,2115237033
MH04JU8527,20 Ft XL,859974101
KA51AG0927,32 Ft XL,3427338192
MH04LE2726,32 Ft XXL,960476082
MH04HD5181,32 Ft XXL,2186892581
TN04AV5193,32 Ft XL,1.27493E+18
KA01AG6431,32 Ft XL,1.27493E+18
MH46BU2815,20 Ft XL,1419889935
MH02FG5041,24 Ft XXL,1504749533
HR55X8416,32 Ft XXL,1.27493E+18
HR55AC0246,32 Ft XL,3442374659
NL01K9313,32 Ft XXL,3876917080
RJ32GC4053,32 Ft XXL,1.27493E+18
TS08UF6834,32 Ft XXL,1.28373E+18
RJ40GA3765,32 Ft XL,4073191017
MH04LQ3154,20 Ft XL,1780542669
KA51AG4626,22 Ft XL,1861644730
TN30AU1206,32 Ft XL,1.31302E+18
HR61C5614,32 Ft XL,2858977521
NL01AG5138,34 Ft XL,2903670965
MH41AU1657,32 Ft XL,1.36451E+18
UP83DT3683,22 Ft XL,3137087819
HR69D5899,32 Ft XL,1890778991
HR38AC1806,32 Ft XL,2260123597
HR55AE6648,22 Ft XL,1.27493E+18
TN93J2625,32 Ft XL,875180014
HR55AC7811,32 Ft XXL,1.29644E+18
TN52K3430,32 Ft XXL,1.27493E+18
NL01AH1701,32 Ft XL Ft XL,3104138433
TN54S4383,20 Ft XL,2016629745
MH14GD7287,32 Ft XL,1.27493E+18
NL01Q3666,32 Ft XL,1.27493E+18
MH14GD1512,32 Ft XL,1.27493E+18
GJ12BY0635,32 Ft XXL,1606375866
TH88U1499,32 Ft XXL,1287035297
PB13AW5067,32 Ft XXL,1.27493E+18
KA51AG7990,32 Ft XL,1016904326
TN28AR8733,32 Ft XXL,1.41738E+18
KA51AG5319,22 Ft XL,1861644730
MH46BM7613,32 Ft XXL,2160159070
HR55AB2045,32 Ft XXL,1.37502E+18
MH04GR2167,32 Ft XL,2753562616
HR55AC0154,32 Ft XXL,903693003
RJ32GC6863,32 Ft XL,2546199617
HR55AM2083,32 Ft XL,3642497143
RJ32GC2522,32 Ft XXL,1.27493E+18
HR55V0709,32 Ft XL,4239308576
HR47E7210,32 Ft XL,2746782088
UP21BN5131,30 Ft DXL,2229216445
HR63C3809,32 Ft XXL,4041129394
KA01AN1694,32 Ft XXXL,3471781387
TN37CX6205,32 Ft XXL,1.2761E+18
HR55AM9764,32 Ft XL,3672102456
KA02AD7365,32 Ft XXL,1.29971E+18
TS08UF8545,32 Ft XXL,1844971933
MH04LE3629,32 Ft XXL,3679673085
HR55AT6287,22 Ft XL,20079860
BR02GD3139,30 Ft DXL Ft DXL,3401821785
TN88AZ5584,32 Ft XXL,3218136328
WB05A4142,32 Ft XL,1080031028
HR74B3243,32 Ft XL,3592248843
HR55S4943,32 Ft XXL,3234395569
KA52A4367,32 Ft XXL,1957196680
HR55V4656,32 Ft XXL,3234395569
TN52AA2777,32 Ft XXL,1.28958E+18
HR69C6112,32 Ft XL,1748235747
WB11C6994,32 Ft XXL,1.3479E+18
NL01AF5603,32 Ft XXL,90676744
DL1MA6513,22 Ft XL,3722569308
NL01AD5154,32 Ft XL,1.27493E+18
NL01K1537,32 Ft XXL,1.33853E+18
DL1MA7548,20 Ft XL,63792241
TN28BD2180,32 Ft XXL,1.27493E+18
DL1MB3153,22 Ft XL,3035691761
UP78DT8198,32 Ft XXL,1.27493E+18
KA16AA0194,32 Ft XXL,4027861993
PB13AR6308,32 Ft XXL,2322689137
TN04AY2837,32 Ft XL,1.27493E+18
NL02Q9764,32 Ft XXL,690336119
UP75AT4953,32 Ft XL,374645929
RJ10GB2469,32 Ft XXL Ft XXL,1281864620
MH04LE5279,20 Ft XL,1157375471
HR47E6854,20 Ft XL Ft XL,4035375082
RJ10GB4824,32 Ft XXL,4097179350
TN88V0645,32 Ft XL,1.28559E+18
UP72AT4258,32 Ft XL,7946147
HR55L7148,32 Ft XL,818100544
HR38AD0195,32 Ft XL,3908165514
TS08UH7727,32 Ft XXL,4120447629
PB13AR8736,32 Ft XXL,1.27493E+18
MP09HH0462,32 Ft XXL,2483781524
MH43BP6181,32 Ft XL,730620235
NL01L5397,32 Ft XXL,1.33853E+18
GJ01HT2250,32 Ft XL Ft XL,74253589
TN36BS6274,32 Ft XXL,12546475
RJ14GK1566,32 Ft XL Ft XL,1101147109
KA01AH3313,22 Ft XL,1272545252
HR55AC7310,32 Ft XXL,1617854670
HR55AL3300,22 Ft XL,1.30944E+18
NL01AE7994,32 Ft XXL,1.37502E+18
GJ01HT4770,32 Ft XL,1481288314
PB13AR8196,32 Ft XXL,1.27493E+18
HR55AB8658,32 Ft XXL,3155944960
MH04LE9509,20 Ft XL,2439808669
TN52K5842,32 Ft XXL,1296903203
TN93C3359,32 Ft XL,1.37427E+18
HR55AK6231,32 Ft XL,815520397
NL01AE6943,32 Ft XXL,1.27493E+18
MH12RN2762,32 Ft XL,3268018853
NL01N4009,32 Ft XXL,1.33853E+18
TN01AC9371,32 Ft XL,1.28559E+18
AS01NC6805,32 Ft XXL,1168052891
HR55AL6651,22 Ft XL,2386815857
NL01N3440,32 Ft XL,2903670965
HR55V2723,32 Ft XL,3117739931
HR38AE6806,32 Ft XXL,4122073968
HR38AB0239,32 Ft XL,2275596032
MH14JL0204,24 Ft XXL,2258437585
MH03BY8806,32 Ft XXL Ft XXL,2651560669
KA01AH6701,32 Ft XXL,1.35515E+18
TN56P5181,20 Ft XL Ft XL,1777971670
TN12AQ8208,32 Ft XXL,2305205620
NL01AA8261,32 Ft XL,1.27493E+18
MP09HJ7355,32 Ft XXL,690080863
NL01L5569,32 Ft XXL,1.27493E+18
TN52AA0088,32 Ft XXL,1.27493E+18
UP16ET0919,22 Ft XL,2226737947
RJ18GB4320,32 Ft XXL,1.33805E+18
NL01G9757,32 Ft XXL,1.33853E+18
HR37E7603,32 Ft XL,3201538641
TN88AY0358,32 Ft XXL,776019076
HR38R7083,32 Ft XXL,1152643775
UP77AT9169,32 Ft XL,3778825804
NL01N4011,32 Ft XXL,1.33853E+18
HR55AE6865,32 Ft XXL,1.27493E+18
HR55W5809,32 Ft XXL,1.3519E+18
UP42AT2109,22 Ft XL,1.33197E+18
HR55U9677,32 Ft XXL,1.35182E+18
NL01G0527,32 Ft XXL,1.33853E+18
HR55AD5207,32 Ft XXL,782744564
RJ52GA5835,32 Ft XXL,1.35228E+18
NL01L5568,32 Ft XXL,1.27493E+18
KA51AC6278,32 Ft XXL,2614372400
GJ01JT9295,32 Ft XXL,847267180
DL1M7773,22 Ft XL,4240269172
HR554464,32 Ft XXL,2921031696
NL01L3158,32 Ft XXL,1.27493E+18
TN54U4144,22 Ft XL,3684270484
HR38X0731,22 Ft XL,2039975566
HR55AC6236,32 Ft XXL,1.35044E+18
NL01AA0279,32 Ft XXL,1.33853E+18
NL01N8907,32 Ft XXL,1.27493E+18
HR55AC6208,32 Ft XXL,1.35044E+18
KA21A3545,32 Ft XXL,1.29057E+18
NL01N4824,32 Ft XXL,1.27493E+18
KA52B3966,20 Ft XL,692822142
KA21A3526,32 Ft XXL,1.37543E+18
HR38X8003,22 Ft XL,1.29856E+18
NL01AD3173,32 Ft XL,1.27493E+18
MH04LE3319,20 Ft XL,620207144
NL01AA5973,32 Ft XL,1.36521E+18
TN52H1969,32 Ft XXL,1.36533E+18
HR38Y0117,32 Ft XXL,1.35975E+18
MP04GB8027,32 Ft XL,4093767920
KA01AL1987,32 Ft XXL,1.35482E+18
KA01AL2696,32 Ft XXL,1.35482E+18
MH12RN7867,22 Ft XL,1.27493E+18
NL01AA1745,32 Ft XXL,1.27499E+18
PB13AR8208,32 Ft XXL,1.27493E+18
PB13AR1489,32 Ft XXL,1.27493E+18
PB13AR1491,32 Ft XXL,1.27493E+18
GJ27TT9100,40 Ft DXL,121430025
NL01AE8322,32 Ft XXL,1.33853E+18
PB13AW5057,32 Ft XXL,1.27493E+18
HR47C8135,32 Ft XXL,766797370
KA01AJ0955,32 Ft XXL,1.35515E+18
HR55AK9318,22 Ft XL,818100544
HR55AA0370,32 Ft XXL,1.27493E+18
MH24AU7723,32 Ft XXL,1.27493E+18
KA01AL0776,32 Ft XL,2711565514
KA01AL1246,32 Ft XXL,1.35482E+18
NL01L3543,32 Ft XXL,1.33853E+18
KA01AL1995,32 Ft XXL,1.35482E+18
NL01L7060,32 Ft XXL,1.33853E+18
NL01AB5674,32 Ft XXL,1.33853E+18
KA01AL1245,32 Ft XXL,1.35482E+18
NL01AA8262,32 Ft XL,1.27493E+18
TS07UG7395,32 Ft XXL,1.27493E+18
TS07UE7362,32 Ft XXL,1.27493E+18
TN09AB9871,32 Ft XL,1.2884E+18
TN63BE9691,20 Ft XL,1341297440
PB13AR8206,32 Ft XXL,1.27493E+18
MH47AS1808,32 Ft XXL,1.27493E+18
NL01Q6396,32 Ft XXL,1.27493E+18
KA01AL4867,32 Ft XXL,1.35482E+18
PB13AR1487,32 Ft XXL,1.27493E+18
HR55AD4811,32 Ft XXL,1.35044E+18
KA53D2998,22 Ft XL,1.27493E+18
UK06CB4082,32 Ft XXL,1.3758E+18
NL01AD1156,32 Ft XXL,467689229
KA528808,20 Ft XL,3141194182
UP21CN1641,32 Ft XXL,1115169021
KA51AG1233,32 Ft XL,3427338192
MH04JK9123,20 Ft XL,2595308234
HR55AE5406,32 Ft XXL,1.34095E+18
NL01N1520,32 Ft XXL,1.35828E+18
NL01L6353,32 Ft XXL,1.35802E+18
HR46F9972,24 Ft XXL,3703984338
BR02GB3842,26 Ft DXL,3504217824
KA01AL1991,32 Ft XXL,1.35482E+18
KA52B2441,32 Ft XL,1957196680
UP32DN8772,32 Ft XL,1.27493E+18
KA51AA4981,32 Ft XXL,2966058994
NL01L8352,32 Ft XXL,1.27493E+18
TN58CZ0667,22 Ft XL,2661600489
RJ49GA1252,32 Ft XL,1.36814E+18
TN30BH6178,32 Ft XXL,3291590255
HR56B3706,24 Ft XXL,369244792
HR56A8271,32 Ft XXL,1.32906E+18
KA01AL1992,32 Ft XXL,1.35482E+18
NL01AE5655,32 Ft XL,1763251974
HR55AJ8573,32 Ft XXL,1.32428E+18
HR38Y8454,22 Ft XL,1.30654E+18
HR55X3780,32 Ft XL,1.31206E+18
KA01AL4864,32 Ft XXL,1.35482E+18
NL01N6830,32 Ft XL,1.36489E+18
KA01AL1985,32 Ft XXL,1.35482E+18
MP04HE5468,32 Ft XXL,1.34387E+18
NL01AD9165,32 Ft XXL,1077479138
NL01AD9609,32 Ft XL,620207144
PB13AR4739,32 Ft XXL,1.27493E+18
KA01AL4860,32 Ft XXL,1.35482E+18
TN54K4429,32 Ft XXL,1.30146E+18
RJ18GB2599,32 Ft XL,1.27493E+18
RJ49GA1576,32 Ft XL,3731347356
TN25BJ3094,32 Ft XXL,2250237561
HR39E2708,32 Ft XXL,1.36388E+18
HR38AD9604,34 Ft XL,1.27493E+18
TS07UE7357,32 Ft XXL,1.27493E+18
TN32AM2724,22 Ft XL,1036248846
MH43BG2219,32 Ft XXL,1.37249E+18
KA01AL6268,32 Ft XXL,1.35482E+18
HR55AB2401,32 Ft XL,1050607055
PB13AR8741,32 Ft XXL,1.27493E+18
KA13C7399,32 Ft XXL,1.38812E+18
HR55AH1339,32 Ft XXL,1.27493E+18
NL01K9312,32 Ft XXL,1.35546E+18
KA01AL1993,32 Ft XXL,1.35482E+18
KA01AL4866,32 Ft XXL,1.35482E+18
KA01AJ1735,32 Ft XXL,1.35515E+18
UP51AT3736,30 Ft DXL Ft DXL,2115237033
TN54K7979,32 Ft XXL,1.36911E+18
TN28BJ5722,32 Ft XXL,2233087854
PB13AR8747,32 Ft XXL,1.27493E+18
MH14EM8090,32 Ft XXL,1.27493E+18
MP04HE5457,32 Ft XXL,1.34387E+18
HR55AE3614,20 Ft XL,2107068161
HR55Y1520,32 Ft XXL,1.35044E+18
PW13AW5078,32 Ft XXL,1.27493E+18
AP29TB7167,32 Ft XXL,1.27493E+18
HR55AE5436,32 Ft XXL,1.35044E+18
PB13BC8193,32 Ft XXL,1.27493E+18
HR38V2762,32 Ft XL,1.3726E+18
TN24AJ1492,22 Ft XL,1196648977
MH40BG6143,32 Ft XXL,2279485956
KA01AK5397,32 Ft XXL,1.27493E+18
KA01AH6709,32 Ft XXL,1.35515E+18
KA01AL4865,32 Ft XXL,1.35482E+18
PB13AW6954,32 Ft XXL,1.27493E+18
NL01AC3638,32 Ft XXL,1.33805E+18
HR38Z7962,32 Ft XXL,1.29134E+18
NL01AA4294,32 Ft XXL,2966205677
NL01Q0784,32 Ft XXL,705261543
HR38AB2991,32 Ft XL,1.41521E+18
TS08UB6661,32 Ft XXL,1.27493E+18
NL01G1787,32 Ft XXL,1.33853E+18
HR55Y1629,32 Ft XL,3000356243
KA52B2433,32 Ft XL,3876429499
RJ14GJ6592,32 Ft XL,1.27493E+18
MH04KF5634,32 Ft XXL,1.39572E+18
HR55X0332,32 Ft XL,208449432
MH04KF6401,32 Ft XXL,1.39572E+18
MH04HY6960,32 Ft XXL,1.39572E+18
RJ32GC2726,32 Ft XL,1.36523E+18
RJ27GC0365,32 Ft XL,1.27493E+18
HP12R9075,32 Ft XL,2132726553
RJ32GC1156,32 Ft XL,92539438
MH43BP5285,32 Ft XXL,1.37247E+18
RJ14GN3279,32 Ft XL,2005079660
RJ32GD8393,32 Ft XL,334548386
UP16HT5787,32 Ft XXL,1419996312
HR55AB1200,32 Ft XXL,1.27493E+18
NL01K1689,32 Ft XXL,1.41376E+18
MH04HD5830,32 Ft XL,1.37249E+18
TS08UJ0812,32 Ft XL,1844971933
DL1MA7068,22 Ft XL,915352472
TS07UE7102,32 Ft XXL,1.27493E+18
OD11S3581,32 Ft XXL,560318007
UP78FT2454,32 Ft XXL,1.27493E+18
PB13BC8192,32 Ft XXL,1.27493E+18
KA01AJ0799,32 Ft XL,217271024
MH04JU2319,32 Ft XL,795547115
NL01AB5672,32 Ft XXL,1.33853E+18
TS07UG2651,32 Ft XXL,1.27493E+18
NL01N4012,32 Ft XXL,1.33853E+18
HR38AB4373,32 Ft XL,1.41521E+18
MH43BP6347,32 Ft XXL,1.37249E+18
RJ32GC3255,32 Ft XL,1.27493E+18
RJ11GC4129,32 Ft XXL,1.35843E+18
NL01AC4690,32 Ft XXL,1.29422E+18
MH12UM9866,34 Ft XL,2066449745
KA51A5402,32 Ft XXL,1.37788E+18
NL01AB4637,32 Ft XXL,1907287160
UP78DT8197,32 Ft XXL,1.27493E+18
RJ14GJ6595,32 Ft XXL,1.27493E+18
NL01K9448,32 Ft XXL,1.41376E+18
HR38AB4807,32 Ft XL,1.41521E+18
MH04LQ2418,32 Ft XL,2545997179
NL01Q6362,32 Ft XXL,1.41263E+18
NL01AE3735,32 Ft XXL,2037476600
PB13AR4740,32 Ft XXL,187491857
RJ14GJ9891,32 Ft XXL,1.29422E+18
UP75AT9365,34 Ft XXL,2333564108
HR55AF5777,32 Ft XXL,1.34095E+18
PB13AR8752,32 Ft XXL,1.27493E+18
UK06CD5183,32 Ft XXL,3945939349
TS07UE7304,32 Ft XXL,1.27493E+18
NL01AD0864,32 Ft XL,1.27493E+18
HR55AH1388,32 Ft XL,1.32428E+18
DL1MB2339,22 Ft XL,583416377
RJ40GA6173,32 Ft XL,1206131433
MH14KL6199,20 Ft XL,2295074150
TS07UE9175,32 Ft XXL,1.27493E+18
TN12Q4579,32 Ft XXL,1844041512
PB13AR4742,32 Ft XXL,1.27493E+18
HR55AC5751,32 Ft XXL,1.27493E+18
TN34BF1184,32 Ft XXL,390937006
NL01G2087,32 Ft XXL,1.33853E+18
MH12MV7493,32 Ft XL,1.31389E+18
RJ11GB7444,32 Ft XXL,1827468929
HR38AA7784,32 Ft XXL,1.27493E+18
WB11E0678,32 Ft XXL,3876917080
NL01AB5675,32 Ft XXL,1.33853E+18
HR55Y0430,32 Ft XXL,1.34095E+18
TN52M2857,32 Ft XXL,1.29901E+18
KA51AG1539,32 Ft XL,3427338192
NL01N6731,32 Ft XXL,1.41376E+18
HR38X2810,32 Ft XXL,3494608001
HR63C5769,32 Ft XL,1.27493E+18
TN69BY3630,32 Ft XXL,1.41594E+18
KA01AH3311,22 Ft XL,1272545252
RJ18GC2618,34 Ft XL,1620241690
NL01AB5671,32 Ft XXL,1.33853E+18
PB13AW5071,32 Ft XL,1.27493E+18
HR840237,32 Ft XXL,493905038
TS08UJ0429,32 Ft XXL,1844971933
GJ01HT5705,32 Ft XL,1.36272E+18
NL01AD6042,32 Ft XL,1980459104
TN52H5818,32 Ft XXL,1.27493E+18
NL01K6463,32 Ft XXL,1.27493E+18
HR55AC8524,32 Ft XL,267942975
KA05AF2197,32 Ft XXL,1.41632E+18
MH04KF0137,22 Ft XXL Ft XXL,81584635
TN52K5025,32 Ft XXL,1.27493E+18
NL01Q4786,32 Ft XXL,1907287160
HR55AJ7398,32 Ft XXL,1.32428E+18
MH47AS1922,32 Ft XXL,1.27493E+18
MH04HY9295,32 Ft XXL,1.27493E+18
NL01N2474,32 Ft XXL,1.33853E+18
TS07UE7807,32 Ft XXL,1.27493E+18
HR55AL2526,32 Ft XL,3904425606
NL01AB9739,32 Ft XXL,1.33853E+18
HR55AH0225,32 Ft XXL,1.36489E+18
NL01AE0889,32 Ft XXL,1.27493E+18
MH12QW5791,32 Ft XXL,1.27493E+18
TN88H4040,32 Ft XXL,3588503055
NL01L8754,32 Ft XXL,1.33853E+18
KA01AL1247,32 Ft XXL,1.35482E+18
NL01N6926,32 Ft XL,3427338192
NL01K1547,32 Ft XXL,1.33853E+18
NL01Q0782,32 Ft XXL,705261543
TS07UG0926,32 Ft XXL,1.27493E+18
PB13AL5407,32 Ft XXL,1.27493E+18
WB12C6657,32 Ft XXL,3876917080
TS08UH4696,32 Ft XXL,1.28373E+18
KA01AL1248,32 Ft XXL,1.35482E+18
KA01AK1085,32 Ft XL,2414500087
MH04LQ1628,32 Ft XL,200509188
UP21CN7422,32 Ft XXL,1115169021
TN39CX4052,32 Ft XL,1527983037
UP21BN7543,32 Ft XXL,1115169021
UP21CN7427,32 Ft XXL,1115169021
MH46AR2857,32 Ft XXL,2918717195
HR38R8612,32 Ft XL,1492360372
TN52R9855,32 Ft XXL,1.37286E+18
HR38AE0916,22 Ft XL,1832643739
HR55AA9843,32 Ft XXL,1.34387E+18
MH12QW8389,32 Ft XXL,3200862528
NL01AE9984,32 Ft XXL,1.27493E+18
DL1MA4980,22 Ft XL,2077431480
HR38AE5349,34 Ft XL,183624329
MH12QW3305,32 Ft XL,138203524
MH05DK3818,20 Ft XL,18476183
TN54K2667,32 Ft XXL,1.27875E+18
KA09D6319,32 Ft XXL,1617854670
TN34AJ8907,32 Ft XXL,3343181981
MH12NX5027,32 Ft XXL,1.27493E+18
MH12LT9629,32 Ft XXL,1.27493E+18
HR55AC2823,32 Ft XXL,1.33556E+18
TN90C1017,32 Ft XL,1.31302E+18
RJ14GK3302,32 Ft XXL,1.29422E+18
NL01AE8913,32 Ft XXL,1.33853E+18
NL01AE1234,32 Ft XXL,1.31636E+18
HR55AJ6333,32 Ft XXL,1.33744E+18
NL01N1371,32 Ft XXL,1.27493E+18
HR55AG3849,22 Ft XL,1.27493E+18
NL01AB0405,32 Ft XXL,1.31389E+18
TS07UG3041,32 Ft XXL,1.27493E+18
MH47AS0193,32 Ft XL,1.27493E+18
HR47F4463,22 Ft XL,1804682592
HR63C1045,32 Ft XXL,1.27493E+18
DL1GC5804,32 Ft XXL,1.30222E+18
UP54T5255,26 Ft DXL,3504217824
TN23H6468,32 Ft XL,1.28559E+18
BR02GB1595,30 Ft DXL,3401821785
TS08UH4694,32 Ft XXL,1.28373E+18
NL01AH2640,32 Ft XL,1.27493E+18
MH04JU3977,32 Ft XXL,1.27493E+18
TS08UF0364,32 Ft XXL,1.28373E+18
RJ09GB6714,32 Ft XXL,1183707012
NL01AE8509,32 Ft XXL,1.33853E+18
MH43BX3259,32 Ft XL,2126873029
PB13AW5078,32 Ft XXL,1.27493E+18
KA01AL1986,32 Ft XXL,1.35482E+18
NL01L2478,32 Ft XXL,1.33853E+18
RJ52GB0167,32 Ft XXL,1895681445
TN73AA4098,32 Ft XXL,1.30547E+18
RJ14GK5948,32 Ft XXL,1.30222E+18
RJ52GA6524,32 Ft XXL,1.30222E+18
PB11CM8375,32 Ft XXL,1.30221E+18
TN58AM0627,22 Ft XL,1.27493E+18
KA01AJ0954,32 Ft XXL,1.35515E+18
HR569531,32 Ft XXL,283774835
KA01AJ0683,32 Ft XXL,1.35515E+18
MH04JU6841,24 Ft DXL,1613188788
RJ14GK6854,32 Ft XXL,1.30222E+18
KA01AM1678,22 Ft XL,362513962
NL01N3386,32 Ft XL,2903670965
HR55W4421,32 Ft XXL,1.37502E+18
TN52AD9744,32 Ft XXL,3943670243
NL01AA5987,32 Ft XXL Ft XXL,1855750258
HR55AK2334,22 Ft XL,1.30944E+18
NL01AE1129,32 Ft XL,881402851
MH47Y8885,32 Ft XXL,1.27493E+18
TN31BF2673,32 Ft XXL,1627850310
RJ14GR2873,32 Ft XL,1448998512
HR55AE7362,32 Ft XXL,3648094054
TN02BE3889,32 Ft XXL,1.29901E+18
UP21BN9689,32 Ft XL,872244056
HR38AB1266,32 Ft XL,2770325237
TN25BS3711,22 Ft XL,177837864
MH46AR2505,32 Ft XL,1323381085
HR55AK5866,32 Ft XXL,1.32428E+18
NL0G1387,32 Ft XXL,1.33853E+18
NL01AF1030,32 Ft XL,1.27493E+18
HR38AB7162,32 Ft XL,1868373273
TN12R3486,32 Ft XXL,1844041512
RJ40GA2248,32 Ft XXL,1219188435
TN88V1073,32 Ft XL,1.28559E+18
NL01AD8723,32 Ft XXL,1.27493E+18
CG04NM8499,32 Ft XL,589546240
KA51AG7299,22 Ft XL,1.27493E+18
UP19T3135,32 Ft XL,1871501122
MH16AE8969,17 Ft XL,1.33764E+18
TN87A5226,32 Ft XL,1.32471E+18
MH46AR1522,32 Ft XXL,1259620876
HR55AF7318,32 Ft XXL,267942975
PB13BM9830,32 Ft XXL,1.41783E+18
TN39CJ3165,32 Ft XXL,3923431786
PB13AW6948,32 Ft XXL,1.27493E+18
TS07UE5765,32 Ft XXL,1.27493E+18
HR55AK1877,32 Ft XXL,1.32428E+18
HR46F4737,24 Ft XXL,2757888850
KA51AA1180,32 Ft XL,1844041512
NL01G0507,32 Ft XXL,1.33853E+18
HR55AK9267,32 Ft XXL,1.32428E+18
KA09C0566,32 Ft XXL,1.37788E+18
MH04LE5902,32 Ft XL,2984689483
AP39TP0939,32 Ft XL,2672088652
KA01AK9322,32 Ft XXL,1.31449E+18
HR55AL8832,32 Ft XL,1982572239
HR46D4740,24 Ft XXL,3207924961
HR55AK0386,32 Ft XXL,1419996312
NL01G2707,32 Ft XXL,1.33853E+18
TN59BL2216,22 Ft XL,513053369
HR55X9372,32 Ft XXXL,56515400
TN52Q7986,24 Ft XL,171792234
TN24AW8637,22 Ft XL,3619189711
MH14JL6767,32 Ft XL,1.27493E+18
RJ11GB4492,32 Ft XXL,3494373040
TN88V8992,32 Ft XL,1.36118E+18
NL01AE9013,32 Ft XL,1.27493E+18
MH04FJ4934,32 Ft XXL,1.27493E+18
NL01AF1060,32 Ft XL,1.27493E+18
RJ32GB6971,32 Ft XL,422128773
MH43Y9532,32 Ft XL,662067935
NL01AE3736,32 Ft XXL,2037476600
TN04AF7720,32 Ft XXL,1.27493E+18
NL01AA9675,32 Ft XXL,1.27493E+18
HR55AC6393,32 Ft XL,1.27493E+18
TN11AJ9577,32 Ft XL,1987397234
TN12T4109,32 Ft XXL,3821882201
TN47AR8206,22 Ft XL,3727521422
NL0AE8325,32 Ft XXL,1.35684E+18
MH20DE6173,32 Ft XXL,1.35108E+18
KA21A5295,32 Ft XXL,1.28693E+18
HR38AD8092,34 Ft XL,2660410001
KA01AJ9297,32 Ft XL,217271024
HR62A0188,32 Ft XXL,1.27493E+18
MH12PQ9749,32 Ft XXL,2794462599
NL01K0762,32 Ft XXL,3655559728
DD01M9549,22 Ft XL,1059820847
RJ22GB4969,32 Ft XXL,585859427
HR55AC6498,24 Ft XL,1.27493E+18
HR55AC1447,24 Ft XL,1.27493E+18
HR55AC7041,32 Ft XXL,1.27493E+18
HR38AC1670,32 Ft XL,737616675
KA52B1142,22 Ft XL,2013785989
MH04HY9296,32 Ft XXL,1.27493E+18
MH47Y5788,32 Ft XXL,1.27493E+18
RJ14GK0118,32 Ft XXL,1.27493E+18
HR38Y8281,22 Ft XL,1.27493E+18
MH46BU0371,22 Ft XL,2321627227
TS07UE7307,32 Ft XXL,1.27493E+18
KA51AB2071,32 Ft XL,3002720573
HR46D6394,32 Ft XXL,714357021
HR55AL4955,32 Ft XL,374678490
RJ14GJ5780,32 Ft XL,1.27493E+18
NL01AD0963,32 Ft XL,1.27493E+18
HR55X1075,32 Ft XL,1.27493E+18
HR55AK8753,32 Ft XL,1996182883
KA52B8208,22 Ft XL,2396270916
HR38W7705,32 Ft XXL,1.27493E+18
HR38X3910,22 Ft XL,1.28552E+18
MH04KF5677,32 Ft XXL,1.28517E+18
HR39F7777,40 Ft DXL,1543606801
KA591725,32 Ft XXL,1.27493E+18
TS07UG2650,32 Ft XXL,1.27493E+18
TN52H1905,32 Ft XXL,1.29032E+18
HR55AP0752,32 Ft XL,1733578037
TS07UE8693,32 Ft XXL,1.27493E+18
MH47Y6088,32 Ft XXL,1.27493E+18
GJ02AT0508,32 Ft XL,785393395
MH16AY7448,32 Ft XXL,1.27493E+18
NL01AE0893,32 Ft XXL,1.27493E+18
HR46D5685,32 Ft XL,3006404654
HR55AL6039,32 Ft XXL,2148477730
UP16FT3474,22 Ft XL,2101937107
KA52B5093,20 Ft XL Ft XL,2579221301
TN02BJ4153,32 Ft XL,1.28559E+18
HR55T3127,32 Ft XL,22961289
RJ14GL8056,32 Ft XXL,834023770
HR55AE3037,32 Ft XL,1.27493E+18
TN962326,32 Ft XXL,1.41126E+18
MH12RN5664,22 Ft XL,1.27493E+18
HR55T5295,32 Ft XXL,3234395569
NL01AE7985,32 Ft XXL,1.37502E+18
UP14GT8684,32 Ft XL,726052560
NL01AE0895,32 Ft XXL,1.27493E+18
KA52A1435,32 Ft XXL,1.27493E+18
HR38AC3227,32 Ft XL,1.41521E+18
TN24AQ5942,32 Ft XXL,1.27493E+18
MH43BX0785,32 Ft XXL,1.37249E+18
MH43BP6239,32 Ft XXL,1.37249E+18
TN34MB4911,32 Ft XXL,3590451473
BR03GB4886,32 Ft XXL,2158874376
TN12AQ1105,32 Ft XXL,3616466844
RJ27GB9884,32 Ft XL,1.27493E+18
GJ01DY9902,32 Ft XL,1.27493E+18
HR47C4872,32 Ft XXL,1.27493E+18
WB11E2368,32 Ft XXL,3876917080
HR38AE5754,22 Ft XL,1832643739
RJ14GH4509,32 Ft XL,522595781
NL01AE0891,32 Ft XXL,1.27493E+18
TS07UG9834,32 Ft XXL,1.27493E+18
NL01K6459,32 Ft XXL,1.27493E+18
DD01A9484,32 Ft XL Ft XL,23061505
RJ09GB9385,32 Ft XXL,1.30222E+18
WB11D7432,32 Ft XXL,1.27493E+18
KA01AH8485,32 Ft XL,362513962
TN52C2466,24 Ft XXL,3985998571
UK08CA6545,32 Ft XXL,1018557164
HR38S9174,32 Ft XXL,1272519803
TN28BH7247,32 Ft XXL,2341310277
KA01AH4084,32 Ft XL,727275022
RJ09GC2796,32 Ft XXL,1.30222E+18
TN86B1165,20 Ft XL Ft XL,3980627080
HR55R9410,32 Ft XL,1.27493E+18
WB11C6657,32 Ft XXL,3876917080
PB13AW6659,32 Ft XXL,1.27493E+18
NL01AE2210,32 Ft XL,1.27493E+18
HR67B1235,32 Ft XXL,1.27642E+18
NL01AE3998,32 Ft XXL,1.27493E+18
MH46AF9364,32 Ft XXL,1.28265E+18
MH47Y6091,32 Ft XXL,1.27493E+18
MH04JU3109,32 Ft XXL,3154102809
NL01L2553,32 Ft XXL,1.41376E+18
HR67D3468,36 Ft XXXL,1649101344
MP09HG3385,32 Ft XXL Ft XXL,1.27493E+18
HR55W8345,32 Ft XXL,1.33805E+18
NL01AE0232,32 Ft XXL,1.27493E+18
PB13AR8739,32 Ft XXL,1.27493E+18
UK06CB8231,32 Ft XXL,1272465708
HR55AE7133,22 Ft XL,1.35182E+18
TN52K1085,32 Ft XXL,1627005175
TN24AT1685,32 Ft XXL,1.28006E+18
MH04KF9683,32 Ft XXL,1.27493E+18
UP21DT1893,32 Ft XL,3321563313
TS08UF8146,32 Ft XXL,1.28373E+18
NL01AC1847,32 Ft XL,1.27493E+18
TN14T3606,32 Ft XXL,1.3135E+18
HR38V5237,32 Ft XL,1303316277
MH15FV5194,32 Ft XXL,1117539057
HR47G6304,22 Ft XL,4114516569
HR55W6393,32 Ft XXL,1.29571E+18
TN52H1508,32 Ft XXL,1.29032E+18
HR55AM0761,32 Ft XXL,1.27493E+18
NL01AD4785,32 Ft XL,1.27493E+18
HR58B9981,32 Ft XXL,1.27493E+18
TN56K2697,32 Ft XXL,1.27493E+18
BR03GB4881,32 Ft XXL,2158874376
NL01AG6094,32 Ft XL,2396825470
PB13BG8654,32 Ft XL,733178906
RJ14GK6853,32 Ft XXL,1.30222E+18
HR55AM5541,32 Ft XXL,1.27493E+18
NL01AE8886,34 Ft XL,611100283
TN67BA6936,22 Ft XL,1196648977
TN52K1670,32 Ft XXL,1.30146E+18
MH40BL5369,32 Ft XXL,3894161761
TN19BX8617,22 Ft XL,2388300404
TN52K3408,32 Ft XXL,1.27493E+18
HR55W8335,32 Ft XL,1.30663E+18
TN14T5775,32 Ft XXL,1.3135E+18
TN28BC1386,32 Ft XXL,1.29634E+18
MH24AU8198,20 Ft XL,2711764776
MH04JK8656,22 Ft XL,1.29569E+18
HR61E8367,32 Ft XL,1375975951
TN87C3474,22 Ft XL,3622929226
HR55W2155,32 Ft XXL,1.27493E+18
MH04HY2517,32 Ft XL,2753562616
NL01AE0053,32 Ft XL,1.27493E+18
PB11CJ4958,30 Ft DXL,2818151988
KA01AQ0505,32 Ft XXL,2385288699
HR38T3225,32 Ft XL,1.32499E+18
HR55AL2737,32 Ft XXL,1.27493E+18
TN70AD3785,32 Ft XXL,1.28006E+18
TN14T6099,32 Ft XXL,1.3135E+18
TS07UE5816,32 Ft XXL,1.27493E+18
RJ14GJ7453,32 Ft XXL,1.30839E+18
RJ32GC2854,32 Ft XXL,1.27493E+18
RJ32GC7588,32 Ft XL,2757784359
HR47D5061,32 Ft XXL,3553993300
RJ32GD3077,32 Ft XL,3550206084
NL01Q4008,32 Ft XL,1980459104
RJ52GA9796,40 Ft DXL,1452426174
HR39E8404,32 Ft XXL,1.27493E+18
HR66B0319,32 Ft XXL,823897004
RJ32GC7586,32 Ft XL,2757784359
HR39D5963,32 Ft XL,1.27493E+18
TN13F2626,32 Ft XXL,1.34348E+18
TS07UG0846,32 Ft XXL,1.34126E+18
HR55T8881,32 Ft XL,1.27493E+18
KA01AP2235,32 Ft XL,1435195856
HR38W3643,22 Ft XL,1774586434
UP54T8468,26 Ft DXL,3504217824
TN34AC8583,32 Ft XL,1.28559E+18
MH47AS1757,32 Ft XXL,1.27493E+18
MH47AS1812,32 Ft XXL,1.27493E+18
TN93H7530,32 Ft XXL,1.31557E+18
HR55AA7056,32 Ft XXL,1.34387E+18
TN85H3214,22 Ft XL,1.27493E+18
WB05A2519,32 Ft XXL,1080031028
MH20DE7345,32 Ft XXL,1.35108E+18
MH47AS1917,32 Ft XXL,1.27493E+18
RJ52GA8621,34 Ft XL,351690952
NL01L3689,32 Ft XXL,1.33853E+18
KA01AL2695,32 Ft XXL,1.35482E+18
NL01L3156,32 Ft XXL,1.27493E+18
MH47Y9739,32 Ft XXL,1.27493E+18
HR55N0955,32 Ft XXL,1.35684E+18
RJ14GJ7843,32 Ft XL,1804682592
HR55AA2758,32 Ft XL,1.27493E+18
HR56B7477,40 Ft DXL,204019601
NL01AG0448,32 Ft XL,2146623208
KA01AL4861,32 Ft XXL,1.35482E+18
HR55AC5086,32 Ft XXL,1.35044E+18
MH12RN3035,32 Ft XL,1.27493E+18
MH46BF6521,32 Ft XL,1.27493E+18
GJ27V9485,32 Ft XL,1.34387E+18
TN39CM8659,32 Ft XXL,1271043962
TN88U5351,32 Ft XXL,813137443
HR55Y0868,32 Ft XXL,1.37248E+18
TN30U6885,24 Ft XXL,1.36419E+18
KA01AG8802,20 Ft XL,1936352241
NL01AD0593,32 Ft XXXL,2741874244
HR55AQ7789,32 Ft XL,4132186330
NL01AA5974,32 Ft XL,1.36521E+18
HR55U0921,32 Ft XXL,1.27493E+18
PB13BE5270,32 Ft XL,3897150789
NL01AG4637,32 Ft XL,2921123730
NL01L2476,32 Ft XXL,1.33853E+18
KA51AF5779,22 Ft XL,3299064985
MH43BG3097,32 Ft XXL,690080863
UP78CT2981,32 Ft XL,3251962340
NL01AF1034,32 Ft XL,1.27493E+18
KA52B2015,22 Ft XL,3141194182
HR55U3955,32 Ft XXL,1960149178
TN88H2477,32 Ft XXL,622358456
HR63D0031,32 Ft XXL,2790641134
MH14LX4554,32 Ft XL,2186892581
NL01AF1043,32 Ft XL,1.27493E+18
HR46D4257,32 Ft XXL,3772845962
NL01AD5128,32 Ft XL,1.27493E+18
HR38T8820,32 Ft XXL,2045484468
TN56Q4307,32 Ft XXL,2314125170
HR55AQ9810,22 Ft XL,2514232031
PB11CJ2276,32 Ft XXL,2322689137
KA50A5314,22 Ft XL,4234423838
TN36AH5989,22 Ft XL,3080284588
KA52B0899,32 Ft XL,1957196680
RJ11GB9589,32 Ft XXL,3442374659
KA17AA5375,32 Ft XXL,3579763307
TS10UC4869,32 Ft XL,1293337262
GJ19X5349,32 Ft XXL,3118177014
RJ14GG4607,32 Ft XL,2647333561
HR38V1134,22 Ft XL,737712730
TN87C3488,22 Ft XL,3622929226
TN12Q8254,32 Ft XXL,1844041512
TN54K6161,32 Ft XXL,4138061357
HR38AA6283,32 Ft XL,4013427852
HR38U6270,22 Ft XL,3773590453
HR55AJ0364,32 Ft XL,2463724394
MP04GB0713,32 Ft XL,1.34387E+18
TN02BS2425,17 Ft XL,2577316072
PB13AR8705,32 Ft XXL,1.27493E+18
KA01AA4169,22 Ft XL,4181542896
TN59CL1617,22 Ft XL,228288382
RJ10GB1280,32 Ft XXL,1113720430
AP16TX4601,32 Ft XXL,3536829949
HR38AA4177,32 Ft XL,2130581551
HR38AB6199,32 Ft XL,1590686214
TN02BS2454,22 Ft XL,170825256
TN02BS5052,22 Ft XL,170825256
TN02BR7520,22 Ft XL,2577316072
TN39CY1071,32 Ft XL,1.36994E+18
MH12SX4347,32 Ft XL,1280581805
HR38AB4917,22 Ft XL,3234021392
HR38AV0685,32 Ft XL,3234021392
PB13AR8738,32 Ft XXL,1.27493E+18
NL01AC1848,32 Ft XL,1.27493E+18
NL01Q4010,32 Ft XL,1980459104
HR56B4945,24 Ft XXL,3772845962
PB13AR8212,32 Ft XXL,1.27493E+18
NL01AA6952,32 Ft XL,3981557579
PB13AR8703,32 Ft XXL,1.27493E+18
HR63C5297,24 Ft XXL,3298444839
RJ14GK3514,32 Ft XXL,1.27493E+18
TN99B0781,22 Ft XL,2732404299
HR55AJ7907,22 Ft XL,1.30944E+18
HR55AK9387,22 Ft XL,818100544
RJ11GB7075,32 Ft XXL,3761656160
NL01AD5137,32 Ft XL,1.27493E+18
HR55W6373,32 Ft XXL,267942975
HR55A0878,32 Ft XL,1.27493E+18
NL01K8855,32 Ft XXL,1.41376E+18
NL04D5799,32 Ft XL,1675607123
TS12UC4699,32 Ft XXL,1617854670
WB23D4339,32 Ft XXL,1.36388E+18
HR38AB7412,32 Ft XL,3908165514
MH04JK1468,32 Ft XXL,1.37247E+18
RJ09GC3750,24 Ft XXL,818786185
NL01AE9023,32 Ft XL,1.27493E+18
TN31CA2729,32 Ft XXL,1.39961E+18
HR38AB4964,32 Ft XL,3234021392
KA51A1898,32 Ft XL,1.28406E+18
HR38W4634,32 Ft XXL,1.27493E+18
HR55AA0554,32 Ft XL,1.27493E+18
GJ01FT5420,32 Ft XL,1.27493E+18
TN40E0112,32 Ft XXL,1115169021
TS07UE5817,32 Ft XXL,1.27493E+18
HR55AG2057,22 Ft XL,2133070817
RJ14GH6969,32 Ft XXL,2778726045
HR55K8168,32 Ft XL,818100544
RJ10GA8061,22 Ft XL,1272545252
NL01AE8983,24 Ft XXL,2617245338
RJ32GC4057,32 Ft XL,1.27493E+18
TS07UG2333,32 Ft XXL,1.27493E+18
HR55K1732,32 Ft XXL,1.37788E+18
TS07UE7356,32 Ft XXL,1.27493E+18
NL01L4383,32 Ft XXL,1.41376E+18
RJ14GL1750,32 Ft XXL,1335564495
TN39CS1553,22 Ft XL,3119739824
UP16HT3732,22 Ft XL,811681233
NL01AD2964,32 Ft XXL,1.27493E+18
HR38AB8515,22 Ft XL,2808252287
HR38AC5893,22 Ft XL,961834304
HR55T6726,32 Ft XXL,4112769211
MH04GF9174,24 Ft XXL,2319926946
HR38AC1542,32 Ft XL,3653682006
RJ14GG4598,32 Ft XL,1733578037
HR55AB0691,32 Ft XXL,1.35906E+18
GJ12BT5751,24 Ft XXL,3186175901
AP39TR6961,24 Ft XL,346174384
HR55AK9485,22 Ft XL,2706674311
KA02AD9294,22 Ft XL,1155614338
UP16HT3726,22 Ft XL,811681233
UP21CN0180,32 Ft XXL,3197777266
TN47BV0897,32 Ft XL,339783836
NL01AA9428,32 Ft XL,4112769211
NL01Q1828,32 Ft XL,4112769211
HR55X3247,32 Ft XL,1.31206E+18
TN39CF9352,32 Ft XXL,1271043962
UP21CN7499,32 Ft XXL,490825320
TN52K3677,32 Ft XXL,153147850
KA52A8345,22 Ft XL,1272545252
HR55AE6381,32 Ft XXL,1.34095E+18
UP82AT0774,32 Ft XL,123576847
HR38X1770,32 Ft XL,1272519803
TS07UG6841,32 Ft XXL,1.27493E+18
TN58AQ9747,32 Ft XXL,1.27493E+18
BR06GB1704,32 Ft XXL,1535420470
NL01AE2502,32 Ft XL,1.27493E+18
CH01TB6470,32 Ft XL,2838899538
HR68B6013,32 Ft XL,2838899538
HR55Y4626,32 Ft XL,481817470
HR55W7352,32 Ft XL,1542770824
NL01AC4410,32 Ft XXL,1.33805E+18
MH04HD5045,32 Ft XXL,1.35511E+18
MH12MV5511,32 Ft XXL,1600612906
RJ32GC3254,32 Ft XL,1.27493E+18
NL01AE1954,32 Ft XL,1.27493E+18
UK06CA3733,22 Ft XL,3135096687
NL01N3861,32 Ft XL,1.36489E+18
TN18AZ5694,22 Ft XL,25619010
NL01N7445,32 Ft XL,1.27493E+18
HR55AG6498,32 Ft XL,1.27493E+18
KA51C7129,22 Ft XL,3299064985
NL01N3863,32 Ft XXL,1.36489E+18
HR38U5277,32 Ft XL,1317484428
WB11F2091,32 Ft XL,3876917080
KA51AG5089,22 Ft XL,3299064985
MH14FT0821,32 Ft XXL,3022205886
NL01AB0525,32 Ft XXL,4112769211
HR68B1098,32 Ft XL,2838899538
NL01AF1031,32 Ft XL,1.27493E+18
PB13BC8843,32 Ft XXL,1.27493E+18
TN52M5677,32 Ft XXL,153147850
TS07UE8860,32 Ft XXL,1.27493E+18
HR55AK5969,32 Ft XL,2517344800
CH01TB4064,32 Ft XL,2838899538
HR61B7522,32 Ft XL,2437030565
GJ01AZ5601,32 Ft XL,2240903050
UP16DT8115,22 Ft XL,811681233
HR61D3489,32 Ft XL,1.27493E+18
TN39CK9760,32 Ft XXL,1271043962
CH01TB2631,32 Ft XL,2838899538
NL01L9534,32 Ft XXL,1.41376E+18
HR38Z1011,32 Ft XXL,1.27493E+18
NL01AD6811,32 Ft XL,1.27493E+18
RJ05GB3314,32 Ft XXXL,2012073106
MH46BB9612,32 Ft XXL,621337450
MH12RN4250,32 Ft XL,3022205886
TN38CZ5898,22 Ft XL,1304417207
PB23J5865,17 Ft XL,1745969408
TN58AL4430,32 Ft XXL,1.27493E+18
TN39CQ4881,32 Ft XXL,1271043962
KA51AF6949,32 Ft XL,3299064985
GJ01HT4743,32 Ft XL,1.27493E+18
WB23D4363,32 Ft XXL,1.36388E+18
KA51AB2078,32 Ft XXL,3002720573
HR55V7707,32 Ft XL,1.27493E+18
HR55AG3679,32 Ft XL,1.27493E+18
RJ32GC2187,32 Ft XXL,3803263520
DL1GC3538,32 Ft XXL,1.27493E+18
TN42AX5859,22 Ft XL,998932206
TN39CS3121,32 Ft XXL,1271043962
KA51AG5099,22 Ft XL,3299064985
MH40BL7293,32 Ft XXL,3072985677
DL1MA6569,22 Ft XL,3722569308
HR68B3232,32 Ft XL,2838899538
HR68B9253,32 Ft XL,2838899538
HR55AK3544,22 Ft XL,2288543211
HR55AK1321,32 Ft XL,586056444
GJ01JT3849,32 Ft XL,1.27493E+18
DL1MA6583,22 Ft XL,3722569308
RJ14GG6832,32 Ft XL,1733578037
HR55N3948,32 Ft XL,818100544
NL01AC4691,32 Ft XL,1.29422E+18
NL01Q4671,32 Ft XL,3909662790
KA51A5847,32 Ft XL,751771306
GJ01HT4528,32 Ft XL,1.27493E+18
HR55AK8060,32 Ft XXL,1720897458
HR47D3739,32 Ft XL,3592293979
NL01AB5293,32 Ft XL,3117739931
HR46E9747,32 Ft XL,3888426839
TN52H6858,32 Ft XXL,626256173
TN01AZ6273,32 Ft XL,1.27493E+18
NL01K1772,32 Ft XXL,1.41376E+18
MH04GF9152,24 Ft XXL,2319926946
NL01N8168,32 Ft XXL,1851720689
RJ11GB9277,32 Ft XXL,3770692317
MH43BP3197,32 Ft XXL,1.37249E+18
HR55AK3553,32 Ft XXL,1419996312
HR46E8928,32 Ft XL,3888426839
UP75AT1635,32 Ft XL,2727221221
MH04JU1338,32 Ft XL,795547115
TN39CQ5691,32 Ft XXL,1271043962
HR55AG4900,32 Ft XL,1.27493E+18
CH01TB8900,32 Ft XL,2838899538
MH46BF7253,22 Ft XL,4171568488
UK08CA3042,22 Ft XL,2106367732
HR68B6051,32 Ft XXL,3198271083
DD03P9585,32 Ft XXL,1.27493E+18
MH40BG7293,32 Ft XXL,3072985677
GJ01HT4992,32 Ft XL,1.27493E+18
CG14MD8100,24 Ft XXL,1291047230
HR46F1917,32 Ft XL,3888426839
MH40BL6846,32 Ft XXL,3072985677
MH40BL7140,32 Ft XXL,3072985677
HR55AK0021,32 Ft XL,586056444
HR47D1671,32 Ft XL,1.27493E+18
RJ11GB9514,32 Ft XXL,1682706600
CG14D0651,24 Ft XXL,1291047230
HR38AC7850,32 Ft XL,2770325237
HR55AG8357,32 Ft XXL,1.36489E+18
MH04GF9176,24 Ft XXL,2319926946
TN39CK6590,32 Ft XXL,1256896852
KA51AD5854,32 Ft XXL,1.27493E+18
HR46F8706,32 Ft XL,3888426839
HR55AJ6112,32 Ft XL,4141203250
TN28BH0967,22 Ft XL,1194432177
HR68A7193,32 Ft XL,2838899538
HR68A1679,32 Ft XL,2838899538
KA02AF0930,22 Ft XL,2015174976
HR38Y1327,32 Ft XL,2770325237
HR68B9720,32 Ft XL,2838899538
HR55AF6184,32 Ft XXL,267942975
HR55AC2229,32 Ft XL,4141203250
PB13AA8255,32 Ft XL,1096937255
NL01L6120,32 Ft XXL,1.41376E+18
HR69B9668,32 Ft XL,4039085310
HR47C3238,32 Ft XXL,1.27493E+18
HR38X9736,32 Ft XL,628431074
MH46BM1525,32 Ft XXL,4180335629
HR55N5148,32 Ft XL,818100544
TN29BR7450,22 Ft XL,1831973317
UP21CT1578,32 Ft XXL,805980026
HR68C7910,32 Ft XL,2838899538
TN24AK5713,32 Ft XL,3697354084
TN25AL0203,17 Ft XL,2264919026
UP21CT3874,32 Ft XXL,1419125619
TN39CD1802,22 Ft XL,1348752675
HR68B6187,32 Ft XL,2838899538
UP21CN1625,32 Ft XXL,436868662
NL01AF2488,32 Ft XL,3988371116
NL01AD5117,32 Ft XL,1.27493E+18
WB11D8557,32 Ft XL,1816345139
GJ01DV6155,32 Ft XL,1.27493E+18
WB11F2244,32 Ft XL,3876917080
HR38AC5235,32 Ft XL,2770325237
HR38Z4141,32 Ft XL,2770325237
TN39CB2363,22 Ft XL,1348752675
PB13BJ9229,32 Ft XL,2268745677
RJ10GB2248,32 Ft XL,2730094141
UP16HT3715,22 Ft XL,811681233
TN38CZ4018,22 Ft XL,2552185099
CH01TB7248,32 Ft XXL,2838899538
CH01TB7805,32 Ft XL,2838899538
RJ32GC1927,32 Ft XL,1185687987
HR69C6260,22 Ft XL,2771655992
HR55AK4688,22 Ft XL,4262854756
MH23AU1847,32 Ft XL,39193158
TN97Z4370,32 Ft XL,832640546
HR69B7478,32 Ft XL,726656351
HR55AL4317,32 Ft XL,1982572239
TN38CW5781,17 Ft XL,2015548834
HR56A5158,32 Ft XL,1703646594
AS01NC7568,32 Ft XL,2791051512
HR55X2962,32 Ft XXL,1.27493E+18
HR47E0757,32 Ft XL,3888426839
KA52A0991,22 Ft XL,4160987336
WB23D4340,32 Ft XXL,1.36388E+18
HR68B9774,32 Ft XL,2770325237
HR46E1884,32 Ft XL,1425345942
HR69D9658,32 Ft XXL,801495933
GJ23AT7111,32 Ft XL,1.27493E+18
UP25DT7266,32 Ft XXL,2771655992
GJ06XX6669,32 Ft XL,18625792
KA01AF4561,32 Ft XXL,1930959888
TS07UE7366,32 Ft XXL,1.27493E+18
TN73AF0405,32 Ft XXL,3529277557
CH01TB3587,32 Ft XL,2838899538
HR69D9656,32 Ft XXL,801495933
HR61C4473,32 Ft XL,1425345942
KA01AE1293,32 Ft XXL,1930959888
MH42AQ5889,32 Ft XXL,1.27493E+18
RJ32GC1929,32 Ft XL,1185687987
UP78GT6744,22 Ft XL,2288543211
DL1MA7531,22 Ft XL,3722569308
RJ18GB3680,32 Ft XL,2707478552
GJ01DV7264,32 Ft XL,1.27493E+18
NL01AE2513,32 Ft XL,1.27493E+18
HR38AC2470,32 Ft XL,2770325237
TN39CH0078,32 Ft XL,807885813
HR38AC8502,32 Ft XL,2770325237
HR38AA9487,32 Ft XL,2770325237
CH01TB3259,32 Ft XL,2838899538
HR55AA3830,32 Ft XL,1668670859
UP21CN2477,32 Ft XXL,3499674904
RJ11GB9513,32 Ft XXL,1682706600
UP21CN4059,32 Ft XXL,1283948913
HR69B5448,32 Ft XL,4016086383
NL01AF4828,32 Ft XL,1.27493E+18
HR73A5432,32 Ft XXL,3198271083
MH20DE5971,32 Ft XXL,1.35108E+18
HR38AC2914,32 Ft XL,2770325237
HR38Y8899,32 Ft XXL,2770325237
MH46BM4999,32 Ft XL,621337450
HR55AL4561,32 Ft XL,1.36451E+18
TN22DV3361,22 Ft XL,2126928469
MH40BL0409,22 Ft XL,3519286981
HR55AL2027,32 Ft XL,1.27493E+18
HR38AB9586,32 Ft XL,4282519870
MH04JK1059,32 Ft XXL,929016104
TS07UE8697,32 Ft XXL,1.27493E+18
KA01AG3228,32 Ft XL,2999195576
UK06CB5315,32 Ft XL,2432246931
UK06CB6876,32 Ft XL,2432246931
NL01AD5151,32 Ft XL,1.27493E+18
NL01L7896,32 Ft XXL,1.33853E+18
RJ07GD6159,32 Ft XL,1863702984
NL01AD5113,32 Ft XL,1.27493E+18
TN29BR2970,22 Ft XL,1467757409
KA01AM1634,32 Ft XXL,2105275687
TN54U2691,22 Ft XL,2704369677
TN88H0637,32 Ft XL,3420829103
RJ10GB4986,32 Ft XL,1038921782
TS07UG3405,32 Ft XXL,1.27493E+18
RJ14GK1472,32 Ft XXL,1.27493E+18
UP21BN7544,32 Ft XXL,1115169021
TN39CS6204,32 Ft XXL,1271043962
MH46BM4666,32 Ft XXL,621337450
HR55AH3151,32 Ft XXL,267942975
HR55W5550,32 Ft XXL,1.33805E+18
MH04HY3777,32 Ft XL,1482464153
TN88U4419,32 Ft XXL,4116518126
HR46E4263,32 Ft XL,3888426839
NL01AA0283,32 Ft XXL,1.33853E+18
NL01AC3813,32 Ft XXL,1.33853E+18
HR38AB8019,32 Ft XL,2770325237
MH40CD6743,32 Ft XXL,2175497856
HR38AC5927,32 Ft XL,2770325237
HR622956,32 Ft XXXL,1473952603
MH40CD6745,32 Ft XXL,2175497856
TN28BH5659,32 Ft XXL,3524611596
KA51AG3726,22 Ft XL,1861644730
HR55AH5275,32 Ft XXL,267942975
TN52AC4777,32 Ft XXL,1.28958E+18
TN42S1399,32 Ft XXL,1359097865
HR55X1085,32 Ft XXL,1.27493E+18
MH04JK2550,32 Ft XXL,1.39572E+18
MH04JK2552,32 Ft XXL,1.39572E+18
TN88E0554,32 Ft XL,3420829103
NL01AF1048,32 Ft XL,1.27493E+18
NL01N6627,32 Ft XL,4112769211
HR46F8082,32 Ft XL,3888426839
TN90E7967,32 Ft XXL,1.31302E+18
HR67A2325,32 Ft XXL,1150948763
JH12G6404,32 Ft XXL,691590684
HR46D2760,32 Ft XXL,1150948763
NL01AB4142,32 Ft XL,2492278967
HR46E1941,32 Ft XL,3888426839
CH01TB4348,32 Ft XL,2838899538
HR46F6512,32 Ft XL,3888426839
HR55T8977,32 Ft XXL,1.35182E+18
TN39CP3296,32 Ft XXL,1271043962
GJ01DZ3774,32 Ft XL,1180444251
PB13AA8254,32 Ft XL,1096937255
NL01AE2525,32 Ft XL,2494087064
HR55AC7024,32 Ft XL,2601101007
MH04KF1167,32 Ft XL,494629442
MH42AQ7289,32 Ft XXL,1.27493E+18
KA51AE2222,22 Ft XL,558145459
GJ12BT1229,32 Ft XXXL,1608917745
GJ12BT9280,32 Ft XXXL,1608917745
NL01AE1958,32 Ft XL,1.27493E+18
HR38AB2617,32 Ft XL,1.36451E+18
HR55AL7681,22 Ft XL,1.27493E+18
HR47E4721,32 Ft XL,2191655216
TN52K7677,32 Ft XXL,1.28958E+18
KA51AF6859,32 Ft XL,3299064985
HR61D0969,32 Ft XL,2387591901
KA51AG5353,22 Ft XL,558145459
NL01AE9022,32 Ft XL,705899548
NL01AE2532,32 Ft XL,1.27493E+18
NL01AC4688,32 Ft XXL,1.29422E+18
RJ32GC1128,32 Ft XXL,1185687987
HR47C2321,32 Ft XXL,2965778612
NL01K8822,32 Ft XXL,1.41376E+18
HR38X4904,32 Ft XL,1874062980
TN39CT2206,32 Ft XXL,699092542
HR46F7725,32 Ft XL,3888426839
TN39CQ8605,32 Ft XXL,1271043962
TN52M7077,32 Ft XXL,1.28958E+18
HR55AK4622,22 Ft XL,2288543211
NL01AD6807,32 Ft XL,1.27493E+18
CH01TB2620,32 Ft XXL,2838899538
TN39CS3489,32 Ft XL,4067552050
MH43BP3403,22 Ft XL,2126873029
UP21CT3577,32 Ft XXL,2291735483
NL01AB1089,32 Ft XXL,1.27493E+18
HR38V9273,32 Ft XL,1248047989
MH40BG1224,32 Ft XL,3072985677
MH40BG8211,32 Ft XXL,3816906669
AS01NC7313,32 Ft XL,2791051512
RJ32GB7371,32 Ft XXL,1185687987
HR55AK8845,32 Ft XXL,1419996312
KA52B0029,22 Ft XL,1272545252
GJ01FT8473,32 Ft XL,1180444251
HR46E0675,32 Ft XL,3888426839
NL01AD9953,32 Ft XL,1763251974
MH04JU4994,32 Ft XL,1763251974
HR38U4639,32 Ft XL,2862878276
JH02AR2616,32 Ft XXL,691590684
HR55X9262,32 Ft XXL,3494412717
NL01AD9959,32 Ft XL,1763251974
NL01Q3676,32 Ft XL,548066073
UP21BN0875,32 Ft XL,872244056
MH04JU3118,32 Ft XL,1763251974
PB13BX6336,32 Ft XL,1753868757
RJ32GC6749,32 Ft XL,2827959789
RJ32GC6746,32 Ft XL,2827959789
TN12AQ5881,32 Ft XXL,2707145566
HR55U2971,32 Ft XL,4244867269
HR47D8090,32 Ft XL,2463724394
HR46F0436,32 Ft XL,3888426839
HR55AF2180,32 Ft XL,1763251974
HR55AG4098,22 Ft XL,1.32428E+18
NL01AE5644,32 Ft XXL,1.33853E+18
UK06CB7011,32 Ft XL,124847200
HR68B8655,32 Ft XL,2838899538
NL01AE5157,32 Ft XL,1.27493E+18
TN16D9824,32 Ft XXL,2384970192
MH40AK7311,32 Ft XXL,3816906669
KA01AA2570,22 Ft XL,4181542896
HR39D9099,32 Ft XXXL,2996565292
HR38U4546,32 Ft XL,4282519870
HR63D0391,32 Ft XL,3897150789
NL01AD9958,32 Ft XL,1763251974
TN12AR2926,32 Ft XL,105402506
HR47D9094,32 Ft XXL,3956481840
TN32AM3359,22 Ft XL,1036248846
UK06CA6123,32 Ft XL,1715067714
AS01NC7565,32 Ft XL,2791051512
GJ18AZ5355,32 Ft XL,3805031758
NL01AD5150,32 Ft XL,1.27493E+18
KA52A9352,32 Ft XL,1957196680
KA01AK2266,32 Ft XXL,1.37286E+18
NL01AA8984,32 Ft XL,1.27493E+18
HR55AK7166,32 Ft XXL,1.29422E+18
HR55AA3971,32 Ft XL,1124676010
KA52B0973,32 Ft XL,1957196680
MH04HY3785,32 Ft XL,1763251974
NL01AE5559,32 Ft XL,1763251974
UK06CB7324,32 Ft XL,125378936
NL01Q5367,22 Ft XL,2601101007
HR55AK1358,32 Ft XL,4141203250
HR39C6430,32 Ft XL,1124676010
HR38AB5626,22 Ft XL,2808252287
NL01AE2537,32 Ft XL,1.27493E+18
KA02AH7559,22 Ft XL,1305186439
NL01AD5144,32 Ft XL,1.27493E+18
NL01L2551,32 Ft XXL,1.41376E+18
NL01AE5723,32 Ft XL,1763251974
RJ18GB7653,32 Ft XL,1.27493E+18
HR46F2731,32 Ft XL,4220346851
HR55S3391,32 Ft XL,691590684
HR55V1258,32 Ft XXL,3450906020
MH04JU3194,32 Ft XL,1763251974
PB13BG6654,32 Ft XXL,3897926231
HR46F5576,32 Ft XL,3888426839
NL01N7631,32 Ft XL,1.27493E+18
NL01AE8650,32 Ft XXL,1.33853E+18
HR56A9334,32 Ft XL,1176356331
RJ32GC1935,32 Ft XL,1185687987
RJ27GE1577,32 Ft XXL,744933130
NL01G9737,32 Ft XXL,1.33853E+18
RJ32GC8059,32 Ft XL,3386160831
HR38AA8452,22 Ft XL,1816174169
HR55AJ7744,22 Ft XL,1.30944E+18
GJ12B0321,32 Ft XL,1193123432
NL01AF4829,32 Ft XL,1.27493E+18
NL01AE5720,32 Ft XL,1763251974
MH04GF9168,24 Ft XXL,2319926946
NL01AD5133,32 Ft XL,1.27493E+18
HR68B3189,32 Ft XL,2838899538
NL01AF2486,32 Ft XL,3988371116
HR38AC0841,32 Ft XL,2770325237
MP04GB2483,32 Ft XL,3032577129
HR55AG0472,22 Ft XL,1.27493E+18
MH14GD1811,32 Ft XL,611100283
UP21BN9396,32 Ft XXL,1336859382
HR68A7147,32 Ft XL,2838899538
CH01TB5347,32 Ft XL,2838899538
UP78DN8273,32 Ft XL,872244056
NL01G0557,32 Ft XXL,1.33853E+18
NL01AF1050,32 Ft XL,1.27493E+18
NL01L3685,32 Ft XXL,1.33853E+18
NL01L1397,32 Ft XXL,1.33853E+18
HR68B3408,32 Ft XL,2838899538
CH01TB4673,32 Ft XL,2838899538
RJ14GK4866,32 Ft XXL,3811649588
RJ32GC6635,32 Ft XL,3028961320
NL01AD5182,32 Ft XL,1.27493E+18
MH04GF9050,32 Ft XXL,484342666
HR38AB9151,32 Ft XL,2770325237
NL01AD5152,32 Ft XL,1.27493E+18
RJ07GC8158,32 Ft XXL,4083752566
NL01AE1949,32 Ft XL,1.27493E+18
NL01L3540,32 Ft XXL,1.33853E+18
HR68B1289,32 Ft XL,2838899538
MH46BF4666,32 Ft XXL,621337450
RJ27GE1277,32 Ft XXL,744933130
KA01AK6237,22 Ft XL,362513962
RJ05GB4467,24 Ft XXL,2392422616
NL01AD5322,32 Ft XL,3117739931
WB11F2114,32 Ft XXL,3876917080
NL01G6402,32 Ft XXL,1150948763
HR46E1261,32 Ft XL,3888426839
NL01AA5521,32 Ft XXL,4264705003
UP21CN9727,32 Ft XL,872244056
HR68A1580,32 Ft XL,2838899538
GJ12BY7510,32 Ft XXXL,1608917745
GJ01DV5715,32 Ft XXL,1.27493E+18
RJ14GL9460,32 Ft XXL,4054241774
TN02AX4654,32 Ft XL,1630281714
HR38AA5065,32 Ft XL,2770325237
HR38U0557,22 Ft XL,1199079010
PB03AZ0603,24 Ft XXL,1753868757
KA41B4627,22 Ft XL,131772426
NL01AD1161,32 Ft XL,662067935
TN36AU2183,32 Ft XXL,1701426074
HR38AB6903,22 Ft XL,528477028
NL01Q9333,32 Ft XXL,1.41376E+18
NL01Q9191,32 Ft XXL,1.41376E+18
NL01AE5658,32 Ft XL,1763251974
NL011L6891,32 Ft XXXL,1.34396E+18
NL01AE5303,32 Ft XXL,1.33853E+18
HR55AJ8822,32 Ft XL,2058958247
KA02AH4140,22 Ft XL,3970541655
HR47D0301,32 Ft XXL,1.27493E+18
HR38V3219,32 Ft XL,1874062980
KA52A8283,22 Ft XL,1957196680
TN36AU2095,32 Ft XXL,1701426074
HR55AK1224,32 Ft XXL,1.27493E+18
NL01AD5169,32 Ft XL,1.27493E+18
UP53GT5813,32 Ft XXL,2306105150
TN39CD6097,32 Ft XXL,1271043962
UP53GT8569,32 Ft XL,2306105150
NL01AE1953,32 Ft XL,1.27493E+18
HR55AJ9532,32 Ft XL,586056444
HR55W5462,32 Ft XL,101343703
HR63D1945,32 Ft XXL,1.27493E+18
GJ01HT0543,32 Ft XL,1180444251
NL01AF3163,32 Ft XL,3988371116
TN88H4612,32 Ft XL,990826300
HR55AJ0204,22 Ft XL,1716273455
HR55W8117,32 Ft XL,3988371116
RJ32GC3977,32 Ft XXXL,860143842
NL01AB2093,32 Ft XL,1.27493E+18
NL01AD6816,32 Ft XL,1.27493E+18
CH01TB9412,32 Ft XL,2838899538
CH01TB3201,32 Ft XL,2838899538
HR55AF4297,32 Ft XL,1.36489E+18
UP21CN5908,32 Ft XL,2840469724
GJ18BT8609,32 Ft XL,2482930733
TS08UF9805,32 Ft XXL,2045484468
NL01AF1055,32 Ft XL,1.27493E+18
HR55Y8477,24 Ft XXL,946613768
MH04GR1065,32 Ft XXL,2319926946
UP32GN8417,32 Ft XL,1.27493E+18
NL01AF5894,32 Ft XXL,1.41376E+18
UP84T6314,34 Ft XL,982856193
UP53GT5676,32 Ft XL,3914731708
HR55AL5743,32 Ft XXL,1419996312
UK06CB7852,32 Ft XL,1.27493E+18
HR46E6998,32 Ft XXL,705261543
KA01AL9235,32 Ft XL,2883291571
UP21CN9584,32 Ft XL,1925483557
HR38U7643,32 Ft XXL,2045484468
GJ12BT2115,32 Ft XXXL,361831879
HR55W7177,24 Ft XXL,1230176835
UP53GT8812,32 Ft XL,2306105150
PB11CJ2290,32 Ft XXL,2451253805
TN12AS0434,32 Ft XL,105402506
HR69C5786,32 Ft XL,630825418
KA01AD5902,32 Ft XXL,1.27493E+18
TN12AR6737,22 Ft XL,105402506
HR66B6945,32 Ft XXL,190363483
RJ32GB8777,24 Ft XXL,1230176835
RJ32GB8677,24 Ft XXL,1230176835
RJ18GB6301,32 Ft XL,1.27493E+18
HR55Y7477,32 Ft XXXL,946613768
UP21CN7426,32 Ft XXL,1115169021
NL01K9442,32 Ft XXL,1.41376E+18
MH04GF9172,24 Ft XXL,2319926946
HR55AJ1998,22 Ft XL,1716273455
AP03TE7499,40 Ft DXL,3699797569
HR55Y9252,32 Ft XL,1.27493E+18
HR46C4165,32 Ft XXXL,3120138244
PB11CJ3537,32 Ft XXL,2451253805
HR65A5594,32 Ft XXL,2451253805
HR68A1560,32 Ft XL,2838899538
RJ10GA8075,32 Ft XL,101343703
TN52M3481,32 Ft XL,3536538517
HR55AL6305,32 Ft XL,2889823739
MH04GF9169,24 Ft XXL,2319926946
UP21CT5062,32 Ft XL,872244056
RJ32GB8377,24 Ft XXL,1230176835
NL01AC3435,32 Ft XXL,1.41376E+18
HR47D2214,32 Ft XL,2463724394
HR38W3359,32 Ft XL,1.27493E+18
HR47D1854,32 Ft XL,2463724394
HR55AJ2256,22 Ft XL,1225747208
GJ36T9134,32 Ft XL,2827621484
NL01AF2487,32 Ft XL,3988371116
RJ32GC3577,32 Ft XXXL,860143842
HR55AJ0252,22 Ft XL,1716273455
HR55V1117,32 Ft XL,3988371116
BR06GE5242,32 Ft XL,1675607123
HR55AP8957,32 Ft XXL Ft XXL,176556616
MH04GR1063,24 Ft XXL,2319926946
UK06CB3447,32 Ft XL,1.27493E+18
MH04GF8895,32 Ft XXL,2319926946
KA51AF7256,32 Ft XL,1.29971E+18
UP53GT5815,32 Ft XXL,3914731708
WB11C6076,32 Ft XXL,3766410643
RJ32GB8877,32 Ft XXXL,1230176835
NL01AF1883,32 Ft XL,4112769211
HR47C2750,32 Ft XXL,1.29422E+18
RJ27GE0877,32 Ft XXL,744933130
HR55W3177,32 Ft XXXL,1230176835
NL01AE4247,32 Ft XXXL,4037542443
HR55W5077,32 Ft XXXL,1230176835
HR55AL4147,32 Ft XXL,1419996312
UP21BN7546,32 Ft XXL,1115169021
HR47E6768,32 Ft XXL,1.29422E+18
HR55AJ5281,22 Ft XL,1716273455
HR38AC3216,32 Ft XL,1599883026
GJ01DV5844,32 Ft XXL,1.27493E+18
UP53GT8227,32 Ft XL,2306105150
NL01AC2453,32 Ft XXL,744933130
HR55V8643,32 Ft XXL,3234395569
GJ12BY6549,32 Ft XXXL,361831879
RJ09GC1839,32 Ft XXXL,483044508
HR55AJ4969,22 Ft XL,1464548514
HR46D5280,32 Ft XL,705261543
HR66B3196,32 Ft XL,3778460613
KA01AH3314,22 Ft XL,1272545252
HR55AH8647,32 Ft XL,1.27493E+18
HR55AL7133,32 Ft XXL,1.29422E+18
MH46BF8551,32 Ft XL,470049837
UK06CB0474,32 Ft XXL,3707208693
MP09HH7685,32 Ft XXL,1.27493E+18
RJ14GN1532,32 Ft XL,2005079660
RJ14GJ5364,32 Ft XXL,4264705003
OD15L5470,32 Ft XXL,1.41376E+18
NL01AF5891,32 Ft XXL,1.41376E+18
NL01AC7418,32 Ft XXL,1.41376E+18
TN02BS5828,22 Ft XL,105402506
BR06GE1795,32 Ft XL,1675607123
KA01AF8467,32 Ft XL,1.27493E+18
HR55Y2163,32 Ft XXXL,752833987
HR38AC5753,32 Ft XL,1317484428
UP21CT1542,32 Ft XXL,4287187154
NL01AC5011,32 Ft XXL,744933130
GJ12BT6710,32 Ft XXXL,1608917745
UP53GT9397,32 Ft XL,2306105150
RJ32GC3677,32 Ft XXXL,860143842
GJ12BT4540,32 Ft XXXL,1608917745
UK06CB0424,32 Ft XXL,4134253475
GJ12BW9010,32 Ft XXXL,1608917745
MH04JU4003,32 Ft XL,1763251974
RJ32GC4054,32 Ft XXL,1.27493E+18
UK06CB4649,32 Ft XXL,1971534295
GJ01JT9292,32 Ft XL,328331555
GJ12BT4584,32 Ft XXXL,1608917745
HR63E9624,32 Ft XL,1.27493E+18
MH04KU6258,32 Ft XXL,2011034040
KA52A8625,32 Ft XXL,1.41738E+18
NL01AD5551,32 Ft XL,1.27493E+18
RJ07GD2319,32 Ft XXXL,810914551
HR38W7338,32 Ft XXL,2148477730
WB23D4338,32 Ft XXL,1.36388E+18
HR74B2744,32 Ft XL,20046284
HR55AL4388,32 Ft XL,1.27493E+18
TN39CP7709,32 Ft XXL,1271043962
NL01AF2107,32 Ft XXL,2921031696
KA01AD9839,32 Ft XL,2999195576
HR38AB5367,22 Ft XL,3234021392
HR55X6554,32 Ft XXL,966859472
HR68B5388,32 Ft XXL,2838899538
GJ12BY1010,32 Ft XXXL,1608917745
NL01AD5147,32 Ft XL,1.27493E+18
HR68B7892,32 Ft XXL,2838899538
NL01L8208,32 Ft XXL,1.27493E+18
HR63E4160,32 Ft XL,1.27493E+18
HR68B2844,32 Ft XXL,2838899538
HR38AB9772,32 Ft XL,1562663088
HR55AJ9553,22 Ft XL,1716273455
UP78DT2381,32 Ft XL,1925483557
MH14GD0117,32 Ft XL,3903730415
NL01AF2172,32 Ft XL,1763251974
HR68B5746,32 Ft XXL,2838899538
RJ07GC8823,24 Ft XXL,4083752566
MHO4HD0791,32 Ft XXL,1763251974
HR68B2417,32 Ft XL,1595549574
NL01AE4256,32 Ft XL,1763251974
RJ11GB6961,32 Ft XXL,1.27493E+18
HR61D4084,22 Ft XL,764346381
RJ32GC4321,32 Ft XL,3053163127
HR63E2739,32 Ft XL,1.27493E+18
MH04JU1831,22 Ft XL,2715681784
TN88H5871,32 Ft XXL,1034250895
HR55AK6876,22 Ft XL,909131034
KA21A3710,32 Ft XL,1630281714
MH40AK1864,32 Ft XL,3992969109
MH46AR2548,32 Ft XXL,621337450
BR28GA1229,32 Ft XXL,1.29422E+18
NL01G1387,32 Ft XXL,1.33853E+18
NL01AD9667,32 Ft XL,1763251974
NL01Q2221,32 Ft XXL,1115169021
NL01AE5574,32 Ft XL,1763251974
HR38W8455,32 Ft XL,191202966
NL01AG3494,32 Ft XL,2594083566
NL01AA6921,32 Ft XXL,4264705003
TN88U7959,32 Ft XXL,426857637
NL01AE5721,32 Ft XL,1763251974
NL01AE5461,32 Ft XL,1763251974
UP21BN7541,32 Ft XXL,1115169021
NL01AB3221,32 Ft XXL,1115169021
HR55X7779,32 Ft XL,3672102456
KA52B0075,22 Ft XL,283968129
NL01N4008,32 Ft XXL,1.33853E+18
UP21CN6994,32 Ft XXL,1356384098
UP21BN2611,32 Ft XL,3616476587
HR55AF4716,32 Ft XL,1.27493E+18
HR55AL5718,32 Ft XL,1.36451E+18
TN09CY1638,32 Ft XXL,262475921
GJ01HT5050,32 Ft XL,328331555
RJ32GC8155,32 Ft XL,2827959789
NL01AF2547,32 Ft XL,1763251974
KA593459,22 Ft XL,3093596430
MH04HY2130,32 Ft XXL,1763251974
HR63E5438,32 Ft XL,1.27493E+18
KA51AH0525,32 Ft XXL,3536538517
GJ01HT4070,32 Ft XL,1031975809
TN39CC5935,32 Ft XXL,1271043962
HR47D8730,32 Ft XXL,1.27493E+18
HR38AB7281,32 Ft XL,1562663088
TN88V8683,32 Ft XL,4152978757
NL01AD9956,32 Ft XL,1763251974
UP21CN5490,32 Ft XL,427093096
UP19T5772,32 Ft XXL,4009778367
KA01AL5916,22 Ft XL,4102782701
NL01AD9653,32 Ft XL,1763251974
NL02N8706,32 Ft XXL,2368299356
NL01AE1959,32 Ft XL,1.27493E+18
NL01AE5657,32 Ft XL,1763251974
HR55AJ1872,32 Ft XL,1.27493E+18
HR38V4789,32 Ft XXL,744933130
NL01AF2545,32 Ft XL,1763251974
KA593737,22 Ft XL,3093596430
HR47D8796,32 Ft XL,1.27493E+18
UP21BN5219,32 Ft XL,872244056
CH01TB7216,32 Ft XXL,2838899538
NL01AF4138,32 Ft XL,4112769211
NL01AF2182,32 Ft XL,1763251974
HR38T5465,32 Ft XXL,744933130
HR38Z1853,32 Ft XL,2187028365
NL01AF2175,32 Ft XL,1763251974
UK04CA8472,32 Ft XL,709641399
AP16TX4602,32 Ft XXL,1550891599
HR39E5835,32 Ft XXXL,482100769
KA01AH3928,32 Ft XL,515545083
KA51AG3591,32 Ft XXL,1861644730
RJ32GB8810,32 Ft XXL,3838047128
NL01N6629,32 Ft XXL,4112769211
HR55AL4373,32 Ft XL,515545083
HR74B8716,32 Ft XL,1178581713
RJ11GB8558,32 Ft XXL,1389463554
HR55AK2236,22 Ft XL,1.30944E+18
TN12AS2989,32 Ft XXL,4093429416
NL01AD5177,32 Ft XL,1.27493E+18
KA51AG9968,32 Ft XXL,4104747498
HR63E1471,32 Ft XL,1.27493E+18
HR38W0150,32 Ft XXL,1512507621
TN58BX0724,22 Ft XL,3962597282
MH04KU1548,20 Ft XL,798371888
HR55AL5977,32 Ft XL,2325798148
HR68A8059,32 Ft XXL,2838899538
UP21BN7542,32 Ft XXL,1115169021
GJ12BY7586,32 Ft XXXL,361831879
GJ12BT2019,32 Ft XXXL,361831879
HR38AC3847,32 Ft XL,2906035098
NL01L2475,32 Ft XXL,1.33853E+18
NL01AF4133,32 Ft XL,4112769211
CH01TB4220,32 Ft XL,2838899538
NL01Q3829,32 Ft XXL,4112769211
UK06CB4305,32 Ft XXL,709641399
HR68B0179,32 Ft XL,1595549574
TN25BT6984,22 Ft XL,1312175843
RJ07GD0941,32 Ft XXXL,2362477436
HR55W3091,32 Ft XL,3988371116
TN04AV4235,32 Ft XXL,1539471259
RJ14GL9692,32 Ft XL,2005079660
KA52A8623,32 Ft XXL,1697585250
NL01L3541,32 Ft XXL,1.33853E+18
GJ01DV5020,32 Ft XXL,1.27493E+18
TN52H5946,32 Ft XXL,4240194843
NL01AD5138,32 Ft XL,1.27493E+18
MH04JK7791,32 Ft XL,1763251974
UP53HT0292,32 Ft XXL,2306105150
RJ11GB9402,32 Ft XXL,663241981
DL01MA9808,22 Ft XL,3722569308
UP21CN3051,32 Ft XL,2840469724
NL02Q3670,32 Ft XL,1.27493E+18
HR39E3028,32 Ft XXXL,482100769
GJ12BX9242,32 Ft XXXL,3298518857
NL01AC2457,32 Ft XXL,744933130
MH04HD7875,32 Ft XL,1763251974
MH04JK8925,32 Ft XL,1763251974
BR06GE5241,32 Ft XL,1675607123
HR55AJ3842,22 Ft XL,1716273455
TN38BY1662,22 Ft XL,1975671423
HR55AL8446,32 Ft XL,1.27493E+18
BR06GE5550,32 Ft XL,1675607123
HR55AK2186,22 Ft XL,2288543211
HR38AB5947,32 Ft XL,1562663088
HR55Y9291,32 Ft XXL,1256249001
MH20DE6159,32 Ft XXL,1.35108E+18
RJ23GB8238,32 Ft XXXL,3673434740
HR68A9205,32 Ft XXL,2838899538
GJ12BX7610,32 Ft XXXL,1608917745
RJ52GA4775,32 Ft XXL,1507374815
TN88U6334,32 Ft XL,556505451
DL1MA8873,22 Ft XL,1.27493E+18
HR47E3026,22 Ft XL,2191655216
KA51AG4590,22 Ft XL,1861644730
HR47E1018,22 Ft XL,2191655216
KA51AG7954,32 Ft XL,964210814
HR68B3009,32 Ft XXL,2838899538
NL01K8552,32 Ft XXL,1.41376E+18
HR68B7424,32 Ft XXL,2838899538
HR68B7240,32 Ft XXL,2838899538
HR55W4539,32 Ft XL,1866714848
HR55AB1676,32 Ft XXL,2198632009
NL01AE5784,32 Ft XL,1763251974
RJ14GK4910,32 Ft XL,3538838358
NL01AE1229,32 Ft XXL,61954086
RJ11GB7737,32 Ft XXL,795144702
HR47E5222,32 Ft XXXL,1452426174
NL01AC2455,32 Ft XXL,744933130
GJ15YY6998,32 Ft XL,1527684631
GJ01DV5965,32 Ft XXL,1.27493E+18
BR06GE1836,32 Ft XL,1675607123
GJ12BY6536,32 Ft XXXL,361831879
TH57BU4986,22 Ft XL,4020393821
HR39D1669,32 Ft XXXL,2015363814
TN55AB8031,22 Ft XL,2377862494
KA51AG4618,32 Ft XXL,900208284
HR38Y9822,22 Ft XL,1.30654E+18
RJ09GC9174,32 Ft XXXL,1894743896
NL01L2552,32 Ft XXL,1.41376E+18
GJ12BY6512,32 Ft XXXL,361831879
GJ12AZ2994,32 Ft XXXL,361831879
TN39CK6175,32 Ft XXL,1271043962
TN39CM5041,32 Ft XXL,1271043962
BR06GE0356,32 Ft XL,1675607123
JH12N6518,32 Ft XL,4244867269
GJ12BY6573,32 Ft XXXL,361831879
KA51AG7236,22 Ft XL,1861644730
RJ27GE0077,32 Ft XXL,744933130
RJ07GC5948,32 Ft XXXL,1643721638
NL01AE5485,32 Ft XXL,1.33853E+18
HR55AL7124,22 Ft XL,1.30944E+18
DL1MA5613,17 Ft XL,1369911795
UP23AT8848,32 Ft XL,726052560
HR55AG5576,32 Ft XL,1.27493E+18
HR38AC0622,32 Ft XL,1868373273
NL01AC7674,32 Ft XXL,1.35684E+18
HR68C6990,32 Ft XL,2838899538
TN39DX0714,22 Ft XL,1.36994E+18
GJ12BY6566,32 Ft XXXL,361831879
GJ12BY6754,32 Ft XXXL,361831879
UP21CN7234,32 Ft XXL,726052560
HR47E8519,22 Ft XL,2100138863
HR39D9723,32 Ft XXXL,482100769
TN88J2356,32 Ft XXL,814772263
NL01AF2740,32 Ft XL,4112769211
RJ36GA4828,32 Ft XXXL,2965646154
NL01N6568,32 Ft XXL,1489547832
HR38AA0675,32 Ft XL,3847773950
RJ36GA4201,32 Ft XXXL,2965646154
UK06CB6892,32 Ft XL,2432246931
KA52A8624,32 Ft XXL,1697585250
TN28AR8635,32 Ft XXL,1697585250
NL01AF8277,32 Ft XXL,3796565763
KA51C1755,32 Ft XXL,1697585250
TN54L2999,32 Ft XXL,3291590255
HR47D7515,32 Ft XL,3328522136
MH12PQ9650,32 Ft XXL,2794462599
DL1MA7517,22 Ft XL,3722569308
RJ11GB5613,32 Ft XXL,1551746974
HR55AM1922,32 Ft XL,1.27493E+18
NL01L4167,32 Ft XXL,1.35684E+18
TN88H7031,32 Ft XXL,2043347580
RJ07GD7582,32 Ft XXXL,4193660511
TN83P6607,32 Ft XXL,1.28006E+18
RJ32GC8607,32 Ft XL,3476152141
RJ27GE1777,32 Ft XXL,744933130
KA51AG5170,32 Ft XXL,2107713772
UP75AT9145,32 Ft XL,2475488768
MH12LT9913,17 Ft XL,2794462599
HR38U5020,32 Ft XL,1453048146
NL01AF0239,32 Ft XXL,1.33853E+18
NL01AE5649,32 Ft XXL,1.33853E+18
TN14T3993,32 Ft XXL,1.3135E+18
HR55AK2345,32 Ft XL,2463724394
MH12QG1994,32 Ft XXL,2794462599
MH12QG2094,32 Ft XXL,2794462599
TN39CC9199,32 Ft XXL,1.4178E+18
BR28GA1406,32 Ft XXL,1.29422E+18
RJ27GE1477,32 Ft XXL,744933130
HR47D5132,32 Ft XL,3956481840
HR47E7330,22 Ft XL,28774287
KA01AM1024,32 Ft XXL,106157341
RJ14GL0414,32 Ft XXL,1.27493E+18
HR61D9160,32 Ft XL,3598325849
GJ12BY6610,32 Ft XXXL,1608917745
TN28BF8766,32 Ft XXL,1.37437E+18
RJ10GC0390,32 Ft XXL,93434900
NL01AF2613,32 Ft XXL,1.27493E+18
HR55X5821,32 Ft XXL,1297437708
HR55AK8408,22 Ft XL,616191173
RJ14GQ2848,32 Ft XL,3261373768
TN56Q9873,32 Ft XL,1579908675
MH43BP5415,32 Ft XXL,1.37249E+18
RJ11GB6900,32 Ft XL,3260176234
HR38AF7273,22 Ft XL,2532781938
MH12QW3355,32 Ft XL,811350807
KA05AK7905,22 Ft XL,1223314759
RJ32GC3778,32 Ft XL,2325798148
MH46BF1145,32 Ft XL,4155638782
TN12AE0325,32 Ft XL,105402506
HR55AP7236,22 Ft XL,1752643249
HR55AK9913,22 Ft XL,3654861895
NL01AJ3500,32 Ft XL,761325456
RJ10GB7207,32 Ft XL Ft XL,1233669206
HR55V1389,32 Ft XL,3693967299
TN46AB0562,20 Ft XL,3451503373
RJ52GA8872,32 Ft XXL,3329704728
RJ14GQ0597,32 Ft XL,1.27493E+18
RJ40GA5616,32 Ft XXL,572323633
MH14GD9407,32 Ft XXL,891344846
UP21BN7642,32 Ft XXL,1115169021
HR38AB5455,34 Ft XXL,2399895960
KA51AB7939,32 Ft XXL,1.35511E+18
HR38AD6938,32 Ft XXL,2005079660
TN52J7744,32 Ft XL,1.4178E+18
RJ14GQ0042,32 Ft XL,1320756281
HR55AU7989,32 Ft XXXL,2289849404
HR55AL0101,32 Ft XL,1.27493E+18
GJ27TD9843,32 Ft XXL,3310019958
RJ11GB8943,32 Ft XXL,1.27493E+18
NL01AD8842,32 Ft XXL,1.27493E+18
HR55AA9677,32 Ft XL,818100544
NL01AE7010,32 Ft XXL,1.29422E+18
HR55AF8290,32 Ft XL,265122025
HR55W7108,32 Ft XXL,3222545389
NL01AD0449,32 Ft XXL,190363483
GJ12BY0808,36 Ft XXXL,1649101344
NL01AH7866,32 Ft XXL,1.29422E+18
MH12TV4496,32 Ft XXL,2309589505
RJ14GP5553,32 Ft XL,875504629
RJ32GC8754,32 Ft XL,1382809208
HR55AP3348,32 Ft XXL,1643466399
RJ20GB1560,32 Ft XL,2227409323
NL01AH6274,32 Ft XL,3731347356
MH40BL4497,32 Ft XXL,3600476270
TN88J1391,32 Ft XXL,2619268249
MH04HS1152,22 Ft XL,1.27493E+18
NL01AG5166,32 Ft XL,3914731708
HR46F4266,32 Ft XL,3888426839
HR55AL1815,32 Ft XXL,2746782088
PB13BB2198,32 Ft XL,2498711935
DL1MA9658,22 Ft XL,4135172532
TN42AL4568,20 Ft XL Ft XL,1018869862
NL01AF0022,32 Ft XXL,1.27493E+18
HR46F7284,32 Ft XL,4220346851
RJ11GC2642,32 Ft XXL,3227171451
KA16D4660,32 Ft XXL,4027861993
NL01AG1611,32 Ft XXL,1038921782
MH46CU2887,20 Ft XL,3948533276
HR65A7956,32 Ft XXL,834023770
MH04LQ4365,22 Ft XL,1470923263
MH04JK0239,32 Ft XL,2130581551
UP78CT0023,32 Ft XXL,710281795
HR55AK0303,32 Ft XL,2023278004
MH14JL6481,20 Ft XL,2782571790
MH24AU4725,20 Ft XL,3297095605
GJ12AZ3008,40 Ft DXL,361831879
UP21CT2364,32 Ft XL,2840469724
TN88K2728,32 Ft XXL,370476705
TN12AU8173,20 Ft XL Ft XL,2213445381
MH01DR3514,32 Ft XL,2526486597
NL01N4828,32 Ft XXL,1.27493E+18
HR55AK9056,32 Ft XL,815520397
MH04LE1810,32 Ft XL,4108214217
MH04JU3117,32 Ft XL,1763251974
TN34AF1472,32 Ft XXL,1127926498
DL1MA0723,20 Ft XL,4005802236
RJ27GD0241,32 Ft XXL,2979921946
MH46CU0601,32 Ft XXL,2562173761
NL01AJ0708,32 Ft XL,17667683
HR55U1358,32 Ft XXL,984861035
HR63D3959,30 Ft DXL,2115237033
RJ14GP8473,32 Ft XXL,1147749398
HR55AK1035,32 Ft XL,3782184908
MH04LY5591,32 Ft XL,2545997179
KA51AJ6046,32 Ft XXL,2707224187
HR55AJ4508,22 Ft XL,1.27493E+18
TN42AL9236,32 Ft XXL,2676593229
MH04FU2329,20 Ft XL,2712136694
HR47F8264,32 Ft XXL,1.29422E+18
NL01N3441,32 Ft XL,2903670965
TN30CA9256,32 Ft XXL,1.35264E+18
HR55AR5374,22 Ft XL Ft XL,198133723
HR68B8557,32 Ft XL,4256059536
MP04HE4562,32 Ft XXL,1.27544E+18
TN33AM5899,32 Ft XL,765680457
HR55AA6910,32 Ft XL,3811649588
DL01GC5789,32 Ft XXL,667083889
MP09HH5712,34 Ft XXXL,2760921535
GJ39T8410,40 Ft DXL,1649101344
HR55S4241,32 Ft XXL,2062614801
TN52P9261,32 Ft XXL,2463131370
MH24AU9523,32 Ft XXL,1.27493E+18
HR67E2666,32 Ft XXL,770859557
MH04KU8366,32 Ft XXL,66625116
RJ14GP0025,32 Ft XL,2866879391
HR47C1880,32 Ft XL Ft XL,2245666157
KA01AJ3440,32 Ft XL,727275022
NL01AF0931,32 Ft XXL,3155762556
TN90F8166,32 Ft XL,1.31302E+18
TN40U6900,22 Ft XL,1975671423
NL01AC7197,32 Ft XL,3522290328
HR47C5980,32 Ft XXL,3234395569
NL01Q1240,32 Ft XL Ft XL,1473552572
HR38W1561,32 Ft XXL,1152643775
MH43BX3001,32 Ft XXL,1.37249E+18
NL01Q4069,32 Ft XL,1.27493E+18
HR55AF7183,32 Ft XXL,267942975
NL01AB2358,32 Ft XXL,1168052891
UP53HT0293,32 Ft XXL,3914731708
MH04JU6685,32 Ft XXL,3938806341
HR47C2076,32 Ft XXL,1.27493E+18
RJ52GA2460,24 Ft XXL,1477564324
MH43BX2386,32 Ft XXL,1.37249E+18
TN88X9349,32 Ft XXL,2061117023
NL01N2831,32 Ft XXL,1168052891
HR55AQ6337,32 Ft XXL,3234395569
RJ14GL8656,32 Ft XL,2783829460
TN34MB0813,32 Ft XXL,3590451473
HR69D0218,32 Ft XXL,418533805
HR55AA5253,32 Ft XL,481817470
WB786492,32 Ft XL,1566019046
WB05A1399,32 Ft XXL,1080031028
HR55AN4912,22 Ft XXL,3151132714
MH14LB3933,32 Ft XXL Ft XXL,844198393
TN14T6171,32 Ft XXL,1.29308E+18
UK07CB5499,32 Ft XXL Ft XXL,4235390825
MH04LQ1648,32 Ft XL,2639299434
NL01AH8131,32 Ft XL,3731347356
HR55AG4674,32 Ft XXL,1.27493E+18
DD01L9808,32 Ft XL,3933524795
NL01AC1914,32 Ft XL,956831550
RJ14GR4253,32 Ft XL,3018693423
MH01EM6374,32 Ft XXL,3862635773
GJ39T3702,40 Ft DXL,1649101344
HR55AM4671,32 Ft XL,1.29422E+18
RJ14GK9045,32 Ft XXL,1.27493E+18
HR38AE6413,32 Ft XL,1995526937
TN12AY8805,20 Ft XXL,3382962602
KA02AH4512,32 Ft XL,2040112414
HR38AD8472,32 Ft XXL,629263962
MH48CB5493,20 Ft XL,248122003
MH40BG8346,32 Ft XL Ft XL,3251689406
TN88U9969,32 Ft XXL Ft XXL,1.3095E+18
DN09S9414,32 Ft XL,2000176526
UK06CB7174,32 Ft XXL,1.27493E+18
TN88J8375,32 Ft XXL,2792980791
DL1MA5493,22 Ft XL,1.30944E+18
HR55AM7118,20 Ft XL,3000356243
UP13DT5448,32 Ft XL,1442990346
NL01AD6497,32 Ft XL,3117739931
RJ07GC4763,32 Ft XXL,59712174
TN52AA8488,32 Ft XXL,1.27493E+18
MH04KF3684,20 Ft XL,2545997179
MH14GU8669,32 Ft XXL,1.31389E+18
HR55AS1160,32 Ft XL,2514232031
TN52J9662,32 Ft XXL,1.27493E+18
HR55AC0192,20 Ft XL,1.3653E+18
KA52A7225,22 Ft XL,3788274550
NL01AE6944,32 Ft XXL,1.27493E+18
HR55AN9495,32 Ft XL,1923354353
HR47C2504,32 Ft XL,1.27493E+18
RJ32GC7353,32 Ft XL,3630080344
OD07Y2225,32 Ft XL,2394258088
HR55AG8790,24 Ft XL,2738786517
HR55AJ2163,32 Ft XXL,2245606895
HR55AL5687,32 Ft XXL,1.27493E+18
HR68A8515,32 Ft XXL,2838899538
HR38AC4523,32 Ft XL,1599883026
TN74AT7566,20 Ft XL Ft XL,2054474888
TN32BC9249,20 Ft XL,3046181035
KA52B0141,20 Ft XL,3221433656
HR55AK8668,22 Ft XL,3000356243
NL01AB0948,32 Ft XXL,1168052891
KA01D1763,32 Ft XL,727275022
GJ15AV5650,32 Ft XL,3232857736
MH46F3599,32 Ft XL,3621902350
RJ11GB8513,32 Ft XXL,2640346638
UP42BT1154,32 Ft XXXL,2818151988
UP53HT1736,26 Ft DXL,3504217824
UP82BT0321,32 Ft XL,1098481868
PB13BS2821,32 Ft XXL,1.41783E+18
KA52B8569,22 Ft XL,1436605487
HR55AR7259,32 Ft XXL,1.27493E+18
HR68B3425,32 Ft XL,2838899538
HR55AT3732,32 Ft XL Ft XL,2780826867
RJ02GC6501,32 Ft XXL,21951928
NL01AB2049,32 Ft XXL,1675607123
NL01AD7768,32 Ft XL,110053541
RJ40GB3819,32 Ft XXL,2351901470
MP09GH3952,32 Ft XL,667083889
HR55AM7080,32 Ft XL,3000356243
RJ32GC1336,24 Ft XXL,826261488
NL01N3635,32 Ft XL,818100544
MH40BG9247,32 Ft XL,2962862464
TN88J1764,32 Ft XL Ft XL,729617060
MH46BF8578,32 Ft XXL,712418492
HR55AL2976,22 Ft XL,2345315178
HR69C2863,32 Ft XL,249597262
RJ32GD6265,32 Ft XXL,909601974
RJ14GN2434,32 Ft XL,2005079660
RJ14GR8192,32 Ft XXL,1694409811
HR55AJ9991,32 Ft XXL,267942975
NL01AD8844,32 Ft XXL,1.27493E+18
MH44U1931,32 Ft XL,1032741780
NL01N3992,32 Ft XL,1179273343
HR55AA5041,32 Ft XXL,1.29422E+18
HR55Y9721,32 Ft XXXL,752833987
KA51AH8333,32 Ft XXL,1419639143
KA01AL5559,32 Ft XL,2414500087
MH04HS0861,32 Ft XL,1763251974
TN39CS0453,22 Ft XL Ft XL,2948272261
RJ09GD3391,32 Ft XXL,1183707012
RJ32GC2666,32 Ft XXL,1.27493E+18
HR74B3011,32 Ft XL,3592248843
NL01L7897,32 Ft XXL,1.33853E+18
HR47D9370,32 Ft XL,2463724394
HR55AF4777,32 Ft XXL,1.34095E+18
HR55W5999,22 Ft XL,1.29856E+18
HR55AK7745,32 Ft XXL,1.32428E+18
UP16HT4918,32 Ft XXL,1168052891
NL01AF8904,32 Ft XXL,1425998709
AP09TA0054,32 Ft XXL,1860472483
HR55W3897,32 Ft XXL,1923354353
RJ32GC5059,32 Ft XL,4015093222
NL01AG4126,32 Ft XL,1.27493E+18
UK06CB6798,32 Ft XL,1.27493E+18
HR38AE3576,34 Ft XL,1017497294
MH43BX0690,32 Ft XXL,1.37249E+18
GJ12BY3082,32 Ft XXXL,3192066426
WB05A2305,32 Ft XL,1080031028
WB11D4098,32 Ft XXL,3211111503
HR55AK1769,22 Ft XL,1.27493E+18
NL01AA0083,32 Ft XL Ft XL,3725412017
HR55AG6285,32 Ft XL,1.27493E+18
HR46E7469,32 Ft XL,3888426839
KA01AM0163,32 Ft XXL,1016904326
HR55AK8133,22 Ft XL,3658889535
RJ21GE2526,32 Ft XXL,2216128743
PB65BD1125,14 Ft XL,1807992685
RJ14GL7001,32 Ft XL,21951928
NL01N3444,32 Ft XL,2903670965
MH04KF0125,32 Ft XL Ft XL,4275549993
MH46CL6410,32 Ft XL,3823797128
TN20CQ8437,20 Ft XL,1908930337
HR66B5214,32 Ft XXL,1960149178
PB65AS1803,32 Ft XL,2058182545
TN88J1959,32 Ft XXL,3926192934
KA51A5965,32 Ft XXL,1.28274E+18
RJ32GC1681,32 Ft XXL,2119005627
NL01AH0043,34 Ft XL,17667683
MH31FC6058,32 Ft XL,2322831403
HR55AG5521,32 Ft XL,1.37257E+18
RJ14GN0587,32 Ft XXL,4004548899
MH46CL3796,32 Ft XXL,2793079243
MP09DX7321,32 Ft XXL,3706224517
MH04KU3916,22 Ft XL,3630080344
MH04GR2931,32 Ft XXL,272201949
TN39DX5274,20 Ft XL,3946541699
HR38W4533,20 Ft XL,1.27493E+18
HR69B2180,32 Ft XL,455026286
MH43BX6813,32 Ft XL,1.37249E+18
HR47F9853,32 Ft XL,1116160635
KA51AJ8533,32 Ft XL,268789533
TN42AH1897,24 Ft XL,1192105539
NL01AE7986,32 Ft XXL,1.37502E+18
TN29CC7413,32 Ft XXL,3089520401
HR55AG7822,32 Ft XXL,1.27493E+18
NL01AB0800,32 Ft XL,3908165514
HR74A6222,32 Ft XXL,3653460568
MH04KU2155,32 Ft XL,2984689483
HR58B4675,30 Ft DXL,3401821785
UP35BT5969,22 Ft XL,2867501786
TN88AY2233,32 Ft XXL,536768210
GJ15AV9476,24 Ft XL,838265691
HR38X6016,34 Ft XL,4121768234
NL01AE7996,32 Ft XXL,1.37502E+18
TN48BE3168,32 Ft XXL,1348348462
NL01AA2342,32 Ft XXL Ft XXL,3164283398
TN39DX2836,32 Ft XXL,2411439112
HR38AB4149,34 Ft XL,3706224517
TN88U8120,32 Ft XXXL,4116518126
HR38AB4329,32 Ft XL,744933130
MH46CL2363,32 Ft XXL,855402536
RJ32GD2502,32 Ft XL,22864725
HR55AA7669,32 Ft XL,481817470
HR38AF4940,34 Ft XL,1874062980
HR55W0377,32 Ft XXL,1550891599
TN90B0930,32 Ft XXL,1.31302E+18
HR38X7128,34 Ft XL,1874062980
HR55AA3005,32 Ft XL,2153189426
NL01AE8443,32 Ft XXL,872244056
MH04JK1377,32 Ft XXL,1.27493E+18
HR38Z7042,34 Ft XL,4239308576
PB02DT8496,32 Ft XXL,546510028
HR55AN9343,32 Ft XL,4230179317
HR68B0559,32 Ft XXL,2838899538
RJ18GC2351,32 Ft XXL,3077465268
HR61E1136,22 Ft XL,1275724718
HR55X0677,32 Ft XXL,1.34095E+18
RJ32GC6748,32 Ft XL,2827959789
HR55AM8894,14 Ft XL,3000356243
GJ15AT0715,24 Ft XL Ft XL,2303197053
MH04LQ9033,32 Ft XL,573747521
WB05A1476,32 Ft XL,1080031028
KA566430,32 Ft XXL,1430288489
HR47D4204,32 Ft XL,1813276820
RJ10GA8411,32 Ft XL,93434900
TN93E2314,32 Ft XL,1.37427E+18
JH10CJ1354,20 Ft XL,3687706775
NL01AD0021,32 Ft XL,1.37257E+18
GJ39T0062,40 Ft DXL,1901596476
RJ31GC7071,32 Ft XXL,3792397753
HR46D8771,32 Ft XXXL,2757888850
TN24AY7130,22 Ft XL,1041830318
KA51AG3096,24 Ft XL,1861644730
AS01NC7321,32 Ft XXL,1168052891
NL01AC8099,32 Ft XL,532087025
KA567125,32 Ft XXL,75202623
NL01Q8638,32 Ft XL Ft XL,3324063838
TN42AH1669,24 Ft XL,1192105539
RJ10GB0719,32 Ft XXL,1219188435
AS01QC5431,32 Ft XL,134244205
TS11UC6213,32 Ft XL,1.27493E+18
MH04HY2241,20 Ft XL,3406717852
TN15E7126,20 Ft XL,3789369880
TN39BL9399,20 Ft XL,2715396251
TN01AP3211,32 Ft XL,2390822081
NL01AE8475,32 Ft XL,1.27493E+18
DD01L9854,32 Ft XL,3006081937
MH10AW7813,20 Ft XL,3035918602
HR39C6855,32 Ft XL,110053541
DL1MB1786,22 Ft XL,1303781298
HR38W3901,32 Ft XXL,1557193444
MH04KU2684,20 Ft XL,425966486
HR47E0112,32 Ft XL,1.27493E+18
TN88AY2275,32 Ft XXL,882743184
TN28BH6676,32 Ft XXL Ft XXL,143309828
RJ32GC5058,32 Ft XL,4015093222
UP25DT7267,32 Ft XXL,1.27493E+18
KA51AH8528,32 Ft XL,1.29971E+18
MH04LE8080,20 Ft XL,108749163
TN73AK8593,32 Ft XL,2817258603
RJ14GP2700,32 Ft XL,1090881001
TN12D7006,32 Ft XXL,1308237041
TN52K3277,32 Ft XXL,1.28958E+18
MH47AS7868,20 Ft XL,2517342019
HR55AF2377,32 Ft XXL,3648094054
MH04LY0626,32 Ft XXL,573747521
RJ10GB5010,32 Ft XL,1812108049
HR55V2885,32 Ft XL,4276487451
HR38Z4138,32 Ft XL,1806953019
RJ14GN2541,32 Ft XL,3261373768
HR55AE5520,32 Ft XXL,3648094054
DD01Y9871,20 Ft XL,2255109508
KA51AJ4022,32 Ft XXL,1.27493E+18
HR55AP7286,32 Ft XL Ft XL,599630405
NL01AB5838,32 Ft XL,1.27493E+18
DD01Q9919,32 Ft XL Ft XL,3172135092
NL01L6030,32 Ft XXL,1111699978
KA51AJ0597,20 Ft XL,1908930337
DD01J9329,32 Ft XL,1595332775
KA51AG1812,22 Ft XL,3399143964
HR38AD7936,32 Ft XL,1599883026
HR55AC1594,32 Ft XXL,1.34095E+18
HR55N8574,32 Ft XL,1.34034E+18
DD01C9470,22 Ft DXL,3679673085
KA01AP2398,32 Ft XL,303547640
TN45B7735,32 Ft XL,4094944893
MH04LE1986,32 Ft XXL,1.37247E+18
RJ10GB7400,32 Ft XXL,2161645254
HR73B0826,22 Ft XXL,3011704378
HR38AB9549,32 Ft XL,2111733133
NL01AC9368,32 Ft XL,2405318008
MH12SX7711,32 Ft XL,1592761032
WB23D0813,32 Ft XL,3281644032
TN12AU3516,20 Ft XL,1432613552
MH04JU7310,32 Ft XXL,747175245
TN36BS8064,32 Ft XXL,12546475
TN25BT3337,32 Ft XXL,739682132
TN42AP1903,20 Ft XL Ft XL,4077728932
UP80FT3760,32 Ft XL,3042525567
RJ32GC9146,32 Ft XL,1827766629
HR55AM1085,32 Ft XXL,1.27493E+18
MH04HD0791,32 Ft XXL,3413832098
KA01AM0378,32 Ft XL,964210814
TN12Z0105,32 Ft XXL,395208720
GJ27TD5712,32 Ft XL,2870844706
MH04LE0756,32 Ft XXL,3933117663
HR55AC7918,32 Ft XXL,881402851
HR55AP3346,32 Ft XXL,3234395569
MH40CT0141,32 Ft XL,761325456
HR38T6182,32 Ft XXL,4047393824
KA02AD7364,32 Ft XXL,1.29971E+18
TN12Q9415,32 Ft XXL,1844041512
GJ12BX8510,32 Ft XXXL,1608917745
TN88H6769,32 Ft XXL,1.287E+18
MH12VT3356,32 Ft XL,3185182714
NL01AC9321,32 Ft XL,586056444
TN34AH8321,32 Ft XXL,1740228042
HR38AC3018,22 Ft XL,3712202889
HR47G9167,22 Ft XL,3913189814
MH01DR7592,20 Ft XL Ft XL,789550867
NL01AA6798,32 Ft XL,956831550
TN20CR3807,20 Ft XL,2247350398
RJ32GD8922,32 Ft XXL,840849000
HR55V6096,32 Ft XL,108619419
DL1MA6122,20 Ft XL,2315458595
TN23CS0786,32 Ft XL,4275884878
HR38AA3002,32 Ft XL,4006088036
HR55AM5674,22 Ft XL,797046859
NL01AJ2611,32 Ft XL,3104138433
HR38U5966,32 Ft XL,2906035098
HR55AL8830,32 Ft XL,3398053050
PB13BE7956,32 Ft XL,1.36388E+18
TN46AA9992,20 Ft XL,3464737225
HR55AM3148,20 Ft XL,1406457446
HR55AG5589,22 Ft XL,1.27493E+18
RJ32GC1438,32 Ft XL,3859975209
KA51AB2405,32 Ft XXL,1.29971E+18
MH05EL8597,32 Ft XXL,2545436316
DL1MB0656,22 Ft XL,417430082
MH14GD9866,32 Ft XXL,3533401964
HR38Y6522,34 Ft XL,423116338
HR38AE1375,32 Ft XXL,1.41783E+18
HR61D9390,32 Ft XXL,3353263290
MH14HU4502,32 Ft XXL,1618676713
GJ27V9527,32 Ft XL,1.34387E+18
TN12AM6411,32 Ft XXL,1018062385
DD01W9538,32 Ft XL,2412338830
MH04HY6594,32 Ft XL,1763251974
BR28GA1228,32 Ft XXL,1.27493E+18
GJ18AZ8158,32 Ft XL,3488192483
HR68B6720,32 Ft XXL,2838899538
TN88U8199,32 Ft XXL,1.41705E+18
WB11D1939,32 Ft XXL,135590117
RJ40GA3751,32 Ft XXL,21951928
RJ10GB8184,32 Ft XL Ft XL,2255740850
HR47E1524,22 Ft XL,1.3235E+18
MH43BP6522,20 Ft XL,2035777852
MH19CX0655,32 Ft XL,2897610068
NL01AF5474,32 Ft XXL,2638422073
GJ12BY6563,32 Ft XXXL,361831879
HR55AB2177,32 Ft XXL,3648094054
TS12UE4399,32 Ft XXL Ft XXL,1617854670
UP53GT5677,32 Ft XL,3914731708
MH04HY2479,32 Ft XXL,1.39572E+18
RJ14GL8320,32 Ft XL,3106031340
NL01Q4053,32 Ft XL,1.27493E+18
MP04GB2087,32 Ft XL,1.34387E+18
HR46F5763,32 Ft XL,4220346851
HR38V5294,32 Ft XL,2399895960
HR47D9541,32 Ft XL Ft XL,3443887173
HR55AL7053,32 Ft XL,3117739931
MH12VT2394,32 Ft XL,3185182714
PB65AD8757,30 Ft DXL Ft DXL,3504217824
GJ12BZ5955,32 Ft XXXL,1649101344
MH43BX5158,22 Ft XXL,3052339929
HR38AE4667,32 Ft XXL,1.41783E+18
MH43BX7692,20 Ft XL,1362167283
NL01AH8234,32 Ft XL,1993271565
TN34MA8438,32 Ft XXL,3590451473
RJ14GL0415,32 Ft XXL,1.27493E+18
HP12H5452,32 Ft XXL,1897135976
MH04JU5510,32 Ft XXL,1.37247E+18
HR55Y1537,32 Ft XL,2073244875
MH04LE3462,20 Ft XL Ft XL,3529324987
TN28BD1389,32 Ft XXL,2792505996
RJ32GC7079,32 Ft XL,1320164124
TN90K5680,32 Ft XXL,2570274621
MH43BP2904,32 Ft XXL,2416498216
MH46CL6613,20 Ft XL,2806089954
HP64B3785,32 Ft XXL,2440949630
HR55AA3661,32 Ft XL,2153189426
TN52AB3830,32 Ft XXL,1355866713
RJ14GP7591,32 Ft XXXL,2492278967
TN12AD6833,32 Ft XXL Ft XXL,3080618968
NL01AA6892,32 Ft XXL,4047393824
KA01AJ6053,32 Ft XL,3836686102
MH04KU1542,20 Ft XL,4087795723
JH02BQ5574,30 Ft DXL Ft DXL,3504217824
HR47E8473,32 Ft XL,21846615
RJ23GC3778,32 Ft XL,2325798148
KA52B1102,20 Ft XL,246389642
TN28BK8833,32 Ft XXL,1806063760
RJ10GA8062,22 Ft XL,1272545252
JH12P2362,32 Ft XXL,372605506
NL01AB0703,32 Ft XL,2577809704
TG07T0214,32 Ft XL Ft XL,2904170378
TN11AU9550,20 Ft XL,1908930337
RJ29GA7441,32 Ft XXL,3973019497
DL1GC5134,32 Ft XXL,1.27493E+18
KA51AJ4027,32 Ft XXL,1.27493E+18
TN25BP9178,32 Ft XXL,739682132
MH43BX7694,20 Ft XL,1362167283
RJ14GN8160,32 Ft XL Ft XL,2075179421
HR55AJ4862,22 Ft XL,1.27493E+18
WB25J0877,22 Ft XXL,3114406974
HR55U7754,32 Ft XXL,3234395569
RJ32GB7963,32 Ft XXL,190363483
TN85H9192,32 Ft XL,1.31421E+18
DD01K9152,32 Ft XXL,2412338830
TN28BK2659,32 Ft XXL,3524611596
TN39BS4924,20 Ft XL Ft XL,3337266241
RJ52GB0025,30 Ft DXL Ft DXL,3836262919
TN05BC9635,32 Ft XXL,262475921
HR55AK7211,32 Ft XL,616191173
NL01AB2068,32 Ft XL,956831550
HR55AL5572,32 Ft XL,3509917328
TN01BH2551,20 Ft XL,1908930337
MH14JL2395,32 Ft XL,2516929878
MH04LQ3921,32 Ft XXL,973970333
HR47C1665,24 Ft XL,818677177
TN56R9022,32 Ft XXL,2314125170
TN42AD5842,24 Ft XL,4176955900
HR38AA5761,32 Ft XL,1379272497
PB65AA8225,30 Ft DXL Ft DXL,3504217824
HR55AM5926,32 Ft XXL,1.27493E+18
TN52H1884,32 Ft XXL,1.27493E+18
HR74B1342,22 Ft XL,3863567007
UP14HT7386,32 Ft XXL,4119314816
RJ40GB6300,32 Ft XXL,3540161362
TN52J7825,32 Ft XXL,1.35512E+18
NL01AE7995,32 Ft XXL,1.37502E+18
HR69D7777,40 Ft DXL,4237405457
HR55AK2733,20 Ft XL,3000356243
HR55AB2042,32 Ft XXL,1.37502E+18
RJ14GH2713,30 Ft DXL Ft DXL,3836262919
KA595563,32 Ft XXL,3189752954
MH04JK2696,32 Ft XL,1763251974
TN25BW7636,32 Ft XL,1.27493E+18
HR55AP8188,32 Ft XL,823897004
KA52C3811,22 Ft XL,3993520811
PB65AN7886,30 Ft DXL Ft DXL,3504217824
HR38AC4994,34 Ft XL,1017497294
HR69C9792,32 Ft XXL,3300087504
NL01AE4254,32 Ft XL,1763251974
NL01AD7593,32 Ft XL,3769288587
HR37E1388,30 Ft DXL Ft DXL,3836262919
TN88H5788,32 Ft XL,1.3945E+18
TN28BH5760,32 Ft XXL,9273039
HR55AL8066,32 Ft XL,3160752292
MH43BX8047,32 Ft XL,1.37249E+18
RJ32GD2517,32 Ft XL,909601974
WB25M4583,32 Ft XL,3485104223
RJ11GB6957,32 Ft XXL,1.27493E+18
HR38AA8907,32 Ft XL,1806953019
HR47D9696,32 Ft XL,1.27493E+18
KA01AH5310,20 Ft XL,1553660681
HR55AB5564,32 Ft XL,190363483
MH14HG5914,32 Ft XXL,1151558147
MH46AR2810,32 Ft XL,900006873
MH04KU7972,20 Ft XL,10874610
HR55AF8177,32 Ft XXL,3648094054
GJ06BT8350,32 Ft XXL Ft XXL,2927018714
RJ11GC1134,32 Ft XXL,2295223243
NL01AC9921,32 Ft XL,586056444
PB65BB9938,30 Ft DXL Ft DXL,3504217824
MH44U3013,32 Ft XXL Ft XXL,962267712
KA52A5378,24 Ft XXL,1962303682
PB13BR8516,30 Ft DXL Ft DXL,3504217824
HR55AF9532,32 Ft XL,267942975
TN11BA8248,20 Ft XL,4175139349
TN31BF2619,32 Ft XXL,1627850310
HR38AD7681,22 Ft XL,2715031614
NL01AD3320,32 Ft XXL,4065038712
UP16FT8544,32 Ft XL,2260123597
KA51AG7992,32 Ft XL,1016904326
RJ10GA8103,32 Ft XL,1219188435
HR55AL4178,32 Ft XL,2325798148
MH43CE4311,32 Ft XXL,300477655
TN01BS1720,32 Ft XXL,386041130
TN28BF9985,32 Ft XL,1.3391E+18
TN52F9127,32 Ft XXL,1.37286E+18
MH43BX2543,32 Ft XXL,1.37249E+18
HR736949,20 Ft XL,2048039139
TN56L1049,32 Ft XXL,1.29901E+18
TN88U9579,32 Ft XXL,4224789296
HR38AD7348,22 Ft XL,528477028
NL01AG6091,32 Ft XL,90395567
NL01AC4382,32 Ft XXL,1802687368
RJ52GA7880,32 Ft XXL,1895681445
GJ12BX5272,40 Ft DXL,1608917745
HR55AJ4228,32 Ft XL,2058958247
NL01AG7965,32 Ft XL,949846854
NL01N3443,32 Ft XL,2903670965
NLO1L6542,32 Ft XXXL,1.34396E+18
TN37CQ3075,22 Ft XL,1.27493E+18
RJ14GE5984,32 Ft XL,2012663378
TN88E7022,32 Ft XL,359899478
TS07UK9247,32 Ft XXL,3829683448
HR38AE2757,22 Ft XL,1.30654E+18
TN73AE2190,22 Ft XL,160994524
UP21BN4697,32 Ft XL,1521467442
KA567157,32 Ft XXL,4269945867
TS07UK9275,32 Ft XXL,3829683448
OD11P8607,32 Ft XXL,560318007
KA51AH2250,22 Ft XL,3237765494
HR38X0866,22 Ft XL Ft XL,2949278103
HR61C7034,32 Ft XL,3642497143
NL01AE5573,32 Ft XL,1763251974
MP09HH1344,32 Ft XXL,2562192132
MH12KP3628,32 Ft XXL Ft XXL,571640855
MH42BF7855,20 Ft XL,3503617954
TS08UJ1808,32 Ft XL Ft XL,2146623208
NL01N1169,32 Ft XL,249240400
KA51B0876,32 Ft XXL,1.27493E+18
UK07CD7611,32 Ft XXL,2118848005
RJ14GK7853,32 Ft XXL,1.30839E+18
NL01N7630,32 Ft XL,903693003
UP53ET3778,32 Ft DXL,3504217824
MH01EM9866,32 Ft XXL,3862635773
KA05AK9723,20 Ft XL,1687692527
HR38AB3476,32 Ft XL,1562663088
TN28BK8877,32 Ft XXL,2618401279
UP53GT0865,32 Ft XL,2306105150
RJ02GB0044,32 Ft XXL,1.27493E+18
NL01Q6281,32 Ft XXL,1.27493E+18
MH14GU4869,32 Ft XXL,1.27493E+18
HR58B6785,30 Ft DXL,2818151988
RJ11GB1150,24 Ft DXL,2984784450
HP12L6838,32 Ft XL,2840469724
RJ14GQ9389,32 Ft XXL,3487758645
NL01L6773,32 Ft XL,818100544
MH04KU6601,32 Ft XL,2545997179
GJ15AT5137,32 Ft XL Ft XL,2525023106
RJ10GB2281,32 Ft XL,3250227327
GJ27TD2967,32 Ft XL,752912893
HR55AK0391,20 Ft XL,3000356243
HR47E5401,32 Ft XL,2746782088
RJ11GC5921,32 Ft XXL,2637028885
MH43BX3767,20 Ft XL,1946049305
MH43BP1284,32 Ft XXL,508628337
TN14Z4469,20 Ft XL,2885960299
MH04KU3393,22 Ft XL,3630080344
RJ10GB0967,32 Ft XL,2455058050
DL1GE1134,22 Ft XXL,3229249074
NL01AE1936,32 Ft XXL,2459640882
NL01AF1956,32 Ft XXL,2396931806
TS08UJ1291,32 Ft XXL,1844971933
NL01AD5601,32 Ft XXL,1.33805E+18
MH31FC5111,32 Ft XL,2322831403
NL01AH5412,40 Ft DXL,4255940877
HR45C7351,30 Ft DXL,2818151988
UP80FT4172,32 Ft XL,3042525567
TN88W2679,32 Ft XXL,880120454
HR47E7627,32 Ft XL,3261854116
GJ27V9563,24 Ft XL,2870844706
MH04KU9314,20 Ft XL,2545997179
NL01AE8617,32 Ft XXL,1.27493E+18
NL01N2175,32 Ft XXL,1.27493E+18
MH04HS1477,32 Ft XL,3471848031
KA39A2924,32 Ft XXL,275320548
NL01AF3290,32 Ft XXL,2601101007
HR55X6356,32 Ft XL,3672102456
TN39CM9959,32 Ft XL,1.36118E+18
RJ10GB2408,32 Ft XXL,1947595087
TS12UD0965,32 Ft XXL,3142727949
NL01N8627,32 Ft XL,250896138
HR55AL7073,22 Ft XL,1.30944E+18
HR55AK4743,22 Ft XL,2716056236
RJ14GQ3503,32 Ft XXL,3653209812
MH04LE5883,32 Ft XXXL,4279831489
TN32AJ3310,32 Ft XXL,1.27493E+18
TN88K3808,32 Ft XXL,4012979041
HR55AT4575,22 Ft XL,2494429622
HR55AN0078,22 Ft XL,1291186137
KA02AG5480,32 Ft XXL,1.29971E+18
HR38W9731,32 Ft XL,1152643775
HR55T5739,32 Ft XXL,3234395569
RJ18GB8008,32 Ft XXL,601061806
NL01L7093,32 Ft MXL,1.34396E+18
TN18AL0861,20 Ft XL Ft XL,1886261140
MH40CD4916,32 Ft XXL,3600476270
RJ40GA3377,32 Ft XXL,1.29422E+18
TS07UK9278,32 Ft XXL Ft XXL,3829683448
MH46BU1551,32 Ft XL,815104678
HR55AL9396,32 Ft XXL Ft XXL,1.27493E+18
RJ18GB7852,32 Ft XL,2573857057
TN95J1942,22 Ft XL,3920435973
TN28BH5573,32 Ft XL,1341137421
NL02N2451,32 Ft XXL,690336119
NL01AG3073,22 Ft XL,1850776434
RJ14GR9620,32 Ft XL,1142481406
GJ38T4070,32 Ft XL,1031975809
RJ14GN2649,32 Ft XXL,3554142728
RJ25GA6306,34 Ft XL,856211950
NL01Q6433,32 Ft XXL,1.27493E+18
HR38W0178,32 Ft XXL,3764175617
MH46CL5157,32 Ft XXL,3944964191
MH04KU7638,20 Ft XL,1621487990
HR55AC4554,32 Ft XL,4015093222
TN88H7277,32 Ft XXL,2100804389
TN12AD5299,20 Ft XL,1908930337
HR55AT6638,32 Ft XL,2514232031
RJ11GC2626,32 Ft XXL,3282850666
TSO8UJ0430,32 Ft XXL,1844971933
MH40CM5848,32 Ft XXL,761325456
TN18BF0883,20 Ft XL,4135098516
HR39D4935,32 Ft XL,481817470
HR55AM8871,32 Ft XL,1873564887
RJ11GC5279,32 Ft XL,2594051934
MH46BU2858,20 Ft XL,1400814806
MH43BX0676,32 Ft XXL,1.37249E+18
TN21BH0634,32 Ft XXL,1.27493E+18
KA51AB7759,32 Ft XXL,1.35511E+18
TN30BD6385,32 Ft XXL,1.27493E+18
HR55AB9432,32 Ft XXL,1.33805E+18
RJ32GD3266,34 Ft XL,1029912788
UP53GT5794,32 Ft XL,3914731708
MH04KF8611,32 Ft XL,4237741110
KA51AH3586,32 Ft XXL,1.31421E+18
PB11CJ3528,32 Ft XXXL,2322689137
HR61C3561,32 Ft XXL,2072286350
HR38T4517,32 Ft XL,782744564
MH42AQ6054,32 Ft XL,1168052891
NL01AE8000,32 Ft XXL,1.37502E+18
KA52A1236,32 Ft XXL,570434649
RJ32GC6412,32 Ft XL,1873564887
UP16HT6271,32 Ft XL,2034456388
TN52J9844,32 Ft XXL,1.37286E+18
MH14HU7516,32 Ft XXL,1703075374
TS12UD9399,32 Ft XXL,1617854670
HR55X2126,32 Ft XL,3672102456
RJ02GB6970,32 Ft XL,1208027135
HR55AK1631,32 Ft XXL,1.27493E+18
NL01AD8759,32 Ft XXL,1.27493E+18
KA593219,32 Ft XL,957599466
UP12AT8700,26 Ft DXL,3504217824
HR55AK4534,32 Ft XXL,1.27493E+18
MH04JK8353,20 Ft XL,3939080072
HR38U6691,32 Ft XXL,2045484468
MH04LQ9820,22 Ft XL,1749572676
KA02AG5821,24 Ft XXL,2040112414
HR68B3024,32 Ft XL,2838899538
RJ14GQ2843,32 Ft XL,3261373768
HR38AG0686,32 Ft XL,3908165514
RJ11GC0044,32 Ft XXL,1.27493E+18
GJ12BZ8445,36 Ft XXXL,361831879
TN87A3983,32 Ft XXL,1.27493E+18
RJ14GP8937,32 Ft XXL,4145909646
TN88AZ9702,32 Ft XXXL,2688418761
MH14HU9309,32 Ft XXL,589546240
KA51C0919,32 Ft XL,3299064985
UP78DN8641,32 Ft XL,1675174905
NL01AC4231,32 Ft XXL,817831524
DD01L9153,32 Ft XXL,1.27493E+18
NL01AE4423,32 Ft XXL,1.41192E+18
NL01AF0013,32 Ft XXL,3648094054
TN04BD3902,32 Ft XL,3739220626
MH12PQ9794,32 Ft XXL,2794462599
MH43BX3261,32 Ft XL,2126873029
HR38AB4270,32 Ft XL,1.27493E+18
MH46BF2383,20 Ft XL,3413902153
TN34AF4968,32 Ft XL,3713489878
TN88U4779,32 Ft XXL,2061117023
KA01AM2376,32 Ft XL,4251612375
RJ14GK6864,32 Ft XL,1142481406
NL01AD7614,32 Ft XL,2994594257
KA53AA6403,32 Ft XXL,1.27493E+18
KA51AA9569,32 Ft XXL,1.39961E+18
KA52B2718,20 Ft XL,1965488962
UP42BT2822,32 Ft XL,4030351932
RJ32GC4258,32 Ft XL,3630080344
UP75AT1885,32 Ft XL,3005533047
NL01AA5150,32 Ft XXL,2459640882
PB06AK7090,32 Ft XL,1790840599
MH04LY9590,20 Ft XL,2439808669
RJ32GD1888,32 Ft XXL,4168537585
HR38AH6591,32 Ft XL,3908165514
TS07UB2568,24 Ft XXL,3164210946
HR55AM1349,32 Ft XXL,2657042234
KA01AJ8667,32 Ft XL,3905849175
NL01AB2351,32 Ft XXL,1168052891
TN39DZ9468,32 Ft XXL,811342747
MH43BG2063,32 Ft XL,1.37249E+18
TN39CS9048,24 Ft XL,1.35756E+18
HR55AL6332,22 Ft XL,1.30944E+18
KA01AJ1020,32 Ft XL,1930959888
DN09U9285,32 Ft XL Ft XL,2528562225
NL01AG0647,32 Ft XL,3155944960
TN30BK2814,32 Ft XXL,3664950614
MH04JU9590,20 Ft XL,2439808669
MH04LQ3711,22 Ft XL Ft XL,717810297
NL01AB6832,32 Ft XXL,2459640882
RJ14GN2345,32 Ft XL,2005079660
RJ18GB6929,32 Ft XXL,461834929
HR47E0234,32 Ft XL,1.27493E+18
HR843796,22 Ft XL,1764983791
UP53GT2694,32 Ft XL,807951713
HR38V3320,34 Ft XL,2438910424
RJ11GB9587,32 Ft XXL,1463879186
GJ12BX6440,32 Ft XXXL,1649101344
DN09S9498,32 Ft XL,172906540
MH14EM7262,20 Ft XL,3194110022
MH46BB8556,22 Ft XL,3726974546
TN28BJ2305,32 Ft XXL,463843443
RJ11GC2890,32 Ft XXL,2622967493
HR61D8021,32 Ft XXL,1513177200
MH05EL9287,32 Ft XXL,254086554
MH04LQ1480,32 Ft XL,3622709046
MH04LE5389,32 Ft XL,2545997179
RJ11GB6959,32 Ft XXL,2358251102
TN28BJ9168,32 Ft XXL Ft XXL,3550103607
TN87F2356,20 Ft XL,1264965244
HR38X3125,32 Ft XL,622433098
MH04KF0275,20 Ft XL,1535803282
HR38AB5348,32 Ft XL,1982572239
HR55AA2129,32 Ft XL,131273155
UK07CB5345,32 Ft XXL,215964506
MH12WX6475,32 Ft XL,2914938575
TN30BQ5035,32 Ft XL,1.27875E+18
TN52AB5000,32 Ft XXL,1.37286E+18
KA01AK6007,32 Ft XXXL,1452640787
HR38AE8126,34 Ft XL,2858977521
NL01Q4897,32 Ft XXL,4206589139
HR38AB7850,22 Ft XL,2528441701
MH46AR6321,22 Ft SXL,3726974546
RJ40GA4646,32 Ft XXL,1857062294
MH46BB6341,20 Ft XL,1323381085
NL01AC0885,32 Ft XL,3021312461
HR67B1757,32 Ft XXL Ft XXL,2716482307
MH40BL2948,32 Ft XXL,3251689406
RJ14GL0294,32 Ft XXL,1.27493E+18
NL01N0336,32 Ft XXL,2400234572
HR55AR3512,32 Ft XXL,1.27493E+18
HR38AF4410,34 Ft XL,1874062980
MH12QG9470,22 Ft XXL,512083317
HR55AL8853,32 Ft XL,2325798148
HR55AV5189,32 Ft XL,356233306
TN42AM7453,32 Ft XL,1192105539
TN52J3969,32 Ft XXL,792423231
DD01Q9630,32 Ft XL,964008560
RJ11GB6956,32 Ft XXL,1.27493E+18
MH14GU9627,32 Ft XXL,3194110022
AS01NC7570,32 Ft XL,2791051512
KA51AJ0971,32 Ft XXL,1419639143
HR66C5891,22 Ft XL,643629355
KA53AA8009,32 Ft XL,1.27493E+18
HR47G6993,20 Ft XL,3962999715
MH46BF3299,32 Ft XXL,3944964191
NL01AE9030,32 Ft XXL,1.29422E+18
TN52R5310,32 Ft XXL,2463131370
TN52M2089,32 Ft XXL,1.29705E+18
MH43BG6241,32 Ft XXL,1.37249E+18
TN88AZ8878,32 Ft XXL Ft XXL,4006752848
GJ15AT3009,32 Ft XL,4270636751
NL01AG3398,32 Ft XL,2560436813
MH04LQ3915,32 Ft XXL,973970333
KA01AL1266,32 Ft XXL,1.37286E+18
RJ14GG4604,32 Ft XL,1733578037
HR38AC2084,32 Ft XL,3908165514
RJ14GF8435,32 Ft XL,2783829460
GJ15AT8615,20 Ft XL Ft XL,1703106667
TN52AA6531,32 Ft XXL,1355866713
HR55AK0379,32 Ft XL,3782184908
NL01AG1726,34 Ft XXXL,2059618537
HR55AF4378,32 Ft XL,1.3653E+18
NL01AH1942,32 Ft XXL,2638422073
MH04JK4616,20 Ft XL,1920377779
HR47F2846,32 Ft XXL,4030502194
GJ12BX9605,40 Ft DXL,3106825274
HR55W1872,32 Ft XL,1.27493E+18
NL01AA1921,32 Ft XL,2637171806
KA01AN8865,32 Ft XXL,1.28381E+18
NL01AG1873,32 Ft XL,1038921782
UP78FN1554,32 Ft XXL,3706224517
MH04KU6253,32 Ft XXL,2011034040
TN05CF8827,32 Ft XL,23845928
NL01AF0434,32 Ft XXL,1.27493E+18
TN37DS1875,32 Ft XL Ft XL,1.27493E+18
MH46BB9662,20 Ft XL,159067077
NL01L3958,32 Ft XXL,1.27493E+18
UP78DT9299,32 Ft XXL,1288597701
OD09L0227,32 Ft XL,3003097865
TN05CR1627,32 Ft XL Ft XL,23845928
DD01V9507,32 Ft XL,23061505
MH43BP1282,32 Ft XXL,508628337
HR55V9134,32 Ft XL,1.27493E+18
HR38W7478,32 Ft XL,2808252287
HR55Y6030,32 Ft XXXL,752833987
RJ14GP8447,32 Ft XXL Ft XXL,3310646587
UP54T5105,24 Ft DXL,3504217824
TS08UF9877,32 Ft XXL,1666346930
RJ11GB5272,32 Ft XXL,646155831
RJ11GB6963,32 Ft XXL,2358251102
MH42AQ9450,20 Ft XL Ft XL,341405768
HR55T7922,32 Ft XXL,3234395569
HR55AH5266,32 Ft XXL,267942975
MH04KU5595,32 Ft XL Ft XL,4095825611
NL01AD4964,32 Ft XL,3779671859
MH46AF6341,20 Ft XL,1323381085
PB10HR6593,32 Ft XL,393600316
MH14GD4009,22 Ft XL,1.27493E+18
NL01AE7992,32 Ft XXL,1.37502E+18
NL01AE4253,32 Ft XL,1763251974
HR38S2037,32 Ft XL,726052560
RJ11GB6962,32 Ft XXL,1.27493E+18
HR55AK2217,32 Ft XL,3121640540
RJ11GC4091,32 Ft XXL,1.33805E+18
TN28BC8609,32 Ft XXL,1.29634E+18
GJ01HT7464,32 Ft XXL,133396775
MH04LQ0395,32 Ft XXL,2811610218
MH46BF9907,32 Ft XL,1847180982
RJ11GC9414,32 Ft XXL,1.33805E+18
TN28BC5675,32 Ft XXL,1.29634E+18
HR63B0066,32 Ft XXXL,802704843
HR47D5513,32 Ft XL,2125059342
RJ10GA8757,32 Ft XXL,3557494937
PB13BE2477,32 Ft XL,1.27493E+18
HR55AS4416,22 Ft XL,2617245338
HR55AK2517,22 Ft XL,818100544
MH04KU3455,20 Ft XL,3671323995
TN12V7142,32 Ft XXL,1.39961E+18
RJ32GC8428,32 Ft XL,2827959789
HR55AB2041,32 Ft XXL,1.37502E+18
HR38T3029,34 Ft XL,955834925
HR55AB2050,32 Ft XXL,1.37502E+18
DL1MA7865,22 Ft XL,1369911795
KA21A3525,32 Ft XXL,1890544985
TS08UG7046,32 Ft XXL,3750422006
KA51AK1117,32 Ft XXL,56537515
TN52L7004,32 Ft XXXL,1.37286E+18
MH43BX0787,32 Ft XXL,1.37249E+18
RJ14GT1408,32 Ft XXXL,1524180104
NL01AG5905,34 Ft XL,1407618984
MH31FC6057,32 Ft XL,2322831403
NL01AC0841,32 Ft XL,3509917328
HR46E4326,32 Ft XL,3888426839
KA594164,32 Ft XL,957599466
KA01AL5247,22 Ft XL,362513962
MH43BX2387,32 Ft XXL,1.37249E+18
RJ18GB4872,32 Ft XXL,708208933
NL01AB5321,32 Ft XL,1.35842E+18
NL01AG8345,30 Ft DXL,1650955566
UP82AT4704,32 Ft XL,1098481868
HR55AJ0189,32 Ft XL,2463724394
HR38Z9467,32 Ft XL,2858977521
NL01AD5143,32 Ft XL,4035112810
NL01AG7935,34 Ft XL,1.27493E+18
DN09R9511,32 Ft XL,172906540
MH15HH5858,32 Ft XXL,34139860
RJ11JB9512,32 Ft XXL,1682706600
PB13AW2390,32 Ft XL,2820743978
HR55AB8782,32 Ft XXL,2198632009
GA04T9035,32 Ft XXL,1116300122
RJ02GC7621,32 Ft XXL,3202025075
HR55AL8821,32 Ft XXL,1.37257E+18
HR38AD0749,22 Ft XL,572478139
HR55AA9262,32 Ft XXL,3000670204
KA51AH7438,24 Ft XL,1.29971E+18
NL01AG6781,30 Ft DXL,3364769651
TN42AL0613,22 Ft XL Ft XL,295300481
TN22CR9496,20 Ft XL,2541946062
MH04KF6432,22 Ft XL,1780542669
MH46BU3109,32 Ft XXL,2793079243
HR38AG2541,32 Ft XL,3908165514
RJ14GR4404,32 Ft XL,4091380543
HR55T6531,32 Ft XXL,4005448948
RJ47GA6344,40 Ft DXL,4255940877
DD01R9514,32 Ft XL,2008158030
MH46BB7450,34 Ft XL,1261369310
RJ11GB5988,32 Ft XXL,1583587267
RJ27GD0245,32 Ft XXL,2979921946
UK07CD7511,32 Ft XXL,2118848005
TN39CS0327,32 Ft XXXL,1271043962
RJ52GB1523,32 Ft XXL,1573419948
HR38AF0372,32 Ft XL,3908165514
RJ14GT0736,32 Ft XXXL,1524180104
TN25BE7137,22 Ft XL,2119373447
HR38V7391,22 Ft XL,2715031614
HR47D2911,32 Ft XL,2532936040
HR55R7572,32 Ft XL,1.36451E+18
RJ11GD1087,32 Ft XXL,589031229
UP78GN5831,32 Ft XL,3251962340
CH01TB6241,32 Ft XXL,2838899538
MH04LE3842,20 Ft XL,1092962944
HR38AG0450,32 Ft XL,292837692
MH46BF0802,32 Ft XL,1.27493E+18
RJ14GQ4856,32 Ft XXXL,801664119
HR56A1033,32 Ft XL,1.27493E+18
HR55AK4885,32 Ft XL,3000356243
NL01N7472,32 Ft XXL,1168052891
HR61D4792,32 Ft XL,1495002572
TN70AD1166,32 Ft XXL,2488622514
NL01L3164,32 Ft XXL,574573228
HR38V7510,34 Ft XL,1263168055
NL01AG5162,32 Ft XL,3914731708
MH12QG2294,32 Ft XXL,2794462599
MH04HY1059,32 Ft XXL,1259620876
TN52J7771,32 Ft XXL,1.36553E+18
MH40CD8210,32 Ft XXL,143673201
HR55AK4994,19-22 Ft SXL Ft ,818100544
MH14GD7336,20 Ft XL,1.27493E+18
TN04AV9904,32 Ft XXL,1271043962
TN30BF5074,32 Ft XXL,3923431786
TN52AA3952,32 Ft XXL,1.32425E+18
TN88W8799,32 Ft XXL,2061117023
UK06CB5312,32 Ft XL,2432246931
HR842626,32 Ft XXL,4122073968
TN52AA2788,32 Ft XXL,1.27493E+18
RJ32GC5399,32 Ft XL,3630080344
HR55U2835,32 Ft XXL,834023770
TN37DQ1713,32 Ft XL,1.27493E+18
TN30BE9216,24 Ft XL,1.29095E+18
UP13AT1717,32 Ft XL,1310073092
RJ07GC1575,32 Ft XXXL,1784162912
RJ10GB6834,32 Ft XXL,2790224233
MH04JU5161,32 Ft XL,1763251974
UP13DT0849,32 Ft XL,1310073092
NL01AB5320,32 Ft XL,1.35842E+18
TN25BT3339,32 Ft XXL,1675771888
RJ14GN8196,32 Ft XL,1645396204
TN88H0882,32 Ft XL,1034250895
TN30BH0844,32 Ft XXL,1.36556E+18
HR39D4440,32 Ft XL,481817470
KA01AJ9279,32 Ft XL,217271024
TN37CA8476,22 Ft XL,907961855
TN04AV9465,32 Ft XXL,1271043962
HR46E7010,24 Ft XXL,984079765
NL01AG0469,34 Ft XXXL,2059618537
HR38V8736,32 Ft XL,2906035098
MH04GR2023,32 Ft XXL,3155699385
TN88H8761,32 Ft XXL,3684021696
TN93E4014,32 Ft XL,1.37427E+18
HR47F9575,32 Ft XL,4030502194
TN40E0069,32 Ft XXL,1.39961E+18
TN25CA6397,32 Ft XXL,1675771888
NL01AG7680,36 Ft XXXL,533252639
MH12PQ9894,32 Ft XXL,2794462599
NL01AF2544,32 Ft XL,1763251974
RJ10GB2681,32 Ft XXL,1038921782
MH04KU6603,32 Ft XL,2545997179
HR55AM8591,32 Ft XXL,2657042234
HR74B8303,32 Ft XL,3592248843
TN03X9090,32 Ft XXL,900208284
NL01AD3286,32 Ft XXL,694678537
KA04AA3067,32 Ft XXL,1.37249E+18
NL01AE0007,32 Ft XXL,1.27493E+18
MH04LQ5633,32 Ft XL,1569587841
RJ14GR0484,32 Ft XXL Ft XXL,1093938573
HR74B3248,32 Ft XL,3592248843
BR06GC8705,32 Ft XL Ft XL,3977087158
HR55AM0930,32 Ft XXXL,1592936837
NL01AF3292,32 Ft XXL,2601101007
HR55AK2853,32 Ft XL,1.36451E+18
MH14DM9939,22 Ft XL,2956987562
MH14HU1595,32 Ft XL,55062080
NL01AF3293,32 Ft XXL,2601101007
HR38AH0364,32 Ft XL,3908165514
HR55WB2045,32 Ft XXL,1.37502E+18
TN18AS9947,32 Ft XXL,1.29567E+18
KA01AB6889,32 Ft XXL,1.35511E+18
MH04LQ5635,32 Ft XL,2407169107
TN28BC8505,32 Ft XXL,3891668170
HR38AG0133,34 Ft XL,3158106272
KA01AM2629,24 Ft XL,1864800108
NL01AE7989,32 Ft XXL,1.37502E+18
MH43BX2391,32 Ft XXL,1.37249E+18
NL01AE7991,32 Ft XXL,1.37502E+18
HR55AE4543,32 Ft XXL,1.27493E+18
TN52K6459,32 Ft XXL,1.38589E+18
RJ14GP1092,32 Ft XL,925801732
KA51AG3059,22 Ft XL,1861644730
HR55AF5277,32 Ft XXL,3648094054
TN88AZ2497,32 Ft XXL,3145471621
HR38AC9974,22 Ft XL,572478139
TN24AL1441,32 Ft XXL,1144809355
RJ32GC2788,32 Ft XL,3146373301
RJ14GP5633,32 Ft XL,2288705459
HR55AC8136,32 Ft XL,208449432
RJ32GC4464,32 Ft XXL,1242574798
MH04GR1215,32 Ft XL,2564900610
HR55AQ9033,22 Ft XL,1.27493E+18
HR55W4721,32 Ft XXL,1.36451E+18
MH19CY8073,32 Ft XL,4063429927
MH04JU4126,20 Ft XL,108749163
HR38AB1263,32 Ft XXL,1562663088
NL01AE7591,32 Ft XXL,1.27493E+18
WB05A3836,32 Ft XXL,1080031028
HR38AB7500,32 Ft XL,2275596032
NL01AD1203,32 Ft XXL,1675607123
RJ11GD1800,32 Ft XXL Ft XXL,3659002255
TN88AY1166,32 Ft XXL,644862596
TS08UL1228,20 Ft XL Ft XL,1688206047
HR55AS4449,22 Ft XL,2594083566
RJ10GB6163,32 Ft XXL,3557494937
HR55AP5537,32 Ft XXL,2746782088
MH14LL1388,20 Ft XL,3278235299
MH04LY6036,20 Ft XL,4000628782
MH04GC5027,32 Ft XXL,2312731764
MH46CL1306,32 Ft XL,4155638782
GJ38T3913,32 Ft XL Ft XL,2299587520
KA51AK1855,32 Ft XL,3189752954
HR39E9202,32 Ft XL,3502623890
TN42AL3399,32 Ft XXL,1.27493E+18
HR55AH7932,32 Ft XL,291465903
TN02BE3858,32 Ft XXL,1.33841E+18
NL01AF4112,32 Ft XL,3731347356
TN39CR5323,32 Ft XL,1271043962
TN39CR8696,32 Ft XL,4254809584
MH04KF9466,32 Ft XXL,484342666
DD01G9811,20 Ft XL Ft XL,1451479875
RJ14GK7153,32 Ft XXL,1.30839E+18
DL1MB1144,22 Ft XL,2275826932
HR45D3486,22 Ft XL,2326154247
RJ40GA4427,32 Ft XL,1206131433
MH04JU4429,20 Ft XL,3196048022
HR46E8278,32 Ft XL,3888426839
HR47F4254,32 Ft XXL,1193730341
NL01AC9072,32 Ft XL,1.27493E+18
NL01AB5438,32 Ft XXL,3136763773
RJ11GB9240,32 Ft XXL,2700883699
NL01AE8683,32 Ft XXL Ft XXL,1.27493E+18
MH24AU5754,20 Ft XL,3319010155
NL01AE3634,32 Ft XL,2370712691
MH40BG9245,32 Ft XL,2962862464
RJ18GB3118,24 Ft XXL,752833987
HR55AU3208,32 Ft XL,2463724394
MH05AM3001,32 Ft XXL,3208030818
MH12RN8499,32 Ft XXL,776326532
GJ12BW4891,40 Ft DXL,1608917745
RJ52GA6837,32 Ft XXL,418533805
RJ14GQ5136,32 Ft XL,1625775589
HR55AL1953,20 Ft XL,3544992241
TN59CDZ3660,20 Ft XL Ft XL,831560818
RJ14GL6931,32 Ft XXL,3554142728
KA01AL1984,32 Ft XXL,1.35482E+18
MH04LQ4364,20 Ft XL Ft XL,1470923263
HR47C7942,32 Ft XXL,1.27493E+18
NL01AE7990,32 Ft XXL,1.37502E+18
RJ01GC2829,40 Ft DXL,2472847994
RJ11GB6727,32 Ft XXL,1463879186
DL1GC6149,32 Ft XXL,1.28455E+18
HR55T1389,32 Ft XXL,3234395569
HR55AM0356,20 Ft XL,3378674383
RJ32GD5298,32 Ft XXL,654234375
MH46BU6872,20 Ft XL,4133277105
NL01AF8040,32 Ft XL,3731347356
MH14KA0041,22 Ft XL,1251745391
TN25BP5794,32 Ft XXL,1192910416
MH04LQ4525,20 Ft XL Ft XL,3397474671
HR55AK0126,22 Ft XL,818100544
TN01BM2442,32 Ft XL,3268912921
MH04JU1888,32 Ft XL,2715681784
RJ11GC3585,32 Ft XXL,2177204286
TN04BD3926,32 Ft XL,3739220626
NL01AG9896,32 Ft XL,761325456
BR06GF1784,32 Ft XL,1675607123
KA592899,22 Ft XL,3299064985
HR55AK1049,22 Ft XL,1.30944E+18
MH04JU3196,32 Ft XL,1763251974
RJ09GC1886,32 Ft XXL,4150367334
HR38AH6257,32 Ft XL,3908165514
RJ14GJ3823,32 Ft XXL,3228667817
TN28BK8344,32 Ft XXL,822721021
MH11DD9567,20 Ft XL Ft XL,3723932010
RJ11GC1174,32 Ft XXL Ft XXL,654841166
UP23AT4286,32 Ft XXL,1897334415
TN34AJ5388,32 Ft XXL,2456406897
HR55Y9071,32 Ft XXL,1.27493E+18
HR38AF0881,22 Ft XL,2532781938
OD11S0113,32 Ft XXL,560318007
HR66C7668,32 Ft XL,2848944094
MH04KF0150,32 Ft XL,940945578
UP54T8505,26 Ft DXL,3504217824
NL01AE7984,32 Ft XXL,1.37502E+18
TN52AC1177,32 Ft XXL,153147850
TN37DS1491,32 Ft XXL,1.27493E+18
NL01AE5664,32 Ft XL,1.3653E+18
MH04LQ2408,32 Ft XL,2545997179
TN28BH5899,32 Ft XXL,3825710874
HR47G1177,32 Ft XL,1804682592
NL01AE7785,32 Ft XL,1324027201
NL01AC0382,32 Ft XXL,1.27493E+18
MH04KU6117,20 Ft XL Ft XL,3202760598
HR38AB3022,32 Ft XXL,1562663088
HR55AC2740,32 Ft XXL,3575206951
TN46AB0945,20 Ft XL,3078939781
BR01GM0484,32 Ft XXL,1119306811
HR55AR9745,32 Ft XL,66447761
WB11E0263,32 Ft XXL,1146569996
HR55V7084,32 Ft XL,2637171806
HR55AR6678,32 Ft XL,2971335053
KA51D2603,32 Ft XXL,902512755
OD01K6469,32 Ft XXL,560318007
KA01AL7636,32 Ft XL,1.27493E+18
NL01AF2177,32 Ft XL,1763251974
HR55AF7552,32 Ft XL,267942975
TN34MA1537,26 Ft DXL,722363753
WB73L3133,32 Ft XXL,1450445338
HR38AC9499,32 Ft XXL,1272519803
HR55AB9303,32 Ft XXL,1.27493E+18
RJ32GC3166,32 Ft XXL,1.27493E+18
MH46AR3048,32 Ft XL,322358579
MH46BB4370,32 Ft XXL,1.27493E+18
MH04KF7352,20 Ft XL,859974101
KA51AH0349,22 Ft XL Ft XL,2273269885
HR55AK7556,22 Ft XL,818100544
MH24AU9143,32 Ft XL Ft XL,1620714298
MH46AR6343,32 Ft XXL,1.37249E+18
TN39CZ9189,32 Ft XL,4125775703
UP54AT0216,26 Ft DXL,3504217824
HR67B9365,32 Ft XXL,1449607347
RJ14GQ0600,32 Ft XL,1.27493E+18
MH04JU3193,32 Ft XL,1763251974
RJ32GC9159,32 Ft XL,265122025
RJ27GC9978,32 Ft XXL,2979921946
NL01AA2496,32 Ft XXL,1323245759
HR38AE4530,34 Ft XL,2858977521
HR38AE2988,32 Ft XXL,1.41783E+18
HR39D6756,32 Ft XL,481817470
NL01AD9904,32 Ft XL,3751013683
NL01AD7243,32 Ft XXL,2263179590
HR55AJ7496,32 Ft XL,92539438
RJ14GP5988,32 Ft XL,875504629
HR61D0166,22 Ft XL,2965778612
MH04HD9056,20 Ft XL,3982429025
RJ11GB8896,32 Ft XXL,3076107935
MH23AU2142,20 Ft XL,3511667751
OD02BE6557,32 Ft XXL,3003097865
KA53AA7778,20 Ft XL,2035918744
HR56B6587,32 Ft XL,3469807626
HR47D4623,32 Ft XXXL,1370455184
KA51AC5249,32 Ft XXL,1.31061E+18
TN88E5578,32 Ft XXL,3821008100
MH46BF9839,32 Ft XL,1375808288
MH46BB8631,32 Ft XXL Ft XXL,3587963592
MH24AU8224,32 Ft XL,4221398926
TN12AP9050,22 Ft XL,105402506
HR55AL4746,22 Ft XL,818100544
NL01AF1299,32 Ft XXL Ft XXL,415291715
KA51AG4617,22 Ft XL,1861644730
HR55V4662,32 Ft XL,1982572239
HR55AM2663,32 Ft XL,515545083
TN88X8483,32 Ft XXL,1.3095E+18
TN37CK6980,20 Ft XL,1.27493E+18
NL01AE5663,32 Ft XL,1763251974
TN01AU2445,32 Ft XL Ft XL,3832274834
HR47C2354,32 Ft XL,1.27493E+18
RJ47GA4624,32 Ft XXL,2532614300
MH04KU7636,20 Ft XL,556203466
DD01P9111,32 Ft XL,547416547
TN54K7999,32 Ft XXL,1.28345E+18
HR69B5873,32 Ft XL,2774528678
MH46CL0138,34 Ft XL,3823404355
TN33BT0439,22 Ft XL,530100686
WB11D5546,32 Ft XXL,135590117
HR55AU3343,32 Ft XL,2349979998
NL01AE7987,32 Ft XXL,1.37502E+18
RJ32GD0408,32 Ft XL,2546199617
KA01AF2250,32 Ft XXL,1930959888
HR47F9311,32 Ft XL,2532936040
KA01AD8791,20 Ft XL,2231017615
HR47F6272,22 Ft XL,1024890800
NL01AH0593,32 Ft XXL,2741874244
HR55AM5989,32 Ft XXXL,1.29422E+18
MH46BF0974,32 Ft XL,1.27493E+18
MH04LE5659,32 Ft XL,976860774
HR55AF6177,32 Ft XXL,1.34095E+18
MH46BF2491,20 Ft XL,732534985
UP42BT2821,32 Ft XL,4030351932
HR39D6543,32 Ft XL,481817470
HR55V7201,32 Ft XL,2880141006
RJ14GN4267,32 Ft XL,3497881716
UP14KT5297,24 Ft XL,2089495628
TN88J5848,32 Ft XXL,1.33841E+18
MH06AQ4770,32 Ft XXL,694341610
TN88U5699,32 Ft XXL,1.41705E+18
TN18BB9087,32 Ft XXL,1.35684E+18
RJ11GC0041,32 Ft XXL,1.27493E+18
TN05CM2227,32 Ft XL,23845928
MP09HH1387,32 Ft XXL,3187139634
TS07UE7157,32 Ft XXL,3706224517
TN56L1060,32 Ft XXL,1.29901E+18
KA51AK3196,32 Ft XXL,154705261
RJ10GB3243,32 Ft XXL,1.2812E+18
MH48AY3033,32 Ft XXL,2039810350
HR47C1721,32 Ft XL,10651475
HR38AC5822,22 Ft XL,3712202889
HR55AQ2530,32 Ft XL,1038921782
KA51AH4132,24 Ft XXL,511547080
KA569186,32 Ft XXL,2110436442
MH04KF4375,22 Ft XXL,200509188
KA52A8291,32 Ft XXL,1431985334
MH20DE5876,32 Ft XL,350259233
HR38T5167,22 Ft XL,2715031614
HR55AL1521,32 Ft XL,586056444
KA52B4967,22 Ft XL,3993520811
NL01N3446,32 Ft XL,2903670965
NL01Q3396,32 Ft XL Ft XL,238083654
HR39E4102,22 Ft XL,3468488591
TN02BM1407,32 Ft XXL,1.27493E+18
HR38S7585,34 Ft XL,1593227794
TN39CL1639,32 Ft XXL,1325843980
NL01AH2173,32 Ft XXL,154705261
HR74B2802,32 Ft XL,4112769211
HR55AT9691,32 Ft XL,3104138433
MH14GU5492,32 Ft XL,1569374315
UP23T7386,32 Ft XXL,1475335105
HR38AE1754,32 Ft XL,1599883026
HR55AP5231,32 Ft XL,1873564887
MH04KF7481,32 Ft XL,573747521
MH04JK3246,32 Ft XXL,1.30772E+18
HR55AC1075,32 Ft XXL,2715223503
TN36AK7540,20 Ft XL,1395152659
GJ01CU8679,22 Ft DXL,1882768089
TS08UB7823,32 Ft XXL,2375633805
GJ12BY1144,36 Ft XXXL,1649101344
TN39DZ0599,32 Ft XXL,1.27493E+18
TN24AX4815,20 Ft XL Ft XL,3370388645
PB11BY1872,32 Ft XL,2223231849
NL01AG1288,32 Ft XXL Ft XXL,2600246705
HR61D8730,22 Ft XL,2041405395
RJ14GQ7860,32 Ft XXL,2374041767
MH15JC2576,32 Ft XXL,4053392143
HR55AN8975,32 Ft XL,1.27493E+18
DL1MB3083,22 Ft XL,2157329828
TN52K4577,32 Ft XXL,1.28958E+18
KA52B4728,20 Ft XL,4186992177
TN30BQ4140,32 Ft XL,1.27875E+18
HR55AQ1917,32 Ft XL,1.27493E+18
UP14LT1802,20 Ft XL,127872060
TN52K9644,32 Ft XXL,153500135
HR55AK4240,22 Ft XL,1.27493E+18
HR55AK0597,32 Ft XL,837162591
HR47E4457,22 Ft XL,4114516569
HR47B5126,32 Ft XL,1.27493E+18
KA51AC5250,32 Ft XXL,1009348521
GJ12BV7610,40 Ft DXL,1608917745
MH04LY7991,20 Ft XL,18476183
RJ18GB4272,32 Ft XXL,1448966853
MH04LQ3137,22 Ft XL,2138596688
HR55U8977,32 Ft XXL,1.35182E+18
GJ15AT4856,32 Ft XL,2603292377
TN39CS6967,32 Ft XXL,1271043962
HR55AC5157,20 Ft XL,2349979998
TN34AH7287,32 Ft XXL,4152150427
MH14HG1930,20 Ft XL,2046209108
MH46CL5159,32 Ft XXL,3944964191
MH46BB5871,32 Ft XL,712418492
HR55AM9493,32 Ft XXL,1.27493E+18
MH43BX8043,32 Ft XL,1.37249E+18
RJ14GL8627,32 Ft XL,2005079660
MH43CA4199,32 Ft XXL,589546240
HR38AD1012,34 Ft XL,4239308576
RJ09GC1239,32 Ft XXL,2374041767
HR67B5320,24 Ft XXL,1936515858
MH04KU2602,20 Ft XL,200509188
HR38AH7268,34 Ft XL,250896138
MH43CE3828,32 Ft XXL,724297732
TN34AF5799,32 Ft XXL,302597895
NL01AC4978,32 Ft XXL,3155944960
HR38U2556,32 Ft XXL,2045484468
NL01AE9955,32 Ft XXL,3251689406
TN30BQ4218,32 Ft XXL,1.27493E+18
TN47BA4083,22 Ft XL,3888651998
TN84L3879,22 Ft XL,3322124713
WB11D6467,32 Ft XXL,4082689178
NL01L7092,32 Ft MXL,1.34396E+18
MH04LE9968,22 Ft XL,2288924615
UP81CT5075,32 Ft XXL Ft XXL,2115237033
TN12AM6489,22 Ft XL,1.41632E+18
TN42AL5649,20 Ft XL Ft XL,3473018394
KA51AG3690,22 Ft XL,1861644730
UP81CT5073,30 Ft DXL,2115237033
RJ09GE3647,32 Ft XXL,1183707012
MH43BX7381,32 Ft XL,1.37249E+18
NL01N2801,32 Ft XXL,1168052891
TN18A2337,20 Ft XL,3888651998
TN47AL7917,20 Ft XL,3888651998
TN19AL0225,24 Ft XXL,626256173
HR55AK3957,20 Ft XL,2037549557
MH46CL3669,32 Ft XXL,2793079243
GJ15AT5989,32 Ft XL,3034584419
RJ47GA6316,40 Ft DXL,4255940877
UP13AT9010,32 Ft XXL Ft XXL,2115237033
RJ10GA8105,32 Ft XL,1219188435
MH46CL9190,32 Ft XXL,3633219397
GA06AV1397,32 Ft XL,2975014919
HR55AJ6070,32 Ft XL,1.27493E+18
KA03AE3075,20 Ft XL,4170560057
RJ47GA3862,30 Ft DXL,4255940877
MH40CT1037,32 Ft XXL,761325456
TN25BB8727,32 Ft XL,1189346497
HR38W7501,32 Ft XL,214553612
HR55AC3433,32 Ft XXL Ft XXL,1617854670
MH12VF4290,32 Ft XXL,2016006778
WB05A1587,32 Ft XXL,1080031028
TN54K5099,32 Ft XXL,2346186893
KA53AB3476,32 Ft XL,1788446187
MH43BP2133,32 Ft XXL,508628337
RJ14GQ8963,32 Ft XL,1038921782
GJ19X7234,22 Ft XL,3118177014
NL01AF9800,32 Ft XXL,378353369
TN52K5108,32 Ft XXL,1.29901E+18
HR38AD7573,32 Ft XL,2111733133
HR38AG7238,32 Ft XXL,4122073968
TN28BH1743,32 Ft XXL,1060552599
HR55AL0996,22 Ft XL,2862424708
PB11CF9644,32 Ft XXL,3170897108
TN36BV7682,32 Ft XXL,1701426074
HR55W3722,32 Ft XL,1.27493E+18
WB11B9149,32 Ft XXL Ft XXL,3847316319
HR55AD4642,32 Ft XL,208449432
MH04KU6634,20 Ft XXL,3108073027
HR55AE6383,32 Ft XXL,1.34095E+18
TN88V0691,32 Ft XL,1.28559E+18
HR38Z8916,20 Ft XL,1884839023
HR38X5566,32 Ft XL,2906035098
HR55AL3166,32 Ft XXL,1.27493E+18
UP25DT8418,30 Ft DXL,2818151988
RJ11GC6041,32 Ft XXL Ft XXL,2252295024
RJ14GK1718,32 Ft XL,1101147109
KA53AB3158,22 Ft DXL,1788446187
HR56B8917,21 Ft DXL,3504217824
GJ27TD2459,32 Ft XL,2870844706
RJ14GP5635,32 Ft XL,2288705459
NL01AJ2239,32 Ft XL,2247350398
TN39CQ7048,32 Ft XL,4125775703
HR66A6793,32 Ft XXL,823897004
HR841913,32 Ft XL,718481859
WB05A4153,32 Ft XL,1080031028
GJ38T4700,32 Ft XL,1031975809
MH43BX8968,32 Ft XL,1.37249E+18
MH04LQ4412,20 Ft XL Ft XL,1990592200
HR55AF6677,32 Ft XL,3648094054
HR55AH1549,32 Ft XL,267942975
HR46F9756,32 Ft XL,2757888850
MH48CB2801,20 Ft XL,2709739130
TN29CU1266,32 Ft XXL,3535688251
GJ27TF2278,32 Ft XXL,934518116
MH23AU1512,32 Ft XL,465191334
WB11F7457,22 Ft XXL,2296239721
NL01AG1728,34 Ft XXXL,2059618537
NL01N3986,32 Ft XL,1179273343
NL01AC0190,32 Ft XL,4006088036
NL01AF4141,34 Ft XXL,4112769211
RJ14GK7053,32 Ft XL,3432718452
KA01AJ0035,32 Ft XL,1.28381E+18
HR55AL9034,32 Ft XXL,374678490
RJ32GD5687,32 Ft XL,3249855397
HR38X7026,32 Ft XXL,1806953019
TN02BL9966,22 Ft XL,1938068082
UP21DT8849,32 Ft XXL,3063123278
MH04KU7699,32 Ft XL,573747521
TN88AZ4799,22 Ft XL Ft XL,770823235
HR67B1669,24 Ft XXL,1012754256
KA42B2340,20 Ft XL,593183256
HR38Z9183,22 Ft XL,554587856
TN36AP2394,32 Ft XXL,1.27493E+18
TN32BC1641,20 Ft XL Ft XL,123791790
TN47AU9050,22 Ft XL Ft XL,2871096043
WB11C7602,32 Ft XXL,4026520101
HR47E0469,22 Ft XL,2360715924
HR38AH5554,32 Ft XL,2733533833
TN12AR3888,32 Ft XL,4225747090
MH04LE6319,32 Ft XL,620207144
WB05A1665,32 Ft XL,1080031028
BR06GE2689,32 Ft SXL Ft ,1675607123
TN05CC1427,20 Ft XL,23845928
RJ52GA7036,32 Ft XXL,1147749398
RJ14GP0526,32 Ft XXL,3509917328
HR38W9761,34 Ft XL,2335357181
TN28BK3908,32 Ft XXL Ft XXL,3999100522
TN52AA6255,32 Ft XXL,1.37286E+18
TN88L2387,32 Ft XXXL,2489278472
TN52D2793,32 Ft XL,430104909
MH48CQ2837,32 Ft XL,3497379874
HR61E6890,32 Ft XL,204606172
UP32ZN2833,32 Ft XL,197560472
HR66B9045,32 Ft XXL,1960149178
KA52B2011,22 Ft XL,3141194182
HR38AB4878,32 Ft XL,2563933293
KA41D5832,24 Ft XL,2829880542
TN77E0507,32 Ft XXL,1.27493E+18
HR38AD5280,34 Ft XL,4239308576
RJ14GP2912,32 Ft XL,1.27493E+18
MH04MH2554,22 Ft XL,3387547965
TN88U6626,32 Ft XXL,3706842395
MH04KU7395,22 Ft XL,4143037193
HR55AC8542,32 Ft XL,267942975
GJ06AV0716,32 Ft XL,2923486914
NL01AG3395,32 Ft XL,2560436813
NL01AF0424,32 Ft XXL,1.27493E+18
TN52M0507,32 Ft XXL,2114355974
HR55AL1115,32 Ft XL,4112769211
RJ14GQ3251,36 Ft XXXL,361831879
KA51AH1092,32 Ft XL,3905849175
TN39CT9412,32 Ft XL,173607023
MH46BF1248,32 Ft XXL,1.28265E+18
TN39CW1426,32 Ft XL,1.27493E+18
HR55W7064,32 Ft XL,942688014
NL01AH2223,32 Ft XL Ft XL,2313603075
KA38A0066,20 Ft XL Ft XL,2358871651
UP16HT9015,22 Ft XL,524560922
HR55AE0881,32 Ft XL,2283783132
KA51AG6292,32 Ft XXL,1.41813E+18
NL02Q3671,32 Ft XL,1.27493E+18
HR55AK3126,32 Ft XL,2546199617
TN39CC5835,32 Ft XXL,1271043962
HR55AL5935,22 Ft XL,1.27493E+18
TN28BK4195,32 Ft XXL,1.27493E+18
NL01AG5141,34 Ft XL,2903670965
HR47G2530,32 Ft XL,4004548899
KA02AG5900,20 Ft XL,3970541655
TN52J3985,32 Ft XXL,792423231
HR47D7457,32 Ft XL Ft XL,324703824
UK06CA9302,32 Ft XXL,1900996983
MH46BF0510,32 Ft XXL,2793079243
HR38W7202,32 Ft XXL,2003063906
JH02BL6723,32 Ft XL Ft XL,3654741733
HR55AL0486,32 Ft XXL,1.27493E+18
MH46BM3476,32 Ft XL,1.27493E+18
TN29CC7438,32 Ft XXL,3089520401
MH24AU7158,20 Ft XL,609750096
MH04GR8783,32 Ft XXL,4279831489
TN19AL7099,32 Ft XXL,4094944893
HR38AE9260,32 Ft XL,1995526937
HR38AC6498,32 Ft XL,2111733133
MH43BP3682,32 Ft XXL,3944964191
WB11C6390,32 Ft XXL,3876917080
RJ14GP0071,32 Ft XXL,2086816663
MH04LE2586,32 Ft XXL,1427582194
TN34X6397,32 Ft XXL,2799217186
HR38AA4672,34 Ft XL,955834925
HR55AM2306,24 Ft XL,20079860
KA51B8688,32 Ft XXL,1.37286E+18
DD01Q9237,32 Ft XXL,1784565714
TN39CT0205,32 Ft XXL,921080138
HR38Z4484,22 Ft XL,989892657
RJ14GQ5946,32 Ft XL,2553882112
NL01AG4084,32 Ft XXL,1.34387E+18
HR56C0876,32 Ft XL,876758123
HR55AE6160,32 Ft XXL,3648094054
HR55AH3889,32 Ft XXL,267942975
TN39CM2106,32 Ft XXL,37099671
HR55AP8400,32 Ft XXL,3234395569
KA53AB2367,32 Ft XL,3073368300
HR55AK8301,22 Ft XL,616191173
HR47D4759,32 Ft XL,2463724394
MH04KF0153,32 Ft XL,848368649
MH43BX6806,32 Ft XL,1.37249E+18
RJ32GD3989,32 Ft XL,2577279039
TN12AS6012,22 Ft XL,105402506
MH46BF0614,32 Ft XL,4155638782
HR55AQ3926,22 Ft XL,2188882136
DD01R9846,32 Ft XXL,1784565714
KA52B7124,22 Ft XL,2035918744
HR55AM8294,32 Ft XL,515545083
WB76B1905,32 Ft XL,899478693
HR66B7410,32 Ft XL,1366565040
TN52AC9657,32 Ft XXL,2881336242
UK04CC5656,30 Ft DXL,3836262919
GJ01HT9525,32 Ft XXL,1962476245
MH04LQ9970,22 Ft XL,239683150
HR55AF2777,32 Ft XXL,3648094054
TN28BH8566,32 Ft XXL,2117522071
TN88W8599,32 Ft XXL,2061117023
HR55Y1777,32 Ft XL,1788205992
GJ12BX3026,36 Ft XXXL,1649101344
DL1MA8771,20 Ft XL,797046859
HR55AD9421,32 Ft XXXL,3234395569
TN88AY1459,32 Ft XXXL,2205338248
UP66AT1508,22 Ft XL,1420603818
HR55AM2899,32 Ft XXL,1.27493E+18
TN56S1971,32 Ft XL,1579908675
HR55AP5426,32 Ft XL,3904425606
HR55AH6900,32 Ft XL,3630080344
RJ10GB6550,32 Ft XL,3110131596
MH04JK1248,32 Ft XXL,1.37247E+18
TN52R5911,32 Ft XL,1.32425E+18
TN11AJ9677,32 Ft XL Ft XL,4290128786
TN48BU3172,32 Ft XXL,3494074323
HR38V8620,32 Ft XL,2647333561
RJ10GC1455,32 Ft XL,1773597366
HR47F9925,22 Ft XL,312411188
HR74B7594,32 Ft XL,20046284
UP21BN5493,32 Ft XL,748753063
TN12AY0670,32 Ft XL,1231104877
MH46BU6273,34 Ft XXXL,2814645832
HR39E7303,24 Ft XXL,984079765
GJ06AV9047,32 Ft XL,104156937
HR55AK1782,22 Ft XL,548066073
NL01AE9377,32 Ft XL,3287102133
HR47C5346,32 Ft XL,1382809208
MH43BX9637,32 Ft XXL,1993271565
TN47BY1119,20 Ft XL,1908930337
KA26B4627,32 Ft XL,3073368300
TN56R0261,32 Ft XL,1579908675
MH12LT5704,24 Ft XL,2794462599
HR65A2225,30 Ft DXL,3364769651
GJ01HT4707,32 Ft XXL,133396775
HR38AB1984,32 Ft XL,3128031607
GJ39T1422,30 Ft XXL,3992178744
HR38AA5013,32 Ft XXL,1.27544E+18
MH12SX9466,34 Ft XL,2066449745
KA01AM1027,32 Ft XXL,1.28381E+18
NL01AE2430,32 Ft XL,1.27493E+18
TN28BK1422,32 Ft XXL Ft XXL,1927615655
CH01TB4612,20 Ft XL,3051829396
HR55Y8947,32 Ft XL,904969546
TN39CT6399,32 Ft XXL,3586827150
TN61AA7004,32 Ft XXL,3619884826
NL01AF1287,32 Ft XL,2921031696
RJ10GB5809,32 Ft XXL,93434900
MH40BG8963,19 Ft DXL,3526396359
HR55AM3873,22 Ft XL,3378674383
NL01AG8414,24 Ft XL,2903670965
TN14T6162,32 Ft XXL,1.29308E+18
RJ23GA5056,30 Ft DXL,2909598045
UP75AT6495,32 Ft XL,2545408207
MH04JK9511,32 Ft XL,2984689483
NL01AH2636,32 Ft XL,1.27493E+18
MH04JU5324,20 Ft XL,1168621851
HR55AP1646,32 Ft XXL,3234395569
RJ20GC4044,32 Ft XL,3073571164
NL01L6538,32 Ft XXXL,1.34396E+18
GJ27TD6094,32 Ft XXL,934518116
NL01AE7601,32 Ft XXL,1.27493E+18
MH46BB7941,32 Ft XL,1323381085
HR38AB4784,22 Ft XL,554587856
MH04KU7508,20 Ft XL,3963283725
RJ11GC1306,32 Ft XXL,3084169063
MH04JK6282,20 Ft XL,3473868831
NL01AE2531,32 Ft XL Ft XL,976160070
PB65BF1077,26 Ft DXL,3504217824
HR47E7370,22 Ft XL,28774287
MH43BX0932,32 Ft XXL,1.37249E+18
HR38AB6120,32 Ft XL,744933130
HR63D1065,32 Ft XL,2806250583
NL01AG8417,34 Ft XL,2903670965
MH04LE0808,20 Ft XL,4191919732
DL1MA6399,20 Ft XL,4285292968
GJ01ET5273,32 Ft XL,1340117688
NL01AE4394,32 Ft XXL,3194110022
MH14KA0038,22 Ft XL,1251745391
RJ14GP8420,32 Ft XL,3310646587
HR47G1115,32 Ft XL,3584401640
MH46BM5973,20 Ft XL,2481686056
RJ52GA3630,32 Ft XXL Ft XXL,3486196832
GJ12BY2086,36 Ft XXXL,1649101344
GJ18BT9102,32 Ft XL,3805031758
TN39CY1068,32 Ft XXL,2743836414
UP15FT7279,40 Ft DXL,3504217824
TN52M3062,32 Ft XXL,1.29901E+18
MH14HG9511,32 Ft XXL,508365964
NL01AF7032,32 Ft XL,3788447167
HR55AL1872,32 Ft XL,1.27493E+18
MH46BU7138,20 Ft XL,2816474766
TN87C2503,32 Ft XL Ft XL,3849324202
KA53AB1704,32 Ft XL,1.27493E+18
MH04LQ2404,32 Ft XL,2545997179
TN87D1661,20 Ft XL Ft XL,4163651040
NL01AD4021,32 Ft XL,1982572239
UK07CD4111,32 Ft XXL,2118848005
RJ32GD1519,32 Ft XXL,2546199617
TN52AA7897,32 Ft XXL,1334815516
DL1MA7062,22 Ft XL,3968807729
RJ32GC8538,32 Ft XL,2827959789
RJ14GL6294,32 Ft XL,3261373768
NL01AC0374,32 Ft XL,2861709397
MH04LQ7542,32 Ft XL,573747521
HR55AJ4546,22 Ft XL,1.30944E+18
TN28BJ5545,32 Ft XXL,3667459581
HR55AK9299,22 Ft XL,1530629691
NL01AF8681,32 Ft XL,1046286026
KA52A7555,32 Ft XXL,1962303682
NL01AG1146,34 Ft XXXL,2059618537
HR55AQ5064,22 Ft XL,3771353794
GJ12BZ0865,40 Ft DXL,1199572047
KA01AQ8665,32 Ft XXL,3245291872
NL01AG5186,32 Ft XL,3914731708
MH12MV3123,32 Ft XXL,2609356868
MH04JK0863,32 Ft XXL,242377121
UP53HT1271,32 Ft XXL,807951713
NL01AC1251,32 Ft XL,1810559494
MH40CD2803,32 Ft XL,444904836
TN34AC8521,32 Ft XL,1.28559E+18
RJ32GC0812,32 Ft XXL,1.27493E+18
TN48BY6314,32 Ft XXL,1.29634E+18
BR01GM1290,32 Ft XXL,3735101958
KA22C1313,32 Ft XXL,1.32646E+18
RJ32GC8503,32 Ft XL,3841426374
NLO1L6539,32 Ft XXXL,1.34396E+18
HR55AK5225,22 Ft XL,1265222010
HR38AF2070,32 Ft XL,3908165514
NL01N2836,32 Ft XXL,1168052891
GJ12BX7835,32 Ft XXXL,1649101344
MH14HU9239,32 Ft XL,589546240
KA02AH8389,20 Ft XL,131772426
TN34AC6880,32 Ft XL,3536538517
NL01AF3282,32 Ft XXL,3944964191
RJ14GL6555,20 Ft XL Ft XL,4001041423
KA51AA1735,32 Ft XL,957599466
NL01AH8735,34 Ft XL,17667683
UP82T6152,32 Ft XL,1542770824
NL01AD5605,32 Ft XXL,1.33805E+18
MH46BM9351,32 Ft XXL,878491648
NL01AD8302,32 Ft XL,1185501586
RJ14GL0290,32 Ft XXL,1.27493E+18
HR69C5286,32 Ft XXL,2604737766
NL01N2568,32 Ft XXL,1355641096
RJ09GC8822,32 Ft XXL,1183707012
TN70AF7688,32 Ft XXL,1271043962
HR55AF7156,32 Ft XL,267942975
RJ32GC8015,32 Ft XL,2594083566
HR55AK9704,22 Ft XL,2403252776
RJ14GN4698,32 Ft XXL,1636044491
RJ11GB5886,32 Ft XXL,3106031340
MH02FG3413,20 Ft XL,3946627381
HR58D9943,30 Ft DXL,1650955566
HR55AF6543,20 Ft XL,1921398566
MH16CE6206,32 Ft XXL,3143385980
TN88A9699,32 Ft XL,1527983037
TN11BF4232,24 Ft XL,4175139349
TN88H9222,32 Ft XXL,762113883
HR55AJ4421,32 Ft XL,3630080344
HR63E5991,32 Ft XL,1.27493E+18
HR38AD4715,32 Ft XL,2275596032
KA51AG7993,32 Ft XL,1016904326
NL01AC4905,32 Ft XXL,3193912759
RJ14GP7442,32 Ft XL Ft XL,3413718173
HR55AB5093,22 Ft XL,1.27493E+18
TN69BY3129,32 Ft XXL,1.41594E+18
NL01AH1941,32 Ft XXL,2638422073
NL01AE8912,32 Ft XXL,1.33853E+18
TN37CX5946,32 Ft XXL,2788744577
TN30BP0060,32 Ft XL Ft XL,2202134573
RJ11GB9372,32 Ft XXL,663241981
MP09DX7363,32 Ft XXL,3706224517
MH13CU6142,32 Ft XL,1135712292
RJ32GC5634,32 Ft XL,3630080344
TS07UK5116,32 Ft XXL Ft XXL,3829683448
NL01Q4075,32 Ft XL,1.27493E+18
TN30BK2815,32 Ft XXL,3291590255
HR67B0712,32 Ft XXL,2746782088
HP12P6531,32 Ft XL,980592438
MH14KA8480,20 Ft XL,3998536120
MH43BX2539,32 Ft XXL,1.37249E+18
KA52B5273,22 Ft XL,2222256497
KA04AC5662,32 Ft XL,3442279203
NL01AF7901,32 Ft XXL,1111699978
TN24AA9923,22 Ft XL,2013785989
MH04LE1983,32 Ft XXL,1.37247E+18
WB05A2976,32 Ft XXL,1080031028
DL1MA8096,20 Ft XL,3335612296
TN46AA6979,20 Ft XL,1362688749
HR38AG3193,22 Ft XL,554587856
KA51AK1826,32 Ft XXL,3189752954
KA45A3708,24 Ft XL,1077152552
TN34MB0954,32 Ft XXL,3590451473
TN39CZ9428,32 Ft XXL,1.27493E+18
NL01AC4241,32 Ft XL,2058958247
GJ12BY7972,32 Ft XXXL,361831879
TN42AJ4070,20 Ft XL,1.27493E+18
RJ32GC9587,32 Ft XL,2463724394
MH43BP1252,32 Ft XXL,508628337
TN38DF6438,32 Ft XXL,1095640172
NL01AD8852,32 Ft XL,782744564
KA51A9823,32 Ft XL Ft XL,1132325877
MH40CD1102,32 Ft XL,354247008
PB11CJ3532,32 Ft XXL,2322689137
TN37CR5229,20 Ft XL,1.27493E+18
HR38AA2194,32 Ft XL,1806953019
TN52K1089,32 Ft XXL,1.29705E+18
TN02BL9455,20 Ft XL,1511188069
HR55AS8703,32 Ft XL,3104138433
UP53HT1426,32 Ft XL,807951713
NL01AG2245,32 Ft XXL,1407618984
WB05A1478,32 Ft XL,1080031028
HR38V3927,32 Ft XL,183624329
HR55AH0356,32 Ft XL,1890778991
UK06CB7223,32 Ft XL,3113967960
RJ11GB8880,32 Ft XXL,663241981
RJ32GC6784,32 Ft XL,2757784359
KA21A3876,32 Ft XL,1930959888
KA01AQ0955,32 Ft XL,1.32425E+18
HR55AL8423,22 Ft XL,1.36745E+18
HR38V8767,32 Ft XL,1498431023
HR55AH4014,32 Ft XL,1324027201
HR38W2830,32 Ft XL,1.27493E+18
KA01AQ3298,20 Ft XL,354254790
MP09HH0293,32 Ft XXL,1714356723
HR55W6436,32 Ft XL,2724083759
MH47BL1374,20 Ft XL,2517342019
MH46CL2701,32 Ft XXL Ft XXL,855402536
MH43BX7380,32 Ft XL,1.37249E+18
MH12QG2494,32 Ft XXL,2794462599
MH43BX6706,32 Ft XXL,2160159070
HR55U2123,32 Ft XXL,1785752776
RJ10GA9697,32 Ft XXL,1038921782
HR55AH6796,32 Ft XXL,267942975
TN56Q3834,32 Ft XXL,2314125170
HR55AP8626,32 Ft XL,3904425606
NL01N7456,30 Ft XXL,331372246
KA51AH4294,32 Ft XXL,1.29971E+18
MH04KU5219,20 Ft XL,3484041280
MH04LE1879,20 Ft XL,173012235
KA51AH8554,32 Ft XXL,3073368300
MH04KU7269,20 Ft XL,3422966385
MH14KA7849,22 Ft XXL,429145058
TN23DZ4399,20 Ft XL,1520825868
NL01AE7923,32 Ft XXL,1.27493E+18
NL01Q6361,32 Ft XXL,1.28294E+18
NL01AG0510,32 Ft XL,3398053050
HR55S5321,32 Ft XXL,2062614801
WB73F7105,32 Ft XXL,3587204810
HR55AK3386,22 Ft XL,4262854756
MH04LQ5491,20 Ft XL,447077985
TN85R5170,22 Ft XL,1758612405
KA02AH8387,14 Ft XL,131772426
RJ10GB2193,32 Ft XXL,2975591973
KA51AG3465,22 Ft XL,214417452
MH04LE4615,32 Ft XXL,3879880759
HR55AQ3607,22 Ft XL,3323168822
GJ12BX9658,40 Ft DXL,3106825274
RJ32GC9316,32 Ft XXL Ft XXL,597230313
HR38AC8287,34 Ft XL,3216817949
MH04KU7712,32 Ft XL,573747521
HR55AP1020,32 Ft XL,823897004
RJ40GA4581,32 Ft XXXL,1.29422E+18
TN42AH7557,32 Ft XL,223488297
MH14HG8695,32 Ft XL,2516929878
HR55AF3327,32 Ft XL,1234471197
NL01AG5902,34 Ft XL,1407618984
KA51AA1748,24 Ft XL,2429040382
KA53AB9588,32 Ft XL,404927654
TN88E7048,32 Ft XL,479218698
TS07UG6876,32 Ft XXL,3829683448
MH43CE0763,32 Ft XL,2126873029
HR55AL5235,32 Ft XL,2971335053
HR55U5843,32 Ft XXL,2449345237
HR55AE0780,22 Ft XL,1.27493E+18
HR55AE1075,32 Ft XXL,1.34095E+18
KA51A5403,32 Ft XXL,1.37788E+18
HR55AT2800,32 Ft XL,2710583951
MH15JC1150,32 Ft XL,730477337
HR38AF4071,34 Ft XL,4023146082
MH40CD0638,22 Ft XL,3519286981
HR45B7573,26 Ft DXL,3504217824
MP04HE3075,32 Ft XXL,2804062220
TN19AL7033,32 Ft XXL,4094944893
TN77R6358,32 Ft XL Ft XL,2087362041
MH46BM0165,32 Ft XXL,929513233
HR55AB9929,32 Ft XXL,1.35906E+18
HR38AC3076,34 Ft XL,1.27493E+18
KA391930,32 Ft XXL Ft XXL,26162111
HR68C9311,20 Ft XL,1807992685
HR62A5860,32 Ft XL,2549420806
HR38U0150,34 Ft XL,250902148
TN88H6505,32 Ft XXL,1096970933
GJ27TT1760,32 Ft XXL,3805031758
HR38AA4607,34 Ft XL,1599883026
HR38AB5145,32 Ft XL,2219265497
OD01N5568,32 Ft XL,1780175474
NL01AF1087,32 Ft XL,3672102456
KA51AF9533,32 Ft XL,727275022
WB11E8005,32 Ft XXL,560318007
HR38AB7262,32 Ft XL,1868373273
RJ47GA3525,40 Ft DXL,4255940877
HR55AE2115,32 Ft XL,1701900473
HR58B6142,32 Ft XXL,1.27493E+18
HR38AG6027,32 Ft XL,3908165514
NL01AE3734,32 Ft XXL,2037476600
HR38V5822,32 Ft XL,4165400860
HR55U6296,32 Ft XL,1179273343
MH46CU1191,32 Ft XXL,163511175
GJ01DV1002,32 Ft XXL,2482930733
HR63D1045,32 Ft XXL,1.27493E+18
KA01AQ3296,20 Ft XL,354254790
RJ09GD8082,32 Ft XXL,2001354312
UP21AN0244,32 Ft XL,516612843
RJ14GP8153,32 Ft XL,1.30839E+18
RJ32GD3028,32 Ft XXL,3185270865
RJ11GB8929,32 Ft XXL,984232224
KA22B6824,32 Ft XXL,1.32646E+18
DL1MA6938,22 Ft XL,2352695499
DL1MA8392,22 Ft XL,3363528157
WB05A1819,32 Ft XL,1080031028
NL01AE5310,32 Ft XL,1763251974
RJ14GN4965,32 Ft XXL,4145909646
MH46BF8391,32 Ft XL Ft XL,2500900955
RJ40GA4686,32 Ft XL,1.29422E+18
RJ14GN7189,32 Ft XL,2005079660
HR55X3452,22 Ft XL,2528441701
TN88J5301,32 Ft XXL,1193173563
MH43BG5144,32 Ft XXL,1.27493E+18
HR55AM7714,14 Ft XL,3000356243
MH14GD3111,32 Ft XL,508365964
NL01AE6387,32 Ft XL,2867428369
TN88H1290,32 Ft XXL,1964777318
DL1MA8261,20 Ft XL,2072733907
RJ14GQ5957,34 Ft XL,2553882112
NL01AE4391,32 Ft XXL,90676744
HR56C4207,40 Ft DXL,204019601
BR30GA0820,32 Ft XXXL,56515400
RJ32GE2966,32 Ft XXL,2166350558
GJ06BT6414,32 Ft XL,2975014919
DN09R9482,22 Ft XXL,1703106667
MH46BU5463,32 Ft XXL,855402536
TN88H6943,32 Ft XXL,1096970933
HR61D7385,32 Ft XL,1906887287
WB25K3207,22 Ft XXL,3114406974
MH04JU0837,32 Ft XL,2564900610
RJ40GA4663,32 Ft XXL,1.29422E+18
NL01Q5847,32 Ft XL Ft XL,4112992
NL01AG6918,32 Ft XL,1708392131
HR55AU4826,32 Ft XL,1733578037
UP25BT6672,32 Ft XXL,3370213939
HR66B4193,32 Ft XXL,3822231402
HR55AL6606,32 Ft XXL,1.27493E+18
HR55W0436,32 Ft XXL,2148477730
TN12BE8462,22 Ft XL,400278408
TN38DA8977,22 Ft XL Ft XL,2561904240
TN88AZ5997,32 Ft XXL,2043479313
NL01AC9073,32 Ft XL,694678537
NL01AF0409,32 Ft XXL,1.27493E+18
TS07UM4141,32 Ft XL Ft XL,3988116661
HR55AA8698,32 Ft XXL,1.34387E+18
HR38Z6601,32 Ft XL,2987626821
HR65A5173,32 Ft XXL,2322689137
HR47F6194,32 Ft XL,21846615
KA51AH3928,32 Ft XL,511547080
HR47C5464,22 Ft XL,909201538
TN39CX8986,32 Ft XXL,1901131659
NL01AA8980,32 Ft XL,1.27493E+18
TN52J3907,32 Ft XXL,1.27493E+18
HR55Y2787,32 Ft XL,3000356243
RJ14GP3507,32 Ft XL,2866879391
HR55AL0153,32 Ft XXL,1.27493E+18
HR55AK2796,32 Ft XXL,1.27493E+18
TN88H8201,32 Ft XL,1527983037
RJ32GD3671,32 Ft XL,192488456
HR55AE0168,32 Ft XXL,1.34095E+18
HR55AG8347,32 Ft XL,920192847
HR61C8510,22 Ft XL,1.27493E+18
UP70JT1751,20 Ft XL,2475747465
TN88H6531,32 Ft XXL,863134033
BR25G7714,26 Ft DXL,3504217824
HR55AL3252,22 Ft XL,3556676147
MH46CL6390,32 Ft XXL,3633219397
MH23AU2195,32 Ft XXL,3175930939
RJ18GA7425,32 Ft XXL,1237699114
MH46BB6204,32 Ft XL,712418492
TN28BH4527,32 Ft XXL,1228220898
RJ32GD6916,32 Ft XL,92539438
RJ52GA6868,32 Ft XXL,3509917328
TN18BJ8530,24 Ft XL,1231888452
HR55W0283,32 Ft XXL,1026069066
RJ14GH4686,32 Ft XXL,3032333235
HR38V8097,32 Ft XL,1288404065
MH04KF8237,20 Ft XL,2545997179
HR55AK3214,22 Ft XL,1291186137
TN12AZ8651,32 Ft XL,4123373749
MH03CP7120,20 Ft XL,1560232176
NL01AF7191,32 Ft XL,206958395
TN99Y6553,20 Ft XL Ft XL,2783026039
UP85CT0098,32 Ft XL,2081056071
RJ32GD2575,32 Ft XL,2757784359
HR38AD9917,34 Ft XL,2858977521
MH04GR6030,20 Ft XL,3610755873
KA01AG5833,22 Ft XL,362513962
HR55X6699,32 Ft XL,3904425606
RJ14GQ8561,32 Ft XL,1509098029
KA51AH7416,22 Ft XL,331033125
NL01L6909,32 Ft XXXL,1.34396E+18
MH40BL0474,32 Ft XXL,4053515595
HR55AF5577,32 Ft XXL,3648094054
NL01AB1685,32 Ft XL,3949577211
RJ14GR9016,32 Ft XL,2180774793
TS07UF8531,32 Ft XXL,2045484468
NL01AE6942,32 Ft XXL,1.27493E+18
HR55X4971,32 Ft XL,208449432
TN39CS1369,32 Ft XXL,3248162065
DL1GC5297,32 Ft XXL,680015610
KA52A7194,20 Ft XL,2229584609
HR38W6020,34 Ft XL,1152643775
RJ10GB7682,32 Ft XL,3277924990
HR38AH6121,32 Ft XL,2733533833
MH44U8388,32 Ft XL,3491786111
HR55AF1977,32 Ft XXL,3648094054
HR55AL3368,22 Ft XL,2517344800
HR55AK2228,32 Ft XL,2971335053
HR66B9914,32 Ft XXL,1960149178
RJ11GC0835,32 Ft XXL,1.27493E+18
TN28BH7363,32 Ft XL,990826300
TN88U7929,32 Ft XXL,1.41705E+18
HR55AV5596,32 Ft XL,3961557537
KA51AH7255,32 Ft XXL,154705261
KA01AP9850,32 Ft XL,2034960316
MH46BU4994,32 Ft XXL,855402536
RJ11GC1561,32 Ft XL Ft XL,3966749152
WB05A3561,32 Ft XXL,1080031028
WB11E3875,32 Ft XL,560318007
HR55AG2176,32 Ft XL,4030502194
HR38AG6109,34 Ft XL,183624329
HR63C3238,32 Ft XL,2790383229
TN28BH8101,32 Ft XL,3979732930
HR38AD3111,22 Ft XL,3778825804
CG04JD5118,32 Ft XL,23061505
MH04JU0809,32 Ft XXL,3154102809
MH46BU4901,32 Ft XXL,2160159070
HR55V6374,32 Ft XXL,3770692317
NL01AD6731,32 Ft XXL,2037476600
HR55AF3379,20 Ft XL,2060987246
TN39DY1584,32 Ft XXL,811342747
TN12AQ5181,32 Ft XL,4093429416
TN16D4114,32 Ft XXL,3474253831
HP38F5535,32 Ft XL Ft XL,2132726553
TN88U5477,32 Ft XXL,2488622514
NL01AH1833,32 Ft XXL Ft XXL,228935000
GJ12BT9278,32 Ft XXXL,1608917745
TN28BK5117,32 Ft XXL,2510445634
UP84AT2346,32 Ft XL,1098481868
UP21BN8949,32 Ft XL,3063123278
TN88J6162,32 Ft XXL,2764074792
TN93E3628,32 Ft XXL,2225034236
HR69F4530,32 Ft XL,3151132714
MH04HD0764,20 Ft XL,2603827886
HR55AL8538,22 Ft XL,1.30944E+18
TN42AE7722,32 Ft XXXL,3619485752
GJ15UU7680,32 Ft XL,1002224970
TN52J4045,32 Ft XXL,46079408
HR55AK0339,32 Ft XL,1.27493E+18
MH46CL2697,32 Ft XXL Ft XXL,855402536
RJ14GK6506,32 Ft XL,3615047490
TN39CW7399,32 Ft XL,1.27493E+18
HR55AC2068,32 Ft XXL,3648094054
MH03DV9896,32 Ft XL,346487133
HR58D1207,32 Ft XL,435173612
GJ27TT2029,32 Ft XL,2717088160
MH04KF6766,32 Ft XL,3678859715
TN30CF7376,32 Ft XXL,3592864251
HR47E2920,32 Ft XXL Ft XXL,2309808394
DN09S9156,32 Ft XL,1135931905
KA01AH4080,32 Ft XL,727275022
TS12UE2999,32 Ft XXL,1617854670
HR55AL8819,32 Ft XXL,1.27493E+18
KA53AA3762,32 Ft XL,2719415289
NL01K8688,30 Ft DXL,2115237033
TN88U7599,32 Ft XXL,3218136328
RJ21GD2833,34 Ft XXXL,1450163480
KA01AM1748,32 Ft XL,1527983037
TN36AF5620,20 Ft XL,3776559602
HR47E2111,22 Ft XXL,2532936040
TN52AC1788,32 Ft XXL,1.27493E+18
KA51AJ9890,32 Ft XXL,56537515
HR55AC0733,32 Ft XL,2885354458
NL01AB7392,32 Ft XXL,4065038712
TN21BH0670,32 Ft XXL,1.27493E+18
MH04JU9986,32 Ft XXL,1975403398
NL01AD4965,32 Ft XL,611100283
HR37E1488,30 Ft DXL Ft DXL,3836262919
MH43BX2997,32 Ft XXL,1.37249E+18
PB11CZ9495,30 Ft DXL Ft DXL,3364769651
TS08UF9897,32 Ft XXL,2045484468
TN36BB7194,32 Ft XXL,2640163483
HR55T8893,32 Ft XXL,90395567
TN88X9259,32 Ft XXXL,4278097753
MH04HD3766,32 Ft XL,2066449745
HR47D6759,32 Ft XL,3420373819
MH46BU9245,20 Ft XL,3295196687
MH46BU4863,32 Ft XL,4245958666
NL01AF0017,32 Ft XXL,1.27493E+18
MH46BB2120,32 Ft XXL Ft XXL,2793079243
TN54K7776,32 Ft XXL,1.35264E+18
NL01N3439,32 Ft XL,2903670965
TN52C9229,26 Ft DXL,722363753
TN88B1965,32 Ft XL Ft XL,1436620427
NL01AB5317,32 Ft XL,1.35842E+18
MH23AU1777,32 Ft XL,1620598291
NL07AA4824,32 Ft XL,1181632531
WB11F7469,22 Ft XL,923155792
NL01AB5701,34 Ft XL,955834925
RJ11GC7086,32 Ft XXL,3081158133
MH42AQ7779,32 Ft XL,1.27493E+18
MH04HY4756,32 Ft XXXL,2780012034
TN28BH7869,32 Ft XXL,104156983
NL01AB0952,32 Ft XXL,1168052891
DD01E9201,32 Ft XXL,1.27493E+18
HR55V2496,32 Ft XXL,3234395569
TS08UG7143,32 Ft XXL,3750422006
GJ27TT9142,32 Ft XL,1789649965
NL01AG8956,32 Ft XXL,2903670965
HR38AB0189,32 Ft XXL,1.35975E+18
KA01AH8573,32 Ft XXL,387829813
MH40CT4313,32 Ft XXL,761325456
MH04FD9871,32 Ft XL,1253211923
MH14HG1929,20 Ft DXL,2208576898
MH01DR6415,32 Ft XL,2526486597
HR38AG3616,32 Ft XL,3908165514
KA51AC7577,20 Ft XL,279704361
TS08UL9109,32 Ft XL Ft XL,1688140532
UP16GT5355,32 Ft XL,3404567956
WB05A1808,32 Ft XL,1080031028
KA593685,32 Ft XL,957599466
RJ18GB4793,32 Ft XXL,1883188159
MH04JK1438,32 Ft XL,621337450
TN37DY5339,32 Ft XL,1.27493E+18
KA529241,32 Ft XL,570434649
KA01AM1011,32 Ft XXL,1.28381E+18
MH46BU4422,32 Ft XXL,929513233
HR69C1062,32 Ft XXL,3300087504
HR55AR5924,32 Ft XXL,1.27493E+18
HR55X5921,32 Ft XXL,782744564
HR63D8203,32 Ft XL,1748235747
TN42AH2118,24 Ft XL,3748473302
UP11BT8421,32 Ft XXL,3211344353
RJ02GB3138,32 Ft XL Ft XL,1460000138
KA569325,32 Ft XXL,3685577842
HR47C3117,32 Ft XL,4031322984
TN52M6177,32 Ft XXL,1.28958E+18
NL01AE8390,32 Ft XXL,4082689178
MH46BB6094,20 Ft XL,2816474766
HR55AF4611,32 Ft XXL,1846949025
MH04HD7811,20 Ft XL,2126873029
HR68B3025,32 Ft XXL,2838899538
UP13BT8853,32 Ft XL,1614011755
BR01GM4024,32 Ft XXL,1119306811
MH04JK8783,20 Ft XL,3413902153
MH14GD8985,20 Ft XL,1627600249
MH04LQ1145,32 Ft XL,1675607123
HR55V0972,32 Ft XL,1.27493E+18
MH04FJ8887,32 Ft XL,1018379385
RJ32GD4206,32 Ft XL,1993271565
TN02BW9123,20 Ft XL,1856664368
HR38AG0125,22 Ft XL,554587856
HR38AH5480,32 Ft XL Ft XL,1790931984
HR55Y4033,32 Ft XL,2143634519
HR38AA0162,32 Ft XL,1868373273
HR55AN4483,32 Ft XL,267942975
MH43CE1269,32 Ft XXL,1993271565
TN12AB0902,32 Ft XXL,2792505996
HR62A1533,32 Ft XL,2549420806
HR66B8790,32 Ft XL,1827766629
WB11D1785,32 Ft XXL,1077479138
HR56C9288,32 Ft XXL,3767447161
PB13BF9723,32 Ft XL,3680034111
TN88W8699,32 Ft XXXL,2061117023
HR55AF2790,32 Ft XXL,3234395569
BR06GE0354,32 Ft XL,1675607123
RJ14GT3819,32 Ft XXL,2351901470
HR55W6935,32 Ft XXL,1.33805E+18
NL01AG2118,34 Ft XL,17667683
KA02AH6932,32 Ft XL,1809808330
RJ32GD4675,32 Ft XL,356233306
AS01NC9279,32 Ft XXL,2791051512
NL01AE6956,32 Ft XXL,1.27493E+18
RJ10GB1839,32 Ft XL,2565296383
MH44U9866,32 Ft XL Ft XL,1982596119
MH04KF3002,20 Ft XL,2545997179
KA52B6191,32 Ft XL,1034838709
KA01AE3025,32 Ft XL,217271024
RJ14GL8318,32 Ft XL,2783829460
UP21BN1864,32 Ft XL,516612843
MH14CP9188,32 Ft XL,1822488993
HR38U0832,32 Ft XL,2906035098
NL01AF7437,32 Ft XL,1.27493E+18
UP75AT0101,32 Ft XL,374645929
UP16HT4915,32 Ft XXL,1168052891
WB11E1406,32 Ft XXL,517914104
MH43BX0680,32 Ft XXL,1.37249E+18
KA01AJ8099,32 Ft XL,2062158598
RJ32GD0910,24 Ft XL,1540654414
MH43BP0683,32 Ft XXL,104415644
NL01AE7932,32 Ft XXL,1.27493E+18
NL01AG7899,36 Ft XXXL,533252639
TN34AH2095,32 Ft XXL,2463131370
KA01AM1012,32 Ft XXL,1.28381E+18
HR38AD6854,34 Ft XL,1017497294
RJ14GJ6677,32 Ft XXL,1454141714
MH04HD0763,20 Ft XL,2603827886
NL01AF1286,32 Ft XL,2921031696
HR55X0232,32 Ft XL,3672102456
TN52AB2839,32 Ft XL,1.32425E+18
UP21CN1644,32 Ft XXL,1115169021
NL01AG7670,32 Ft XXL,2638422073
KA51AG9838,32 Ft XL,1.29971E+18
HR61E7646,32 Ft XL,2771428387
NL01AD8726,32 Ft XXL,1.27493E+18
HR55AS9700,32 Ft XXL,3234395569
GJ12BY6957,32 Ft XXXL,361831879
MH04JK3363,32 Ft XL,621337450
MH46CL9451,32 Ft XXL,878491648
RJ18GB3886,32 Ft XXL,202022680
RJ32GC3836,32 Ft XL,2569825664
GJ27TD5587,32 Ft XL,1481288314
KA11C1135,32 Ft XL,1127926498
HR55U9630,32 Ft XL,2564492577
TN967391,32 Ft XXL,2510445634
TS07UM7983,32 Ft XXL,2972183688
HR744463,40 Ft DXL,3504217824
HR38AE4290,32 Ft XL,3882059570
KA51D8073,32 Ft XXL,2451833745
TN34BM6436,20 Ft XL Ft XL,1148644058
TN88H0945,32 Ft XL,479218698
NL01AG5906,34 Ft XL,1407618984
HR74B9661,32 Ft XL,3592248843
PB11DD9275,30 Ft DXL,3364769651
NL01AC1618,32 Ft XL,2146623208
GJ27TD4859,32 Ft XXL,1875281957
HR38Y3077,32 Ft XL,1806953019
NL01AE3953,32 Ft XL,2994594257
HR38U4735,32 Ft XL,4133929115
NL01AD7974,32 Ft XXL Ft XXL,2459640882
HR55AJ6483,22 Ft XL,645486872
TN54T0104,32 Ft XXL,3847904676
HR38AG9221,32 Ft XL,3908165514
HR74B0783,32 Ft XL,4064930658
TN70AA6053,32 Ft XXL,3512390453
MH04LE3641,32 Ft XXL,2546648594
TN52AA3930,32 Ft XXL,1.32425E+18
MH46BB1595,32 Ft XXL,929513233
NL01AE5666,32 Ft XL,1763251974
NL01AB5834,34 Ft XL,955834925
HR55Y7345,32 Ft XXL,1933360146
RJ32GC1591,32 Ft XXL,1427707618
KA52B0666,32 Ft XL,1654567919
TN28BK7970,32 Ft XXL,822721021
RJ02GC6301,32 Ft XXL,21951928
MH04KU3154,32 Ft XXL,976860774
TN04AV5612,32 Ft XXL,1271043962
NL01Q1453,32 Ft XL,1.27493E+18
PB06AU6827,32 Ft XXL Ft XXL,981052887
KA52A7927,32 Ft XL,2552905578
NL01AD6131,32 Ft XL,1647748010
HR47C9744,32 Ft XL,1090881001
DD01J9286,32 Ft XL,1051866713
UP83CT6374,20 Ft XL,3579085377
WB05A1573,32 Ft XL,1080031028
HR38AB8477,32 Ft XL,3556676147
RJ14GL7701,32 Ft XXL,21951928
KA41D6240,20 Ft XL Ft XL,2378727871
GJ06BX0768,32 Ft XL,1200752148
HR55AP2137,22 Ft XL,3335861161
KA09C4415,32 Ft XXL,1.37788E+18
HR55AE0877,32 Ft XL,1.27493E+18
NL01AA7091,32 Ft XL,1324027201
TN95J7035,20 Ft XL Ft XL,3674310122
NL01AD9670,32 Ft XL,1763251974
MH43CE4058,32 Ft XL,3205805340
RJ01GC3538,40 Ft DXL,483044508
HR55AE3552,32 Ft XXL,769874695
HR55AG6244,32 Ft XL,1.36953E+18
UK06CB7501,34 Ft XXL,945597649
UP16ET9319,32 Ft XXL,2226737947
HR38AC4122,34 Ft XL,1599883026
MH12LT9143,32 Ft XL,887309161
MH04HD3558,20 Ft XL,1883232132
KA51AF9530,32 Ft XL,727275022
RJ09GE2954,32 Ft XL,1938500835
HR38AH3225,34 Ft XL,1017497294
HR38AD2982,32 Ft XXL,4203907520
JH05DK8721,32 Ft XXL,1.29422E+18
TN88V9939,32 Ft XXL,1.38545E+18
TN39BR4626,32 Ft XXL,2986204322
TN16D5400,32 Ft XXL,3052808029
NL01AD7604,32 Ft XL,2994594257
HR55AJ1127,22 Ft XL,1.30944E+18
NL01AH2222,32 Ft XL Ft XL,2313603075
TN34AB5765,32 Ft XL,3536538517
NL01AH2280,32 Ft XL,2778577307
HR55Y0421,32 Ft XXL,1.34095E+18
TN30CF7375,32 Ft XXL,3592864251
MH14KA8869,20 Ft XL,1574543272
MH48CB1229,20 Ft XL,1083855552
DD01C9002,32 Ft XL Ft XL,529784687
TN28BK7277,32 Ft XXXL,1579060235
MH04JK7784,32 Ft XL,1763251974
HR55AE0167,32 Ft XXL,1.34095E+18
WB73D7381,32 Ft XXL,1111699978
TN54M9299,32 Ft XXL,1.29034E+18
WB05A3066,32 Ft XL,1080031028
TN25BT9938,32 Ft XXL,1192910416
MH01DR3517,32 Ft XL,2526486597
HR55AN8367,22 Ft XL,3654861895
WB11F1086,22 Ft XXL Ft XXL,4178914712
HR38AD0424,22 Ft XL,3719290741
MH14GD2111,32 Ft XL,508365964
RJ32GD8473,32 Ft XL,2757784359
NL01AH9348,32 Ft XXL,2638422073
HR55AC9297,32 Ft XXL Ft XXL,1617854670
NL01AF2380,32 Ft XL,4244867269
RJ52GA6842,32 Ft XL,3240727430
TN56K0723,32 Ft XL,3251458
TN21L4648,32 Ft XXL,387829813
NL01Q3826,32 Ft XXL,4112769211
HR55AF6277,32 Ft XXL,3648094054
NL01AG7658,34 Ft XXL,1384182730
UP21BN0797,32 Ft XL,1285688797
TN88U5812,32 Ft XXL,2764074792
HR38AB1796,32 Ft XL,2399895960
TN75S1618,32 Ft XXL,1.32463E+18
TN36BA6636,32 Ft XXL,3990805519
HR55X3563,32 Ft XL,1.36953E+18
RJ14GE3789,32 Ft XL,1480577583
MH43BG3133,32 Ft XL,1.37249E+18
KA01AQ9399,32 Ft XL,2062158598
NL01AE6911,32 Ft XXL,1.27493E+18
MH12SX4448,34 Ft XL,1188994017
HR74B0502,32 Ft XL Ft XL,1886114659
TS07UG1880,32 Ft XXL,3706224517
KA52A6579,20 Ft XXL,1272545252
TN54U4243,20 Ft XL,3684270484
WB11E2138,32 Ft XXL,158406698
MH43CE7377,32 Ft XL,4276784851
HR55AJ5929,22 Ft XL,1.27493E+18
HR56C7988,32 Ft XL,881787732
HR38Z4214,22 Ft XL,554587856
TN37DT5927,32 Ft XL,1.27493E+18
PB13BP9836,32 Ft XXL,1.41783E+18
AS32C0473,14 Ft DXL,593696354
MH40CM9839,32 Ft XL Ft XL,3568260721
NL01N2138,32 Ft XXXL,2059618537
MH44U1991,32 Ft XL Ft XL,2493918814
PB10GK5855,30 Ft DXL Ft DXL,3364769651
TN20DD7450,20 Ft XL,3497218137
MH04LE2804,32 Ft XXL,1.37247E+18
TN58CZ4224,20 Ft XL,800134802
TN39CT7437,20 Ft XL Ft XL,299353655
TN52L6849,32 Ft XXXL,4152150427
WB11F0457,22 Ft XL,2296239721
TN39DA2089,22 Ft XL,3590202479
TN88F0364,32 Ft XL,1034250895
MH22AN3128,32 Ft XXL Ft XXL,3950298838
RJ18GB7545,20 Ft XL,664049291
HR55AS4541,32 Ft XL,3238500739
TN34MB8722,32 Ft XXL,1497083736
HR47D5734,22 Ft XL,2569825664
WB05A1590,32 Ft XL,1080031028
TN69BY3654,32 Ft XXL,2037984496
MH04KF5554,32 Ft XXL,1838166416
KA51AH0155,24 Ft XXL,1921332508
MH12TV3677,32 Ft XL,2066449745
KA52A2426,32 Ft XL,570434649
NL01L6535,32 Ft XXXL,1.34396E+18
MH04JK2173,32 Ft XL Ft XL,3073793915
HR38AD7953,34 Ft XL,4239308576
MH14LB6902,20 Ft XL,3194110022
MH43BX5809,20 Ft XL,2126873029
TN88W4599,32 Ft XXL,1885653963
RJ52GA6869,32 Ft XXL,3509917328
NL01AE1168,32 Ft XL,3261373768
UP81DT4650,30 Ft DXL Ft DXL,2115237033
HR38AH8582,22 Ft XL,899415350
HR45C2506,40 Ft DXL,2028315697
HR47C0043,32 Ft XL,1116160635
GJ01JT2746,32 Ft XXL,1060539686
KA51AF4639,20 Ft XL,1553660681
NL02AA0069,32 Ft XL,247869307
HR55AB5122,32 Ft XL,267942975
MH40CM5850,32 Ft XXL,761325456
MH46AR5893,32 Ft XL,261226409
TN54V5891,22 Ft XL,3595687843
NL01AF2975,32 Ft XL,1.27493E+18
MH14KA1819,22 Ft XL,2750536092
TN39CF9759,20 Ft XL Ft XL,1151783748
NL01AE8914,32 Ft XXL,1.33853E+18
PB13BG9225,32 Ft XL,3002953019
TN36BV6359,32 Ft XXL,1701426074
HR61D0584,14 Ft XL,2815071987
NL04D8353,32 Ft XXL Ft XXL,260985547
KA51AK3194,32 Ft XXL,154705261
HR55U2886,30 Ft XXL,3234395569
HR55AK2089,22 Ft XL,1996182883
NL01AH4710,32 Ft XXL,2638422073
MH04LE2439,22 Ft XL,4203824367
MH43CE0533,20 Ft XL,2126873029
RJ11GB8600,32 Ft XXL,984232224
GJ12BX9266,32 Ft XXXL,3746909028
MH04KF4670,20 Ft XL Ft XL,119219026
MH04KF6289,20 Ft XL,2648421154
TN52H7439,32 Ft XXL,1967148476
UP82AT1416,32 Ft XL,2454112923
RJ11GB9652,32 Ft XXL,795144702
HR61C6861,32 Ft XL,1599883026
MH46AF4022,32 Ft XL,1926565873
TN88H7902,32 Ft XXL,826184960
HR38AC3608,32 Ft XXL,4122073968
HR38U6724,32 Ft XXL,834023770
KA52B6524,22 Ft XL Ft XL,1753959151
MH04JU2383,30 Ft XXL,4279831489
KA01AL6306,20 Ft XL Ft XL,2396270916
RJ18GB3387,32 Ft XXL,434860019
HR55X5430,32 Ft XXL,2375633805
NL01AG5592,32 Ft XL,2914938575
MH04KU4007,32 Ft XL,573747521
HR38Z5612,34 Ft XL,3070543185
TN38C0270,22 Ft XL,3970541655
HR38AC3313,22 Ft XL,572478139
HR55AK4115,22 Ft XL,2360715924
NL01AG2293,32 Ft XXL,3194110022
NL01AF0411,32 Ft XXL,1.27493E+18
TN34AF4951,32 Ft XL,927882560
RJ11GB9127,32 Ft XXL,115565430
TN30BD2867,32 Ft XXL,1.27493E+18
HR55AE9218,22 Ft XL,1025665987
GJ27TD5738,22 Ft XL,2257956946
TN04BD3948,32 Ft XXL,3739220626
MH43CE0535,20 Ft XL Ft XL,2035777852
HR55AK9488,32 Ft XXL,1.27493E+18
HR55AH8337,32 Ft XXL,1.27493E+18
MH04JU5748,20 Ft XL,1955780821
TN03AC5758,20 Ft XL,2358218398
MH04KU7704,32 Ft XXL,2984689483
MH46AF7382,32 Ft XXL,1373687676
KA52A7713,32 Ft XXL,1962303682
MH14JL7599,32 Ft XL,589546240
RJ11GB9717,32 Ft XXL,3569048635
KA51AK8431,32 Ft XL,1851269370
GJ12BX7924,36 Ft XXXL,1649101344
NL01AG4769,32 Ft XXL,2638422073
NL01AE7918,32 Ft XXL,1.27493E+18
KA595133,32 Ft XL,1341297440
TN42AB7623,22 Ft XL,3401697144
WB05A1842,32 Ft XL,1080031028
TN56K4690,20 Ft XL,1.27493E+18
KA51AH3105,32 Ft XXL,599470660
UP14LT6779,22 Ft XL,2089495628
TN07DD1522,22 Ft DXL,3705577505
HR38AA1655,34 Ft XL,2808252287
NL01AE7020,32 Ft XXL,1.29422E+18
NL01AF0438,32 Ft XXL,1.27493E+18
HR38T7176,34 Ft XL,2785133737
HR55AA2252,32 Ft XL,660306089
TN28CZ8129,32 Ft XL,1.31061E+18
MH04LE6548,20 Ft XL,1293775189
MH04JK4927,32 Ft XL,466917300
KA51AG4501,32 Ft XXL,2385288699
TN01AW7958,32 Ft XXL,1.29308E+18
DL1MA8474,20 Ft XL,548066073
HR38AB4183,32 Ft XL,4006088036
HR47C9501,32 Ft XXL,2017158087
HR55AJ6543,32 Ft XXL,1.27493E+18
TN23CJ6269,22 Ft XL,2702639324
NL01AC8327,32 Ft XXL,2459640882
MH24AU8123,20 Ft XL,1643122089
MH04GR9522,32 Ft XXL,163511175
RJ40GA3151,32 Ft XXL,4018501145
MH05DK3790,20 Ft XL,18476183
RJ32GD0789,32 Ft XL,334548386
MH40CT1107,34 Ft XL,1826821151
TN39CS3026,32 Ft XXL,1.33082E+18
HR38AC1382,22 Ft XL,70598964
HR61D3999,32 Ft XL,1495002572
TN28BJ2484,20 Ft XL,2553923489
HR38AB1971,32 Ft XXL,2528441701
RJ11GB9133,32 Ft XXL,3945667069
RJ14GK5404,32 Ft XL,3538838358
KA51AG0531,32 Ft XXL,3267183048
NL01AD1208,32 Ft XXL,1.27493E+18
HR47E2682,32 Ft XXL,858282445
KA41C6053,20 Ft DXL,1921332508
HR55AK9956,32 Ft XL,2219265497
KA01AK4979,32 Ft XXL,199731044
TN32AM4331,22 Ft XL,1036248846
MH20DE2432,32 Ft XXL,2533319516
GJ12BY6938,40 Ft DXL,361831879
MH05DK3452,20 Ft XL,2765716352
TN85R0229,20 Ft XL,2690432811
HR55U0460,32 Ft XL Ft XL,2311566854
HR55AF5758,22 Ft XL,1.36745E+18
NL01AE6134,32 Ft XXL,3582494891
GJ06BT5943,32 Ft XL,104156937
HR55AE0277,32 Ft XL,1.27493E+18
HR38AC0228,32 Ft XL,3295829958
HR55AJ6364,32 Ft XXL,267942975
HR38AF7487,32 Ft XL,789232929
HR47E3640,32 Ft XL,1.27493E+18
HR55AM8334,32 Ft XL,1733578037
NL01N7447,32 Ft XXL,1168052891
TN39CL5294,32 Ft XL,1189346497
UP53GT5674,32 Ft XL,3914731708
TN28BH1299,32 Ft XXL,3821008100
RJ32GD3798,32 Ft XL,3631343973
NL01AG0461,34 Ft XXXL,2059618537
KA52A7923,32 Ft XL,1392781138
RJ32GC8421,32 Ft XL,434830473
TN963826,32 Ft XXL,2510445634
NL01AB0950,32 Ft XXL,1168052891
GJ12BX2827,40 Ft DXL,3106825274
NL01AE7599,32 Ft XXL,1.27493E+18
KA01AL3693,32 Ft XL,2584649221
MH46CL0139,34 Ft XL,3823404355
HR55AK2441,22 Ft XL,1225747208
MH46BB8601,20 Ft XL Ft XL,101047262
TN30AY7507,20 Ft XL,791938739
HR38W0840,32 Ft XL Ft XL,2495468461
HR55AM5336,32 Ft XXL,1.27493E+18
HR38AD6377,32 Ft XL,1.27493E+18
RJ32GC5972,32 Ft XL,1996182883
RJ32GC9931,32 Ft XL,1.27493E+18
HR55AA0815,32 Ft XL,660306089
RJ18GB3831,32 Ft XXL,1840265600
HR55AH9451,32 Ft XL,3771353794
NL01AG0581,34 Ft XL,17667683
NL01N3432,32 Ft XL,2903670965
HR55AK4408,22 Ft XL,3251427046
TN46Y5043,20 Ft XL,106075174
MH43BP3681,32 Ft XXL,3944964191
TN33AF7043,32 Ft XL,765680457
NL01N7145,32 Ft XXL,1.27493E+18
HR63F0695,32 Ft XL,2790383229
PB13BF7143,32 Ft XL Ft XL,490653126
HR55AN3669,32 Ft XL Ft XL,2008158030
HR55AR9234,22 Ft XL Ft XL,82756663
HR47F8900,32 Ft XL Ft XL,476918687
HR55AB9310,32 Ft XXL,1.33705E+18
HR38AC9180,32 Ft XL,3811649588
TN34AH7187,32 Ft XXL,4152150427
HR38W3852,34 Ft XL,816630178
UP84AT2510,32 Ft XL,894587152
NL01AH2635,32 Ft XL,1.27493E+18
RJ53GA0034,32 Ft XL Ft XL,2641498225
HR55AS3019,32 Ft XL,2715223503
TN36AE7201,20 Ft XL,3776559602
HR38AA6313,22 Ft XL,1199079010
HR38Z4535,22 Ft XL,2715031614
HR55AJ2321,32 Ft XL,265122025
HR55AL8059,32 Ft XL,3556676147
UK06CB2307,32 Ft XL,2317916474
RJ14GN2125,32 Ft XL,1.27493E+18
HR55AL8162,32 Ft XXL,1.27493E+18
MH46BM1386,34 Ft XXL,2814645832
NL01AF5725,32 Ft XL,1.27493E+18
TN52AA4577,32 Ft XXL,153147850
RJ11GC7693,32 Ft XL,2283783132
HR55AE0628,32 Ft XL,2283783132
TN28BJ6953,22 Ft XL Ft XL,3085236473
NL01N2779,32 Ft XXL,1355641096
MH43BX6703,32 Ft XXL,2160159070
UP16CT1419,17 Ft XL,2226737947
PB11CJ3525,32 Ft XXL,2322689137
RJ14GQ9203,32 Ft XXL,3300087504
MH04KU1966,32 Ft XL,1036596673
GJ27TD6447,32 Ft XL,2238852653
HR55AM9024,32 Ft XXL,1.27493E+18
HR55AJ1264,22 Ft XL,1.27493E+18
HR55AM3533,24 Ft XL Ft XL,505128322
WB05A3522,32 Ft XL,1080031028
HR66B8981,32 Ft XXL,823897004
RJ14GQ4014,32 Ft XXL,540035543
UP53HT1521,32 Ft XXL,3914731708
TN24AZ0868,20 Ft XL Ft XL,1853436312
TN42AL1172,20 Ft XL Ft XL,3168994954
HR58B0383,30 Ft DXL Ft DXL,3504217824
MH43BP0212,20 Ft XL,4227881439
TN88AY1315,32 Ft XXL,3978208177
MH04HY0415,20 Ft XL,572089007
HR69E2687,36 Ft XXXL,726656351
TN12AS7725,22 Ft XL,2792505996
TN12AR7083,22 Ft XL,1154944470
NL01Q0205,32 Ft XL,1.30729E+18
MH12VT8951,32 Ft XL,350259233
TN25CA6832,32 Ft XXL Ft XXL,3827473860
NL01L6894,24 Ft XXL,1.34396E+18
GJ15AV4201,32 Ft XL,4067572575
RJ11GC7078,32 Ft XXL,1583587267
TN01BF0886,24 Ft DXL,722363753
PB05AG9191,14 Ft XXL Ft XXL,2115237033
RJ07GC8675,20 Ft XL,798371888
HR63D2174,32 Ft XXL Ft XXL,1053690603
RJ14GQ8594,32 Ft XL,189371277
NL01AH2187,32 Ft XXL,154705261
UK06CB1574,30 Ft DXL,2818151988
MH43BP5467,20 Ft XL,3991765985
NL01AJ0046,40 Ft DXL,3023042143
RJ14GP1971,32 Ft XL,1812108049
KA52B7006,22 Ft XL,245848260
HR55AM3399,22 Ft XL,3522290328
RJ32GC8071,32 Ft XL,2594083566
TS32T9080,32 Ft XXXL,750680562
HR55AP2571,22 Ft XL,1752643249
PB11CL7415,14 Ft XXL Ft XXL,3364769651
MH04LQ9940,20 Ft XL,2042883326
HR38AD8010,32 Ft XXL,4122073968
PB06BE9928,20 Ft XXL Ft XXL,3364769651
HR55AJ5565,22 Ft XL,2716056236
KA03AJ8235,20 Ft XL,1893840531
MH04GR0056,32 Ft XXL,3862635773
UP87T5665,22 Ft XL,1732868091
RJ29GA7398,32 Ft XXL,3973019497
MH04LE6565,20 Ft XL,3035918602
UP53GT5812,32 Ft XXL,2306105150
MP09GH5090,32 Ft XL,667083889
MH14GU9063,20 Ft XL,2732412751
WB73H1319,32 Ft XXL,290570608
HR38W9759,32 Ft XL,955834925
TN96F6859,32 Ft XXL,3803493155
MH14JL2177,22 Ft XL Ft XL,1743098440
RJ14GP5646,32 Ft XL,2288705459
DL1MA9747,32 Ft XL Ft XL,1918137845
MH46AR2147,32 Ft XXL,3939271031
MH43BX2376,32 Ft XXL,1.37249E+18
NL01AH1853,32 Ft XXL,836748842
DL1MA4392,19 Ft XL,34414982
MH02ER8757,20 Ft XL,3946627381
HR38Z9975,32 Ft XL,2335357181
HR55AR4888,32 Ft XL,1993271565
MH48CB2567,20 Ft XL,2709739130
MH12WJ8454,32 Ft XXL,598853541
HR55AH7592,32 Ft XXL,1.27493E+18
MH46BF9452,22 Ft XL Ft XL,2751295832
MH04LE9941,32 Ft XL,2047696331
HR55AR4263,32 Ft XL,1993271565
MH04HD9250,32 Ft XXL,484342666
HR47D5766,32 Ft XL,1671426137
HR55AF3111,32 Ft XL,92539438
UK06CB3569,32 Ft XL,1.27493E+18
HR47E9754,32 Ft XXXL,1.29422E+18
KA02AK2026,20 Ft XL,3413902153
MH44U1030,32 Ft XL,1901829249
TN46X9117,22 Ft XL,485057411
KA51AH9871,32 Ft XL,593206810
MH43BX3511,20 Ft XL,1698960924
TN88U6399,32 Ft XXL,4278097753
HR55AN3199,32 Ft XL,1993271565
RJ52GB2774,32 Ft XXL,2955206140
UP53HT0156,32 Ft XXL,3914731708
MH04LQ6727,32 Ft XL,3533445298
WB05A3761,32 Ft XXL,1080031028
TN88K9531,32 Ft XXL,4163536831
TN86F8699,32 Ft XXL,2327137613
MP04GB2484,32 Ft XL,3032577129
HR55AL9829,32 Ft XXL,1.27493E+18
HR38V3034,32 Ft XL,617350354
RJ32GC7903,32 Ft XL,434830473
HR55Y8381,32 Ft XXL,1.27493E+18
PB13BF9826,32 Ft XXL,1.41783E+18
MH11CH0283,20 Ft XL,2506835893
GJ15AT8798,32 Ft XL Ft XL,2677538344
RJ11GB7937,32 Ft XL,3788447167
RJ32GC6688,32 Ft XL,265122025
MH04KF9766,32 Ft XL,3678859715
TN39CP4440,32 Ft XXL,1271043962
UP80FT3284,32 Ft XL,726052560
NL01AF8030,34 Ft XL,1.27493E+18
DN09S9056,32 Ft XL,172906540
RJ11GC0043,32 Ft XXL,1.27493E+18
UP53HT0484,32 Ft XXL,3914731708
WB11D5409,32 Ft XXL,3893635846
PB13AW2393,32 Ft XL,2299167914
NL01AC8443,32 Ft XXL,872244056
NL01AF3395,32 Ft XXL,2918717195
UP82BT0317,34 Ft XL,3561772299
TN34AJ9423,32 Ft XXL,3343181981
UP78FN1651,32 Ft XXL,3706224517
RJ11GB9722,32 Ft XXL,1.33805E+18
MH16AY5085,32 Ft XXL,454501416
TS12UD0377,20 Ft XL,2620832079
HR55AN3435,32 Ft XL,1996182883
TN88H9072,32 Ft XXL,611573202
DL1MA8002,22 Ft XL,3787560362
MH12QG8831,24 Ft XL,2813605964
PB10HN0995,32 Ft XL,3811649588
WB41F1056,32 Ft XXL,3876917080
MH04LQ4926,22 Ft XL,4108214217
TN88K8950,32 Ft XXL,1.27493E+18
TN77D9826,32 Ft XXL,1.3095E+18
TN70AJ3732,22 Ft XL,1012886214
MH14GU9769,32 Ft XXL,1.31389E+18
GJ15AT2328,34 Ft XXL,4067572575
HR55AM9011,14 Ft XL,2617245338
HR55AH2539,32 Ft XXL,267942975
UP78CT2282,32 Ft XXL,710281795
MH04JU2892,32 Ft XXL,1477332237
MH04KU3863,20 Ft XL,1700042915
TN12AH1201,22 Ft XL Ft XL,2781138481
DD01Y9429,32 Ft XXL,559712815
HR47D1651,32 Ft XXL,1.3715E+18
KA22D5733,20 Ft XL Ft XL,1132808643
MH46BM6430,20 Ft XL,4133277105
CH01TB6469,32 Ft XXL,2838899538
HR55AJ6923,22 Ft XXL,2400127185
RJ14GK7136,32 Ft XXL,2783829460
TN28BH7373,32 Ft XXL,1238227901
MH46BB7650,32 Ft XL,1261369310
MH04KU5813,32 Ft XXL,2967297605
NL01AC9395,32 Ft XL,956831550
HR55AL4836,22 Ft XL,2345315178
GJ36T6515,32 Ft XL,2791720922
UP83CT4080,22 Ft XL,3579085377
HR55AH6637,32 Ft XXL,1750554841
TS08UB5752,32 Ft XXL,3829683448
KA595091,32 Ft XXL,599470660
HR47E7810,22 Ft XL,3913189814
HR55AL3977,22 Ft XL,2941351358
MH46BB4139,32 Ft XXL,2160159070
KA52A1938,32 Ft XL,570434649
MH04LE1358,20 Ft XL Ft XL,1791136031
RJ14GP6602,32 Ft XXL,4171157191
HR38AA7551,32 Ft XL,2858977521
NL01AF7596,32 Ft XXL,1482464153
RJ32GC7078,32 Ft XL,1320164124
TN88AZ2080,20 Ft XL Ft XL,1438616663
UP85BT2294,32 Ft XL,4287314856
RJ32GD3086,32 Ft XL,356233306
HR66C0599,22 Ft XL,2677228403
MP04HE5565,32 Ft XXL,1.27544E+18
MH04JU7347,32 Ft XL,230959513
HR55T8027,32 Ft XXL,3234395569
KA01AJ2776,20 Ft XL,1.28381E+18
MH04KU9552,20 Ft XL,2121125146
MH43BG2291,32 Ft XXL,1.27493E+18
NL01AF4053,32 Ft XL,2661028326
HR46F9464,40 Ft DXL,2689313060
RJ14GN2126,32 Ft XL,1.27493E+18
RJ14GH6683,32 Ft XL,4258058960
MH43CE7031,20 Ft XL,2126873029
NL01N3749,32 Ft XXL,2598441616
MH40CT4317,32 Ft XXL,761325456
NL01AG2073,34 Ft XL,17667683
TN88AZ3569,32 Ft XXL,1124782896
PB13AW7213,32 Ft XXL,3952074745
KA01AJ0018,20 Ft XL,1.28381E+18
HR55AG3528,32 Ft XL Ft XL,2778577307
TN52J7724,32 Ft XXL,1.27493E+18
HR55AL4048,22 Ft XL,680522859
MH04LQ6147,32 Ft XXL,1647748010
TN52AB3588,32 Ft XXL,1.27493E+18
HR55AL9321,32 Ft XL,4112769211
KA51AH7250,32 Ft XL,1068934149
NL01Q7127,32 Ft XL,1.27493E+18
MH04LY9240,20 Ft XL,2042883326
MP09HH1135,32 Ft XXL Ft XXL,2679460421
MP09GH7701,32 Ft XL,667083889
UP75AT9435,32 Ft XL,3005533047
RJ14GP8653,32 Ft XXL,1.30839E+18
TN88H7626,32 Ft XXL,1096970933
TN52K8660,32 Ft XXL,1.35512E+18
MH46BF7011,32 Ft XL,4058092887
RJ14GQ3250,36 Ft XXXL,361831879
HR47D7574,32 Ft XXL,4004548899
DL1MB0846,22 Ft XL,3694995851
TN88AY1089,32 Ft XXL,700660184
NL01AF8587,32 Ft XXL Ft XXL,1778732182
UP25DT7268,32 Ft XL,1.27493E+18
TN46Y3732,22 Ft XL,485057411
MP04HE5655,32 Ft XXL,1.34387E+18
KA52B3604,20 Ft XL Ft XL,2736776686
MH43Y4236,20 Ft XL,2046209108
NL01AE7216,32 Ft XXL,1.27493E+18
RJ32GD9293,32 Ft XL,334548386
HR46D5556,32 Ft XXL Ft XXL,1818349719
MH46BU8390,32 Ft XXL,3633219397
NL01N3438,32 Ft XL,2903670965
TN30BQ2858,32 Ft XXL,1.27493E+18
GJ12BZ0524,40 Ft DXL,1199572047
KA568203,32 Ft XXL,3634303802
TN42AF7867,22 Ft XL,223488297
RJ32GD6073,32 Ft XXL,265122025
HR51C2487,20 Ft XL Ft XL,267266145
MH04JK6284,20 Ft XL,509634398
MH04LE2443,32 Ft XL,200509188
HR55AE3987,32 Ft XXL,3234395569
HR38X8144,32 Ft XL,2153189426
RJ02GC6421,32 Ft XXL,3202025075
MH05DK2832,22 Ft XL,3707608939
RJ14GP2022,32 Ft XXL,2601963471
NL01AD2790,32 Ft XXL,2459640882
UP14KT4212,32 Ft XXL,2149959078
TN52AB9481,32 Ft XXL,2851922560
MH04JU8829,20 Ft XL,774627185
RJ40GA6273,32 Ft XL,2017158087
HR38U7170,32 Ft XL,3002012937
NL01AF5548,32 Ft XL,1810559494
KA01AE4744,32 Ft XXL,1.28381E+18
HR55AK2955,32 Ft XL,3117739931
NL01AB7965,32 Ft XL,1209239541
HR55AL8719,32 Ft XXL,1.27493E+18
MH04LQ9840,20 Ft XL,2042883326
TN42AM3700,20 Ft XL Ft XL,1357646412
NL01AG9536,32 Ft XL,3104138433
HR55AP1572,22 Ft XL,1024890800
TS08UJ3483,32 Ft XL,3164210946
KA01D1764,32 Ft XL,727275022
HR38AD2041,22 Ft XL,3811649588
NL01AD0517,32 Ft XXL,560318007
HR55AM2217,32 Ft XXL,2657042234
PB13BE7303,32 Ft XL,1901375300
KA22D7088,20 Ft XL Ft XL,4005814387
HR55AG5313,32 Ft XL,269833353
MH04LQ0679,32 Ft XL,10966013
HR55AG6144,32 Ft XL,1073628303
NL01AH9681,32 Ft XXL,3194110022
NL01AD8869,32 Ft XXL,1.31389E+18
HR47D7889,32 Ft XXL,1.27493E+18
NL01AB9927,32 Ft XL,2051275062
KA51AC5254,32 Ft XL,1.29634E+18
DL1MA9616,22 Ft XL,1749568162
TN56Q4316,32 Ft XXL,2314125170
HR66B6965,32 Ft XXL,3109110464
AP26TT9256,24 Ft DXL,3699797569
RJ14GP5645,32 Ft XL,2288705459
WB05A1240,32 Ft XXL,1080031028
MH04KU7708,32 Ft XL,573747521
KA52B2792,20 Ft XL Ft XL,3567203811
RJ11GB6688,32 Ft XXL,585093474
MH46BU1308,20 Ft XL,2481686056
TN52AA9577,24 Ft XL,153147850
HR67E4066,32 Ft XXL,1024172855
HR47D3030,32 Ft XL,3059900680
HR63E8034,32 Ft XXL,1164729439
GJ06AX5959,32 Ft XXL,3118177014
HR61E7915,32 Ft XL,2324326255
GJ18AZ1908,32 Ft XL Ft XL,2938885651
HR47D3024,22 Ft XL,3726974546
MH46BU0337,22 Ft XL,1400814806
TN34AH0705,22 Ft XL,3195117847
UP16ET9503,14 Ft XL,524560922
TN30CB9609,32 Ft XXL Ft XXL,2253440476
RJ47GA3355,34 Ft XXL,4255940877
MH04LQ0518,22 Ft XXL,1992763844
HR841335,32 Ft XXL,4122073968
TN39CE3254,32 Ft XXL,3676358555
UP82BT0316,32 Ft XL,348948273
KA30A5626,32 Ft XL,1439295533
RJ14GN8561,32 Ft XL,892999977
HR38AA7071,20 Ft XL,2431935307
TN21BM7501,32 Ft XXL,1.27493E+18
TN75AX5503,20 Ft XL,1321721886
TN56K5596,32 Ft XL,1.33082E+18
HR55AL9083,32 Ft XXL,1.27493E+18
HR55S2177,32 Ft XL,1788205992
KA38A0069,32 Ft XXL,1.32646E+18
WB05A3317,32 Ft XXL,1080031028
HR38V4341,34 Ft XL,4281343464
NL01AA2376,32 Ft XL,274759906
MH04LY9052,32 Ft XXL,3933117663
TN52R5577,32 Ft XXL,1.28958E+18
RJ11GD1952,32 Ft XXL,1.33805E+18
TN88E3893,32 Ft XL,1.3945E+18
TN88AY2792,32 Ft XXL,2079400099
DL1MA9981,24 Ft XL,4221266034
TS08UF8549,32 Ft XXL,73402330
UP16JT1556,32 Ft XXL,1168052891
HR55W5284,32 Ft XL,3672102456
HR55AD4057,24 Ft XL,1200752148
MH04KF1050,20 Ft XL,1068391922
NL01AB9580,32 Ft XXL,1219188435
MH04JK1041,32 Ft XL,1.27493E+18
HR47F6647,32 Ft XXL,1.29422E+18
MH14KQ8311,32 Ft XL,508365964
DL1GE2603,24 Ft XL,3358424519
KA22B5098,32 Ft XXL,1.32646E+18
TN88H6382,32 Ft XL,1.3945E+18
HR37D3658,24 Ft DXL Ft DXL,3504217824
HR55AL0771,22 Ft XL,797046859
MH12WJ8566,32 Ft XL,2066449745
KA02AH2522,20 Ft XL,3278069371
RJ11GB7974,32 Ft XXL,1827468929
NL01AE9609,32 Ft XXL,1146569996
KA590365,32 Ft XL,957599466
TS07UP2060,32 Ft XXL,2904170378
TN33BX0355,20 Ft XL Ft XL,2230165553
RJ32GC7901,32 Ft XL,434830473
HR55AP0102,32 Ft XXL,1.27493E+18
HR38U4491,34 Ft XL,1017497294
TN36BS9067,32 Ft XXL,12546475
HR55AC5056,32 Ft XXL Ft XXL,1617854670
NL01AB8644,32 Ft XXL,1080800009
RJ42GA4219,40 Ft DXL,2309716914
TN52AB2826,32 Ft XL,1.32425E+18
HR38AE8436,32 Ft XL,1599883026
MH04GR8829,20 Ft XL,1573924275
KA01AK7666,32 Ft XXL,1.31061E+18
UP80HT3324,32 Ft XXL Ft XXL,2544085023
HR55AF4677,30 Ft XXL,3648094054
TS13UC8694,32 Ft XXL Ft XXL,1981757587
HR55AC0737,32 Ft XL,2005079660
KA01AN9657,32 Ft XXL,1431985334
MH04HY8122,20 Ft XL,2215068666
HR55AH4716,20 Ft XL,2124372307
MH04KU7247,22 Ft XL,1558143865
UK06CB4412,32 Ft XL,4043101202
NL01AE9954,32 Ft XXL,3251689406
HR55V6184,32 Ft XL,1790840599
HR46D9663,32 Ft XL,1748235747
MH14HG0308,32 Ft XXL,2671813342
GJ27TD1852,32 Ft XL,1890888828
TN95J4233,20 Ft XL Ft XL,2531502802
KA01AK3737,20 Ft XL,727275022
TN39DA4699,32 Ft XL,3401697144
MH04JK3896,32 Ft XL,3590196382
MH43BP0750,32 Ft XXL,2929041530
GJ06BT6304,34 Ft XL,104156937
MH04LE1781,22 Ft XXL,1192966067
HR55Y3572,32 Ft XXL,1.27493E+18
TN87A1063,32 Ft XXL,1271043962
MH04JK8211,32 Ft XXL,404343328
TN34AA7567,32 Ft XXL Ft XXL,1968864874
TN11AZ3440,32 Ft XXL,2258181939
MH04HY9079,22 Ft XL,18476183
TN12BA6823,32 Ft XXL,3616466844
HR55AK5962,32 Ft XXL,1.27493E+18
UP66T7222,32 Ft XXL,3190037914
HR38AB3851,32 Ft XL,2219265497
GJ05BV6858,20 Ft XL,2754812778
RJ32GD3894,32 Ft XL,356233306
HR55AC6659,32 Ft XXL Ft XXL,1617854670
BR02GA7696,24 Ft DXL,3504217824
MH46BU4080,32 Ft XL,1000425851
NL01AE4396,32 Ft XXL,3194110022
HR55AQ2256,32 Ft XXL,1038921782
HR38AF1546,32 Ft XL,789232929
TN30BQ2849,32 Ft XXL,1.27493E+18
MH04HD2988,20 Ft XL Ft XL,2109452276
MH04LQ7229,32 Ft XL,1656214284
HR38Y9451,32 Ft XL,1303316277
HR38V6781,34 Ft XL,2026258125
PB11DG6155,30 Ft DXL,3518046265
HR38W1916,32 Ft XXL,1297437708
RJ47GA3572,40 Ft DXL,4255940877
MH15EG7595,32 Ft XL,1546922660
KA638169,20 Ft XL,2287633116
HR55AQ1067,32 Ft XXL,1.27493E+18
HR39F2323,32 Ft XL,3787560362
WB11F3057,24 Ft XL,2296239721
RJ10GB1408,32 Ft XXL,3896264147
AP39TL5569,20 Ft XL Ft XL,1151337454
BR06GE2688,32 Ft XL,1675607123
NL01AF7792,32 Ft XXL,154705261
KA09C4645,32 Ft XXL,1.29034E+18
HR55AF2677,34 Ft XL,3648094054
WB11F2157,22 Ft XL,2296239721
MH40CT1069,32 Ft XXL,761325456
UP15DT5310,32 Ft XL Ft XL,1626949885
TN28BL5448,32 Ft XXL,198198050
HR55AE7978,32 Ft XXL,3234395569
HR47D1027,32 Ft XXL,1763604060
MH04KF7814,32 Ft XL,573747521
UP16HT6484,32 Ft XL,2034456388
TN48BD6499,20 Ft XL Ft XL,613573024
RJ32GC0811,32 Ft XXL,1.27493E+18
GJ06AZ1878,32 Ft XL,1.27493E+18
TN39CP3699,32 Ft XL,2952193960
NL01AH6833,32 Ft XL,2048461383
GJ27TF1517,32 Ft XL,3190063275
TN28BH2496,32 Ft XXL,3821008100
MH04JU5247,32 Ft XXL,1882953237
DL1MA8035,22 Ft XL,2158937388
HR38AB1624,32 Ft XL,1788205992
HR55AL7956,32 Ft XXL,1.27493E+18
DL1MA9767,22 Ft XL Ft XL,3890479905
HR55AF0072,32 Ft XL,1.27493E+18
NL01AF9905,32 Ft XL,3731347356
HR63D4861,32 Ft XL,190349727
MH43CE1368,32 Ft XXL,1993271565
MH12MV3914,32 Ft XXL,2260064567
MH47BL0656,32 Ft XL,367362650
MH14KA0042,22 Ft XL,1251745391
RJ32GD4364,32 Ft XL,1993271565
RJ11GD0594,32 Ft XXL,4124352010
HR46E1386,32 Ft XL,892309323
HR38AG8284,24 Ft XL,3719290741
HR47D4490,32 Ft XL,1813276820
TS07UN4010,32 Ft XXL Ft XXL,3829683448
HR55Y3534,32 Ft XL,1.35908E+18
NL01AE8953,32 Ft XL,817831524
UP77AN4099,30 Ft DXL Ft DXL,3836262919
MH04KF7807,32 Ft XL,573747521
UP38T8238,30 Ft DXL Ft DXL,3364769651
RJ14GF2096,30 Ft DXL Ft DXL,3836262919
MH03CP9758,20 Ft XL,4143037193
PB11BU0485,30 Ft DXL,3364769651
TN14T4200,32 Ft XXL,1.29308E+18
TN30CC4975,32 Ft XL,1927360089
RJ32GD8131,32 Ft XXL,1507374815
RJ14GN4574,32 Ft XL,1341734251
GJ01KT6365,32 Ft XL,1890888828
WB11F7380,22 Ft XL,2296239721
BR06GE5544,32 Ft XL,1675607123
HR55AM2625,32 Ft XL,1873564887
TN879268,32 Ft XXL,1.31421E+18
MH12UM5632,32 Ft XL,1227450366
HR55AR9134,32 Ft XL,3104138433
TS07UM1767,32 Ft XXXL,1056478736
NL01AG9897,32 Ft XL,761325456
KA51B7599,32 Ft XXL,902512755
HR55AM3327,32 Ft XL,4238104735
HR55W7348,32 Ft XXL,3950921050
NL01K9005,32 Ft XXL,2173949303
KA01AQ7362,32 Ft XXL,3214209819
UP21CT9201,20 Ft XL Ft XL,3088170974
BR03GB6842,32 Ft XXL,2158874376
KA52B0140,20 Ft XL,3051829396
MH46CL6173,32 Ft XXL,2744315801
KA01AJ9462,32 Ft XL,727275022
MH14GD6529,20 Ft XL,481761679
TN52F8301,32 Ft XXL,1478454636
TN28BE4278,24 Ft XL,2672088652
GJ06BT3008,34 Ft XL,104156937
MH04HD0785,32 Ft XXL,3413832098
HR66B8822,32 Ft XXL,823897004
AS01SC0645,32 Ft XL,202218560
WB11F7657,22 Ft XXL,2296239721
PB13BB0284,32 Ft XL,1795786993
NL01N0358,32 Ft XXL,1355641096
TN88L2578,32 Ft XXL,986690396
TN13D0536,32 Ft XXL,395208720
MH31FC6454,32 Ft XXL,2322831403
MH04KU7503,20 Ft XL,859974101
TN02BB4987,32 Ft XXL,155367583
NL01AH1012,32 Ft XXL Ft XXL,4082689178
HR55AB2476,32 Ft XL,2612215395
NL01AE5565,32 Ft XL,1763251974
TN52H7612,32 Ft XXL,1830590875
HR846305,32 Ft XL,3635423802
TN52AB9731,32 Ft XXL,1.32425E+18
MP04GB8527,32 Ft XL,4093767920
PB13BE8149,32 Ft XL,2326125348
WB15C4374,32 Ft XL Ft XL,4000658738
NL01AF6559,40 Ft DXL,2472847994
HR38V6180,32 Ft XL,3769781189
TN28BF8232,32 Ft XXL,2293179056
NL01AD1633,32 Ft XL,3829863930
NL01Q2227,24 Ft XXL,1.34396E+18
MH46BB7950,32 Ft XL,1261369310
KA51C2369,32 Ft XL Ft XL,3490801094
HR47C9976,32 Ft XXL,858282445
NL01AG0457,34 Ft XXXL,2059618537
HR69C1417,32 Ft XL,2237557190
DL1GE0810,22 Ft XXL,2072733907
HR55AM4090,32 Ft XXL,817831524
MP09HG8903,32 Ft XXL,1065388969
HR38AB3366,32 Ft XXL,1.35975E+18
HR61D1352,32 Ft XL,1665685595
DD01W9104,32 Ft XXL,2412338830
NL01AG4398,32 Ft XXL,3164210946
MH04LY1532,32 Ft XL,2047696331
UP35CT1438,32 Ft XL,2867501786
NL01AD9242,32 Ft XL,2058958247
HR47C5878,32 Ft XXL,858282445
HR55AD6247,32 Ft XL,208449432
DL1MA5508,22 Ft XL,1.30729E+18
WB11E3811,32 Ft XL Ft XL,2498646090
KA01AJ2774,20 Ft XL,1.28381E+18
UP75BT5951,32 Ft XL,135608528
MH04JK7782,32 Ft XL,1763251974
MH16AY7047,32 Ft XXL,1.27493E+18
TN879750,32 Ft XXL,1.31421E+18
KA51AH6583,32 Ft XXL,2782874388
KA39A2998,32 Ft XXL,275320548
HR38X0220,20 Ft XL,3712202889
MH46BB7754,32 Ft XXL Ft XXL,147647391
MH14JL2988,22 Ft XL,3533445298
MH05EL4629,32 Ft XL,2219697164
TN34AJ4667,32 Ft XXL,2482612884
RJ11GB6926,32 Ft XXL,2358251102
MH40CT1997,32 Ft XXL,761325456
MH12MV4901,32 Ft XXL,2553056249
RJ14GP5639,32 Ft XL,2288705459
MH12SF9266,32 Ft XL,2066449745
KA51B1501,32 Ft XXL Ft XXL,3223468014
MH44U4449,32 Ft XL,426240194
UP78DT2585,32 Ft XL,3915159798
HR55X7377,32 Ft XXL,1788205992
MH46BM8180,32 Ft XXL,2396252632
TN12BE1318,20 Ft XL,1908930337
HR57A4724,32 Ft XL,3649422397
TN12H7894,20 Ft XL,3464737225
HR38AA5077,32 Ft XL,411176986
RJ10GB0607,32 Ft XXL,2734507495
MH04HY2021,32 Ft XXL,2984689483
KA52B0487,32 Ft XL,1957196680
TN92L4972,24 Ft XL Ft XL,3976889115
WB05A3987,32 Ft XL,1080031028
TN28BH7898,32 Ft XXL,1.27493E+18
MH01DR1815,32 Ft XXL,2213555593
RJ10GB1318,32 Ft XXL,3557494937
HR74B1755,32 Ft XL,3592248843
NL01Q3836,32 Ft XXL,2274069505
HR55AL4842,32 Ft XL,418533805
NL01AA8687,32 Ft XXL,1.27493E+18
MH04KU4361,32 Ft XL,573747521
MH46AR5823,34 Ft XXXL,2814645832
HR38W5784,32 Ft XL Ft XL,2747247633
MH43CE4637,32 Ft XXL,104415644
TN52L0455,32 Ft XXL,1.27493E+18
HR55AR9844,24 Ft XL,20079860
HR38W4130,32 Ft XL,1.27493E+18
RJ09GE0400,32 Ft XL,2738929799
NL01AB2442,32 Ft XXL,1.27493E+18
TN45BR8131,20 Ft XL Ft XL,2957923585
TN13AB3037,22 Ft XL,3401960108
HR38AB5148,32 Ft XL,890382056
GJ15AT4885,32 Ft XL,3381013668
TN52H1305,32 Ft XXL,4029792112
TN879279,32 Ft XL,1.34348E+18
TN39A8469,32 Ft XL,1016904326
MH46CL5163,32 Ft XXL,3944964191
DL1MB1902,22 Ft XL,3035691761
HR38V7592,32 Ft XL,3981557579
MH44U4123,32 Ft XXL Ft XXL,2587449788
TN88U6376,32 Ft XL,1.3945E+18
GJ15AT4854,32 Ft XL,319046170
HR55AE5401,32 Ft XXL,3648094054
HR55AU3672,32 Ft XL,3303967850
HR55AH0390,20 Ft XL Ft XL,1426858104
NL01AG2119,32 Ft XL,17667683
HR55X0577,32 Ft XXL,1.34095E+18
MH04JU5163,32 Ft XL,1763251974
MH14KQ8211,32 Ft XXL,508365964
GJ36V6837,32 Ft XL,2791720922
TS12UC3141,20 Ft XL Ft XL,767639029
UP14KT7768,22 Ft XL,1916374914
UP79AT1386,22 Ft XL Ft XL,2227695934
GJ06BT0106,24 Ft XL,3118177014
TN28BK5116,32 Ft XXL,857428917
GJ12BZ3654,40 Ft DXL,3106825274
HR74B0089,32 Ft XXL,1982548391
NL01AE0229,32 Ft XXL,1.27493E+18
RJ10GB7850,32 Ft XL Ft XL,1557514845
MH15GV6512,32 Ft XXL,694341610
HR55AR7656,22 Ft XL,2572859129
NL01AE1934,32 Ft XXL,2459640882
MH04KU7703,32 Ft XL,2984689483
HR55AN7257,22 Ft XL,818100544
TN88AZ0950,32 Ft XXL Ft XXL,2550232909
HR38U3646,32 Ft XL,1874062980
TN88H6486,32 Ft XXL,611573202
DD01F9316,32 Ft XXL,3947458529
NL01AC9560,32 Ft XXL,3165504375
MH11DD8988,22 Ft XL,4149146702
HR55AA5934,32 Ft XXL,2292498585
HR74B8164,32 Ft XXL,2522022651
RJ14GH0305,32 Ft XXL,1.35182E+18
TN88L3643,32 Ft XXXL,3502410885
GJ12BZ8058,36 Ft XXXL,361831879
HR66B5848,32 Ft XXL,823897004
KA22C1223,32 Ft XXL,1.32646E+18
WB136356,32 Ft XXL,129494424
NL01AD1598,20 Ft XL,3548752523
HR55AM5539,22 Ft XL Ft XL,2101763386
UP13AT1213,32 Ft XL,1614011755
TN59CD1756,20 Ft XL Ft XL,1597357633
MH04KU3292,20 Ft XL,3456233110
MH40CM5846,32 Ft XXL,761325456
WB11E7682,32 Ft XXL,3766410643
NL01Q4064,32 Ft XL,1.27493E+18
NL01N3933,32 Ft XL,1.41741E+18
DL1MA3075,20 Ft XL,2766097391
TN04BB5220,32 Ft XXL,902512755
MH46BF7587,32 Ft XL,1647748010
MH14KA8211,24 Ft XL,508365964
KA02AH7569,14 Ft XL,1295458572
DL1MB0366,20 Ft XL,1749568162
UP21DT1829,30 Ft DXL,2229216445
TN36BV6355,32 Ft XXL,1701426074
MH04GR5978,32 Ft XL,1763251974
HR47D9360,20 Ft XL,1.27493E+18
HR74A9882,32 Ft XL,3383706013
NL01AF8558,32 Ft XL,163362128
MH46CL2797,32 Ft XL,1847180982
RJ14GQ0702,32 Ft XL Ft XL,1576624108
UP76T7602,30 Ft DXL Ft DXL,3409271104
HR55AK2890,32 Ft XL,616191173
HR55AB5542,32 Ft XXL,903693003
KA51AJ4028,32 Ft XXL,1.27493E+18
GJ06AZ8662,34 Ft XL,104156937
MH40BG7140,32 Ft XXL,3072985677
UP81FT9184,32 Ft XXL,207943066
WB05A3598,32 Ft XXL,1080031028
NL01AE9592,32 Ft XXL,2225745508
MH04KF2587,32 Ft XL,470007530
RJ23GD7811,30 Ft XXL,1454141714
HR38V3249,34 Ft XL,4281343464
BR03GB6837,32 Ft XXL,2158874376
RJ31GB3031,32 Ft XL,3792397753
NL01AG0533,32 Ft XL,1.27493E+18
HR38AH3798,32 Ft XL,2733533833
HR55AM9923,32 Ft XL,349728222
HR38AF9921,32 Ft XL,1993271565
KA52A2608,32 Ft XL,1392781138
KA01AM4726,20 Ft XL,4186992177
KA52B6181,32 Ft XXL,2966058994
TN99K6872,32 Ft XXL,1.29383E+18
MH40CT0144,32 Ft XL,761325456
MH20DE6239,32 Ft XL,900006873
HR55AQ1705,32 Ft XL,1179273343
MP07HB4968,34 Ft XXL,1065690193
KA52B9861,32 Ft XXL Ft XXL,3848869499
MP13H1398,32 Ft XXL Ft XXL,817171972
MH04HD4517,32 Ft XL,4031568064
WB05A2993,32 Ft XXL,1080031028
HR61E4021,20 Ft XL,470057891
RJ14GR0065,32 Ft XXL Ft XXL,562064162
RJ11GB5125,32 Ft XXL,3260176234
KA51AG3681,22 Ft XL,1861644730
RJ23GB7105,32 Ft XXL,1795786993
JK02DK9173,32 Ft XL,4063519204
HR55V6648,32 Ft XL,175485667
TN42AJ4015,20 Ft XL,1.27493E+18
PB13BE5895,32 Ft XL,1795786993
TN88F8902,32 Ft XL,1.3945E+18
PB13AR0692,32 Ft XXL,3501902309
HR55AH0901,32 Ft XXL,680015610
RJ11GB9721,32 Ft XXL,1.33805E+18
TN30CA8599,32 Ft XXL,221541790
NL01AJ1083,32 Ft XL,1.27493E+18
MH04JK4348,32 Ft XXL,254165228
NL01AC8859,32 Ft XXL,272918766
HR846570,34 Ft XL,364631905
HR55AF2477,32 Ft XXL,1.34095E+18
TN52AD0490,22 Ft DXL,442265331
KA52A3871,32 Ft XXL,1.27493E+18
GJ01DY2116,32 Ft XL,3584028481
TN28AE4428,32 Ft XL,1.34034E+18
RJ14GN5091,32 Ft XXL,2119005627
BR02GD3348,30 Ft  Ft ,3401821785
NL01AE5791,32 Ft XL,1763251974
MH04LY7455,20 Ft XL,3982429025
RJ11GC7701,32 Ft XXL,21951928
TN52J6890,32 Ft XXL,1.37286E+18
KA01AL5253,20 Ft XL Ft XL,1982728037
RJ01GD4356,32 Ft XXXL,3298518857
DL1MB1190,20 Ft XL,1635255160
RJ14GT0429,32 Ft XXL,3624319895
MH04LE3627,32 Ft XXL,3679673085
KA51AH0499,20 Ft XL Ft XL,1053091016
NL01AD1470,32 Ft XXL,2459640882
NL01AF2748,32 Ft XL Ft XL,152181961
RJ14GQ1671,32 Ft XXL,4005448948
KA02AH5681,17 Ft XL,1.29971E+18
MH14HG7647,32 Ft XXL,1.27493E+18
RJ11GD0823,32 Ft XL,148704376
UP70HT3692,30 Ft DXL Ft DXL,3409271104
TN39DY9213,32 Ft XL,506289198
RJ32GC5543,32 Ft XL,1.27493E+18
KA51AH7374,32 Ft XXL,2385288699
DL1MA7597,22 Ft XL,3722569308
MH46AF7381,32 Ft XXL,2578468192
NL01N7470,32 Ft XXL,1355641096
HR55Y3698,32 Ft XL,3829863930
MP09GJ1505,32 Ft XL,547416547
KA51AJ9720,20 Ft XL,3598520858
NL01N3434,32 Ft XL,2903670965
MH14GU8236,22 Ft XL,4082660028
WB37D7120,32 Ft XXL,1293337262
TG07T0215,32 Ft XL Ft XL,2904170378
HR55AA7825,32 Ft XL,208449432
TN28BD9436,32 Ft XXL,1.3391E+18
RJ11GB8727,32 Ft XXL,3294422491
HR55AF2877,32 Ft XXL,3648094054
HR38V6876,32 Ft XL,3558132431
MH46BU3593,32 Ft XXL,4106641266
RJ11GB7786,32 Ft XXL,674578619
UP78GN8651,32 Ft XL,3251962340
KA01AM1020,32 Ft XXL,1.28381E+18
HR39D0318,32 Ft XXL,10566747
HR38Y9337,20 Ft XL,1.35842E+18
MH46BF1247,32 Ft XXL,3045574443
RJ14GK8713,32 Ft XXL,4271959797
RJ32GD2413,32 Ft XL,292170901
MH04HY9815,32 Ft XXL,1375755419
TG07T0216,32 Ft XL Ft XL,2904170378
MH20DE0677,34 Ft XL,832429393
NL01AC8121,32 Ft XL,586056444
TS07UG1928,32 Ft XXL,3706224517
DL1LAA8535,14 Ft DXL,1884839023
MP09DL8769,32 Ft XL,1972772919
MH04LE7524,32 Ft XL,3610812758
HR38AC2133,32 Ft XL,3165174459
MH43BP3117,32 Ft XXL,2396252632
HR69E6672,32 Ft XL,1748235747
MH04LY4794,32 Ft XL,3847768496
MH31FC5771,32 Ft XL,2322831403
MH04JK1610,22 Ft XL,1.3775E+18
DD03P9315,32 Ft XXL,1.27493E+18
TN25BT8997,32 Ft XXL,855725672
GJ27TF3072,32 Ft XL,752912893
TN30BL9254,32 Ft XXL,1896206954
HR55AC2659,20 Ft XL,2596039234
PB13BE2480,32 Ft XL,1.27493E+18
MH14GU1684,32 Ft XXL,1886121876
HR55AH0178,32 Ft XXL,1.27493E+18
RJ11GC7027,32 Ft XXL,2640346638
BR01GL2573,32 Ft XXL Ft XXL,69460654
HR55AL2752,34 Ft XXL,4112769211
NL01N2445,32 Ft XL,1179273343
MH46BU0113,32 Ft XL,1.27493E+18
KA16AA3355,32 Ft XXL,4027861993
TN88U5018,32 Ft XXL,3218136328
BR06GF9814,30 Ft DXL Ft DXL,3504217824
GJ15AV8238,32 Ft XL,242034592
MH15GV8718,22 Ft XXL,3017509639
NL01Q1458,32 Ft XL,1.27493E+18
RJ52GA7879,32 Ft XXL,1895681445
HR55V7429,32 Ft XL,3672102456
TN24AQ1795,20 Ft XL Ft XL,1624403142
MH04LE7523,32 Ft XL,3610812758
HR55AP4421,32 Ft XL,586056444
UP78CN9197,32 Ft XXL,710281795
KA01AL4069,32 Ft XXL,1.27493E+18
NL01AC0097,32 Ft XL,3261373768
MH04KU9547,20 Ft XL,763253440
NL07AA4052,32 Ft XL,1993271565
HR46E4961,32 Ft XXL,2252146783
TN34AH3503,24 Ft XXL,3023916295
KA53B1635,32 Ft XL,1.3653E+18
MH04KU9341,20 Ft XL Ft XL,3583089650
HR61D5060,32 Ft XL Ft XL,2317530824
RJ14GN2484,32 Ft XXL,4005448948
MH04LQ3926,32 Ft XXL,973970333
KA51D1020,32 Ft XXL,1577325764
KA51AH8711,22 Ft XL,3533663769
DL1MA9169,22 Ft XL,1210935453
RJ11GB7320,32 Ft XXL,663241981
HR38AA2209,34 Ft XL,3601958928
TN52AA8199,32 Ft XXL,1.37286E+18
JH12R3165,32 Ft XL,2933422403
GJ27TD5104,32 Ft XL Ft XL,4100636403
RJ48GA2027,32 Ft XXL,2632538962
HR38AC6721,34 Ft XL,1886121876
RJ11GB8380,32 Ft XXL Ft XXL,1871255806
TN52AB1176,20 Ft XL,874201565
HR61D1458,32 Ft XXL,2048461383
TN88V3669,32 Ft XXL,880120454
DD01Q9188,32 Ft XXL,995960548
TN56Q3236,32 Ft XXL,2314125170
MH43BP5416,32 Ft XXL,1.37249E+18
NL01AG7330,36 Ft XXXL,533252639
HR55AH0121,32 Ft XL,2219265497
HR38AC4977,32 Ft XL,737616675
KA51AJ6047,32 Ft XXL,3073368300
KA52A6879,20 Ft XL,1545230132
HR55AK6398,24 Ft XL,20079860
KA52B1734,22 Ft XL,283968129
HR38AE1226,34 Ft XL,1599883026
NL01AG1733,36 Ft XXXL,2059618537
TN34AJ2235,32 Ft XXL,287681029
NL01AF2506,32 Ft XL,1.27493E+18
TN12AK8447,20 Ft SXL,2457576613
HR55AC0731,32 Ft XL,2885354458
TN28BD8570,32 Ft XXL Ft XXL,73925953
HR55AK8169,24 Ft XL,1.30729E+18
MH04JU4002,32 Ft XL,1763251974
MP41ZF9799,32 Ft XL,488677035
HR55AL0794,22 Ft XL Ft XL,3840185239
TN25BW4780,32 Ft XL,3251458
HR38AB5834,20 Ft XL,3413902153
HR55AT9608,22 Ft XL,3787915751
RJ14GK8510,32 Ft XL,3538838358
TN52AD7366,32 Ft XXL,2087687405
NL01AH0503,32 Ft XL,3155944960
TN88W3759,32 Ft XXL,1.38589E+18
RJ32GC7440,32 Ft XL,1242574798
HR55AL4610,22 Ft XL,2345315178
HR38AE3283,22 Ft XL Ft XL,94436787
WB174073,32 Ft XXL,3540391324
RJ10GB1664,20 Ft XL,3050340648
MH04LQ2421,32 Ft XL,2545997179
NL01AH6270,32 Ft XL,3731347356
HR55AL3197,32 Ft XXL,1.27493E+18
HR55AL7639,32 Ft XL,3732342199
TN88AZ6859,32 Ft XXL Ft XXL,2664753555
NL01AB1772,32 Ft XL,1.27493E+18
NL01AJ2610,32 Ft XL,3104138433
WB05A2944,32 Ft XL,1080031028
RJ14GR1562,32 Ft XXL,124939735
KA06D8586,20 Ft XL,3598520858
HR38X1697,32 Ft XL,10651475
RJ32GD4440,32 Ft XL,1993271565
KA53AB0519,32 Ft XL,3474919131
TN70AP9771,22 Ft XL,724983716
AS01NC5686,32 Ft XXL,1168052891
TN52R7013,32 Ft XXL,1.32425E+18
RJ32GC8902,32 Ft XL,1.27493E+18
MH46BB7042,32 Ft XXL,4168984868
MH46BU9464,32 Ft XXL,3142727949
HR61D7757,20 Ft XL,2963006445
RJ32GD3066,32 Ft XL,2463724394
DL1GC9016,22 Ft XL Ft XL,540180966
RJ14GP9687,32 Ft XXL,4005448948
TN52L9145,40 Ft DXL,2581099384
MH14FT2111,32 Ft XXL,508365964
TN20CC8637,32 Ft XL,387829813
HR55AN9432,32 Ft XL Ft XL,1939112910
TN30CA9747,20 Ft XL,2163851750
TN42AA2032,20 Ft XL Ft XL,3220858691
MH46BB5293,32 Ft XL,3178848370
NL01AF4240,34 Ft XL,1708392131
NL01AD3528,34 Ft XXL,4112769211
MP09DK9389,32 Ft XXL Ft XXL,3706224517
TN39CT8938,32 Ft XXL,1.27493E+18
TN39CQ4924,20 Ft XL,3442336190
NL01AE9014,32 Ft XXL,1.29422E+18
MH04KU2607,20 Ft XL,1184384220
RJ14GR7791,32 Ft XXL,2252295024
HR46F3565,24 Ft XXL,2757888850
WB19L7671,32 Ft XL,4108083635
RJ32GD2336,32 Ft XL,730477337
HR55AL8492,32 Ft XXL Ft XXL,1.27493E+18
MH14HG8895,32 Ft XL,2516929878
WB25J5457,20 Ft XL,3114406974
MH12MV5544,20 Ft XL,2732412751
MH07X0081,20 Ft XL,1973998608
TS07UL2424,32 Ft XXL Ft XXL,2520815654
HR63D7899,32 Ft XXL,2400234572
TN30BU0599,20 Ft XL,2990500932
RJ40GA5051,32 Ft XXL,1.29422E+18
HR55AM7958,32 Ft XXL,1.27493E+18
KA51AG3573,24 Ft XXL,1861644730
TN25CB9294,32 Ft XL,213010307
RJ40GA6035,32 Ft XXL,2452938953
MH04HD2709,32 Ft XXL,3654438646
GJ12BY0534,36 Ft XXXL,1649101344
BR02GA9619,30 Ft DXL Ft DXL,3401821785
HR68B5877,32 Ft XL,2838899538
MH46BB9591,20 Ft XL,4171568488
BR02GA8626,30 Ft DXL Ft DXL,3401821785
TN56S1962,32 Ft XL,1579908675
HR38AH3554,32 Ft XL,3908165514
MH04KU4163,22 Ft XL,411122398
UP21BN3735,32 Ft XXL,2548684974
HR62A5960,32 Ft XL,2549420806
HR38AB6178,32 Ft XL,1982572239
TN88E0295,32 Ft XL,1845246440
TN28BJ3229,32 Ft XXL,3536538517
HR47D7394,20 Ft XL,1.27493E+18
RJ14GJ2786,32 Ft XL,1.27493E+18
TN12AH2957,22 Ft XL,387829813
TN45BJ9171,32 Ft XXL,1338059484
GJ03BW4040,32 Ft XXL,4100923775
HR55AK3687,22 Ft XL,2466654178
UP81DT9570,30 Ft DXL Ft DXL,2115237033
KA52B8899,32 Ft XL,2015174976
HR47G5366,32 Ft XXL,1.29422E+18
MH43BP1935,20 Ft XL,307968888
KA52A3873,32 Ft XXL,1.27493E+18
DD01J9024,22 Ft XXL,119219026
RJ09GC1064,32 Ft XXL,4150367334
GJ05BZ0984,32 Ft XL Ft XL,2337547427
DL1MB2974,20 Ft XL,3926885167
HR55AQ8249,32 Ft XXL Ft XXL,3234395569
TN28BJ8681,32 Ft XXXL,2971273997
TN28BK4728,32 Ft XL,1810167496
KA51B7602,32 Ft XXL,902512755
TN88V9095,32 Ft XXL,1.27493E+18
HR55AG2720,20 Ft XL,4005802236
MH04KU1978,20 Ft XL,3168708829
KA51AG5328,24 Ft XL,1861644730
MH04LY1831,32 Ft XXL,2496854578
HR55AQ5531,32 Ft XXL Ft XXL,3480904393
WB05A2600,32 Ft XL,1080031028
KA01AP6382,32 Ft XXL,1431985334
TN21BH0963,32 Ft XXL,1.27493E+18
TN34Q9381,32 Ft XXL,4224017268
HR63F4896,32 Ft XL,2400234572
UP16JT2984,22 Ft XL,4219310550
MH43BX1291,20 Ft XL Ft XL,2035777852
HR55AR3733,32 Ft XL,2771428387
MH12SX4346,34 Ft XL,1188994017
HR55AC2064,32 Ft XXL,1.34095E+18
RJ32GC6029,32 Ft XL,3141613304
RJ32GD1593,32 Ft XL,1607198032
MH12MV2240,32 Ft XL,2858977521
MH04LQ2373,22 Ft XL,3982429025
HR47D1065,32 Ft XXL,858282445
RJ14GP5648,32 Ft XL,2288705459
HR38W4373,32 Ft XXL,1152643775
MH05EL0785,32 Ft XL,2219697164
TN88H9853,32 Ft XXL,1.36054E+18
DL1GC9861,24 Ft XXL,2056655598
RJ32GC2173,32 Ft XL,4015093222
DL1LAL7254,14 Ft XL,3453772077
TN52L3440,32 Ft XL,1.29099E+18
HR47E4523,32 Ft XL,1.27493E+18
UP78CT8518,20 Ft XL,2069124165
HR55Y4880,32 Ft XL,10651475
KA51AF6217,32 Ft XXL,570434649
TN52AA1941,32 Ft XXL,2056184685
GJ12BZ3850,40 Ft DXL,3106825274
HR38AA3564,32 Ft XL,2275596032
HR55AK4068,22 Ft XXL,645486872
RJ14GT1705,32 Ft XXXL,1524180104
TN28BJ7399,32 Ft XXL Ft XXL,2046068966
RJ10GB7917,32 Ft XXL,1.28515E+18
HR55AG4008,20 Ft XL,238962439
HP97A8974,32 Ft XL,2658450791
RJ32GD4435,32 Ft XL,1993271565
MH04HY2019,32 Ft XXL,2984689483
UP81FT6308,32 Ft XL,1698857278
HR55AH4551,32 Ft XXL,228935000
HR55AP2421,32 Ft XL,2771428387
MH46BF7493,32 Ft XL,1.27493E+18
KA51AJ8532,32 Ft XL,268789533
KA01AL0243,32 Ft XL,3836686102
UP14GT9194,32 Ft XL,1614011755
HR55AF7543,32 Ft XXL,267942975
NL01AB4289,32 Ft XL,611100283
RJ52GA3534,32 Ft XXL,3650087014
HR38AE2140,32 Ft XL,4066216907
MH04LQ0252,32 Ft XL,3862635773
TN73AJ8038,32 Ft XL,2817258603
HR55AE0879,32 Ft XXL,3234395569
RJ14GH8869,32 Ft XXL,2778726045
HR55AN1455,32 Ft XL,3117739931
RJ14GK2234,32 Ft XXL,3389255371
NL01AG4083,32 Ft XXL,1.34387E+18
TN85P3648,22 Ft XL,1305186439
RJ11GC4413,32 Ft XXL,1313694764
UP74T4801,34 Ft XL,2399895960
HR55AL8600,32 Ft XXL,3648094054
TN34AF1425,32 Ft XXXL,1271043962
UP81DT9507,30 Ft DXL,2115237033
MH04LY5594,32 Ft XL,2545997179
NL01AE1167,32 Ft XL,3261373768
UP85CT0198,32 Ft XL,2081056071
HR38AE9458,34 Ft XL,1017497294
NL01AB2450,32 Ft XXL,1.27493E+18
WB23C4170,32 Ft XL,2161117233
WB19K7959,32 Ft XXL,560318007
KA51AF9171,32 Ft XL,3220856299
HR38X7973,32 Ft XL,1875178467
TN28BH6693,32 Ft XXL,2420284594
HR55AR4147,32 Ft XXL,1.29422E+18
RJ11GB5428,32 Ft XXL,1463879186
HR55S5511,32 Ft XXL,2319926946
NL01AG3248,32 Ft XXL,1618676713
TN34AC7052,32 Ft XL,3536538517
HR55AK2465,32 Ft XL,1982572239
TN36AP3758,32 Ft XXL,1.27493E+18
MH43BX7376,32 Ft XL,1.37249E+18
NL01AF7056,34 Ft XL,3731347356
WB05A2863,32 Ft XL,1080031028
MH04JU4258,20 Ft XL,1357148650
TS06UA0006,24 Ft XXL Ft XXL,442265331
HR63D5879,32 Ft XXL,3488081982
CH01TB2348,32 Ft XXL,2838899538
HR61E0780,24 Ft XXL,3218416191
GJ27TF4073,34 Ft XL,1875281957
TN88J1820,32 Ft XXL,752172672
TN58BA5663,32 Ft XL,3573613894
HR61D0778,32 Ft XL,3473183693
HR38AC9060,32 Ft XL,1303316277
TN52L6964,32 Ft XXL,1.37286E+18
HR55AJ8547,22 Ft XL,3000356243
HR55AL4985,32 Ft XXL,1.27493E+18
TN69BS5293,20 Ft XL,1908930337
RJ09GB5229,32 Ft XL,3807035747
MH01DR6414,32 Ft XL,2526486597
HR63D8739,32 Ft XXL,1750554841
RJ18GC5282,32 Ft XL,1620241690
RJ47GA3765,40 Ft DXL,4255940877
HR38AB5139,22 Ft XL,1558659267
TN52H4891,32 Ft XXL,1.27493E+18
KA01AK8645,20 Ft XL,1.28381E+18
HR55AK1945,32 Ft XXL,1.27493E+18
RJ40GA6377,32 Ft XL,1206131433
NL01AD7633,32 Ft XL,3731347356
GJ01HT5374,32 Ft XXL,3947458529
MH24AU7639,20 Ft XL,3418916496
KA51AH1966,32 Ft XXL,1.29971E+18
NL01AD9881,32 Ft XL,1324027201
KA52A4288,32 Ft XL,1127926498
RJ18GB8139,32 Ft XXL,1.33705E+18
GJ39T0827,32 Ft XXXL,1649101344
MH04KF2248,32 Ft XL,573747521
MH04JK4067,22 Ft XXL,200509188
TN36BV7813,32 Ft XXL,1701426074
HR55AP0849,32 Ft XXL,769874695
TN88J5463,32 Ft XXL,1193173563
TN54U3099,20 Ft XL,2704369677
GJ12BX2144,36 Ft XXXL,1649101344
HR38V0603,32 Ft XL,1.27493E+18
NL01AH4207,32 Ft XXXL,1017425738
TN31CH3319,22 Ft XL,4229376367
MH05FJ5406,20 Ft XL,911651372
WB11F5257,22 Ft XL,2296239721
MH04KU8955,32 Ft XL,3364112379
MH46BB9741,32 Ft XL,1323381085
MH04LE4096,32 Ft XL,242377121
NL01Q4044,32 Ft XL Ft XL,1.27493E+18
RJ09GB4670,32 Ft XL,3677704751
HR55AK0823,22 Ft XL,3658889535
RJ14GQ1672,32 Ft XXL,4005448948
HR55AN2985,32 Ft XXL,3234395569
BR01GM0483,32 Ft XXL,1119306811
HR45E5393,32 Ft XL,3410546706
TN28BE3875,32 Ft XL,1419718988
KA569489,32 Ft XXL,952918089
KA51AK3198,32 Ft XXL,154705261
TN60AH8921,20 Ft XL,656230735
NL01AC4692,32 Ft XXL,1.29422E+18
HR38W5059,32 Ft XL,1890778991
MH12QG3494,32 Ft XXL,2751847758
GJ12BZ3702,40 Ft DXL,3106825274
HR55AC9154,32 Ft XL,267942975
RJ10GA9451,32 Ft XL,82325354
GJ01JT1921,32 Ft XXL,1181315497
NL01AG0153,32 Ft SXL,2594083566
HR65A8665,32 Ft XXL,2322689137
KA52B7193,22 Ft XL,2622950790
HR38AD6370,34 Ft XL,3117296538
RJ14GQ4458,32 Ft XXL,994261142
HR55AR6553,24 Ft XL,20079860
HR55AL3591,22 Ft XL,2941351358
HR55V7729,32 Ft XL,1982572239
NL01AG1734,34 Ft XXXL,2059618537
HR55U0188,32 Ft XXL,3234395569
HR38AD4322,22 Ft XL,3500860804
RJ09GC5598,32 Ft XL,1813276820
HR55AE4210,32 Ft XXL,149166325
GJ01KT3757,32 Ft XL,785393395
HR38AD8482,32 Ft XL,2003063906
UP38T4797,30 Ft DXL,2115237033
HR47F3124,22 Ft XL,914624503
MH46CL7207,32 Ft XL,1847180982
HR55AL5042,20 Ft XL Ft XL,3630080344
MH12QG1030,32 Ft XL,4100923775
HR55AB6764,32 Ft XXL,1.33805E+18
HR38V3062,32 Ft XL,2399895960
WB05A3501,32 Ft XL,1080031028
NL01AG1874,32 Ft XL,1038921782
DD01P9963,32 Ft XL,1702125004
HR38AB5647,32 Ft XL,1982572239
HR61E2127,20 Ft XL Ft XL,3030060657
HR55AV9866,32 Ft XL,2153189426
HR55T6195,20 Ft XL Ft XL,1475081516
RJ11GC1033,30 Ft DXL,1827468929
HR55AN7564,34 Ft XL,1668670859
HR55AU4254,32 Ft XL,3556676147
HR55AJ1800,32 Ft XXL,2358251102
GJ18AZ1789,32 Ft XL Ft XL,4110902205
HR55AP9934,32 Ft XL Ft XL,1532758397
HR38AC1882,32 Ft XXL,1596671543
WB19K9861,32 Ft XXL,560318007
HR38AA4043,32 Ft XL,1995526937
MH05AM3359,32 Ft XL,869840467
MH43BP5251,32 Ft XXL,1.37247E+18
NL01AE7603,32 Ft XXL,1.27493E+18
UP25DT2855,32 Ft XXL,1188419003
DL1MA1554,22 Ft XL,1051310116
HR38AD2931,24 Ft XXL,1816174169
KA51AJ5235,32 Ft XL,3002720573
NL01AD8597,32 Ft XXL,3073606796
TN36BT9454,32 Ft XXL,730313617
MP09HH0859,32 Ft XXL,3725412017
RJ10GC0573,32 Ft XXL,1.28515E+18
UP78DT6289,32 Ft XL,1305091623
KA52A7989,20 Ft XL,773382346
HR55AT0986,24 Ft XL,20079860
DL1LAB5291,14 Ft XL,3500860804
KA51AG7865,32 Ft XL,1726171411
WB05A1436,32 Ft XL,1080031028
TN52J7855,32 Ft XXL,1.27493E+18
GJ06AZ7217,32 Ft XL,3951367130
HR58C1114,26 Ft DXL,3504217824
HR45C4521,40 Ft DXL,2901472048
PB05AP4933,34 Ft XL,512034430
NL01AG5904,34 Ft XL,1407618984
RJ32GD4322,32 Ft XXL,3759915411
TN90F5407,32 Ft XXL,1.31302E+18
RJ40GA5748,32 Ft XXL,940870303
TN52J0937,26 Ft DXL,722363753
TN88AZ6966,32 Ft XXL,3289565272
RJ22GB5247,32 Ft XXL,3522418087
HR55V0672,32 Ft XL,1.27493E+18
NL01AF8885,32 Ft XXL,945597649
KA568852,32 Ft XXL,952918089
KL41U1808,32 Ft XL Ft XL,3598029366
RJ11GA6494,24 Ft DXL,3504217824
MH12UM0114,32 Ft XL,3185182714
UP65FT9016,30 Ft DXL Ft DXL,3401821785
UP14KT6308,20 Ft XL,2105148828
MH46AR0323,32 Ft XXL,2793079243
MH11DD2271,22 Ft DXL,3725966953
DL1MB1459,22 Ft XL,2875367520
TN37CS4411,20 Ft XL,1.27493E+18
TN39CS0914,32 Ft XXL,3248162065
MH46BF5114,20 Ft XL,2371588793
HR47C6170,20 Ft XL,2569825664
UP78FN6981,32 Ft XL,3251962340
KA53AA6219,32 Ft XL,2925592921
HR55AK8921,32 Ft XL,586056444
RJ14GH4168,34 Ft XL,3591852329
MH04HY3979,20 Ft XL,859974101
KA01AF6492,32 Ft XXL,1930959888
HR38AE8872,32 Ft XL,512034430
NL01AH2487,32 Ft XL,2914938575
TN39CT5899,32 Ft XL,3875563482
HR74A4612,32 Ft XL,3539340713
DL1GC3433,32 Ft XXL,680015610
KA567917,32 Ft XXL,1430288489
HR39E5484,20 Ft XL Ft XL,2729333458
KA09D6318,32 Ft XXL,1617854670
KA09D5925,32 Ft XXL,1617854670
NL01AD3788,32 Ft XL,2577809704
NL01AG1614,32 Ft XXL,1038921782
TN39CK5514,22 Ft XL,1096504633
RJ11GB9729,32 Ft XXL,1.33805E+18
TN15MF4126,32 Ft XXL,3630716389
NL01AA0180,32 Ft XXL Ft XXL,2459640882
RJ32GD4184,32 Ft XL,1993271565
HR38AC6104,34 Ft XXL,1017497294
UP81DT4534,30 Ft DXL,2115237033
RJ14GL9788,32 Ft XL,805447376
KA51AH6578,22 Ft XXL,3964162150
NL01AF0429,32 Ft XXL,1.27493E+18
MH04FJ6322,20 Ft XL,3854781047
NL01K5819,32 Ft XXL,690336119
TN31BF2091,32 Ft XXL,1627850310
PB13BE5899,32 Ft XL,1795786993
NL01AH2180,32 Ft XXL,154705261
RJ10GB5069,32 Ft XXL,4097179350
KA51AH7436,20 Ft XL,1.29971E+18
WB23F4512,32 Ft XXL,950672179
CH01TB4047,32 Ft XXL,2838899538
TN12AS8355,22 Ft XL,2792505996
NL01AE1389,32 Ft XL,1.27493E+18
GJ15UU2349,32 Ft XL,4045897604
NL01AD2487,32 Ft XL,1341297440
UP53GT8037,26 Ft DXL,3504217824
TN88W3579,32 Ft XXXL,3454225073
HR63B9334,32 Ft XL,1073877804
UP53HT0620,32 Ft XXL,3914731708
RJ14GR5415,32 Ft XL,2061721917
TN28BH2869,32 Ft XXL,1955971086
MH46BF8057,32 Ft XL,1.27493E+18
HR55AE6092,32 Ft XXL,528139426
DL1GC5813,32 Ft XXL,3853478716
TN15ME1738,20 Ft XL,2240939864
NL01AG4767,32 Ft XXL,2638422073
HR38V4150,20 Ft XL,2715031614
MH04LE9919,20 Ft XL,620207144
DD01U9608,32 Ft XL,1784742684
HR69C4558,24 Ft XL,1004420749
HR45C0573,32 Ft XL,1208027135
MP09HG8921,32 Ft XXL,2483781524
HR55AM6293,32 Ft XL Ft XL,2766089958
KA51D2600,32 Ft XXL,902512755
PB13BB2396,32 Ft XXL,834023770
MH46BB2942,20 Ft XL Ft XL,525211977
MH12TV8965,32 Ft XXL,1407618984
RJ11GB3659,32 Ft XXL,3080242868
TN58BA9499,20 Ft XL,2516070241
MH04KU3401,20 Ft XL,2398515238
HR55AD7176,32 Ft XXL,2292498585
MH04LE0701,32 Ft XL,2984689483
DL1MA7822,20 Ft XL,3238327063
TN18BP2928,32 Ft XL,3724025144
MH14KA1714,32 Ft XXL Ft XXL,3348189502
MH04HY6106,32 Ft XL,2492573313
TN52J2680,32 Ft XXL,1.27493E+18
MH14HG7534,20 Ft XL,2208576898
MH40CT1106,32 Ft XL,1826821151
NL01AG0283,32 Ft XXL,1.27608E+18
RJ14GN2534,32 Ft XL,3261373768
HR38W4482,32 Ft XL,1152643775
HR55S9032,32 Ft XL,2187028365
NL01AH2485,32 Ft XL,2914938575
HR38W1118,32 Ft XXL,1297437708
MH46CL3670,32 Ft XXL,2793079243
RJ14GK1720,32 Ft XXL,3274779371
TN39CX3943,32 Ft XL,213010307
HR55AM2031,32 Ft XXL,2657042234
MH46BU3243,20 Ft XL,3413902153
MH04JK5428,20 Ft XL,1973998608
NL01AB0554,32 Ft XL,3261373768
NL01AF9145,32 Ft XXL,1113862624
KA27C4620,20 Ft XL Ft XL,2720491907
NL01L6537,32 Ft MXL,1.34396E+18
RJ14GQ2616,32 Ft XXL,3261373768
NL01AH4405,32 Ft XL,3155944960
HP12D3330,32 Ft XXL Ft XXL,4066748251
TN88AZ4521,32 Ft XXL,2094080645
WB05A0341,32 Ft XL,1080031028
UP21BN1890,32 Ft XXL,2351531909
MH04KU0073,32 Ft XL,1613188788
HR55V1137,32 Ft XL,4276487451
HR38AD7396,32 Ft XL,1599883026
NL01AA8634,20 Ft XL,1716273455
RJ14GK6053,32 Ft XL,1.27493E+18
RJ14GR6396,32 Ft XL,956831550
NL01AA7932,32 Ft XXL,694678537
HR55AK1726,32 Ft XXL,1.27493E+18
KA01AR2244,32 Ft XXL,3214209819
HR55AF8077,32 Ft XXL,1.34095E+18
JH02AV6008,30 Ft DXL Ft DXL,3401821785
UP81ET8778,30 Ft DXL Ft DXL,2115237033
TN34AH0884,22 Ft XL,2161127382
PB11CT4398,30 Ft DXL Ft DXL,3364769651
NL01AB2445,32 Ft XXL,1.27493E+18
NL01AH0048,32 Ft XL Ft XL,17667683
WB23F5099,24 Ft XL,3159158391
MH14HG5058,32 Ft XL,2064387567
UP16FT0719,22 Ft XL,2226737947
HR55K8282,32 Ft XL,1073628303
MH43BP1359,20 Ft XL,1370732645
DL1MA8592,22 Ft XL,2371588793
KA543812,20 Ft XL,773382346
HR37E5960,30 Ft DXL Ft DXL,3409271104
MH04KF7388,32 Ft XL,1647748010
HR55S9480,32 Ft XXL,3234395569
HR55AF0243,32 Ft XL,208449432
TN28BV9399,24 Ft XL,3216384452
HR46E9932,32 Ft XXL,2252146783
TN12AM5307,20 Ft XL,1245280875
HR38AA8152,32 Ft XL,1.32499E+18
TN52AA6566,32 Ft XXL,1.37286E+18
KA52B6367,20 Ft XL,680838193
TN42AH1631,24 Ft XL,1192105539
TN39CV7407,20 Ft XL,3401697144
MH04JU6324,32 Ft XL,3294551141
HR55AC4587,32 Ft XL,660306089
RJ14GP5338,32 Ft XL,3816205853
TN39CD6129,32 Ft XXL,2253440476
PB05AP1396,34 Ft XL,512034430
MH04KU5082,20 Ft XL Ft XL,3729037305
HR55AA0343,32 Ft XXL,1.34387E+18
MH43BP5420,32 Ft XXL,1.37249E+18
TN12AQ7922,32 Ft XL,4093429416
MH43BP3202,32 Ft XXL,1.37249E+18
NL01L8127,32 Ft XXL,4112769211
HR55AJ9653,32 Ft XL,2058958247
NL01AG7325,36 Ft XXXL,533252639
RJ52GA7034,32 Ft XXL,1147749398
HR38AD8452,22 Ft XL,3453772077
MH40CT1775,32 Ft XL,2756640470
UP31AT2201,30 Ft DXL Ft DXL,2115237033
TN28BJ5708,32 Ft XL,2163851750
MP09HH8165,32 Ft XXL,1.27493E+18
TN18BT9969,32 Ft XXL,483994999
HR38AG7082,32 Ft XL Ft XL,3171561616
PB65BB1453,24 Ft DXL,3504217824
MH47BL6745,32 Ft XL Ft XL,2412390469
RJ52GB2120,30 Ft DXL Ft DXL,3836262919
TN04AV3611,32 Ft XL,3368178048
TN36BS0447,32 Ft XXL,12546475
KA51AF6480,32 Ft XL,1068934149
MH04LE4697,20 Ft XL,3743058181
TN12BC2340,32 Ft XL Ft XL,1401069750
RJ14GP0023,32 Ft XL,3913189814
RJ10GB9628,32 Ft XL,3281459334
UP40BT2015,26 Ft DXL,3504217824
GJ12BZ8057,36 Ft XXXL,361831879
HR55AJ4195,32 Ft XL,3811649588
MH04JU3916,32 Ft XXL,1982357314
NL01AF0564,30 Ft DXL Ft DXL,3836262919
NL01AG3251,32 Ft XXL,1618676713
HR73A4122,32 Ft XXL,1.27493E+18
TN34X4588,32 Ft XXL,1.27493E+18
RJ32GC6779,32 Ft XL,4015093222
RJ32GC9018,32 Ft XL,889852707
KA51AF9529,32 Ft XL,727275022
KA51AJ5684,20 Ft XL,1.27493E+18
DD01Q9908,32 Ft XXL,3721102140
RJ18GB1448,32 Ft XXL,1937799209
NL01AG7051,34 Ft XL,1324027201
PB05AJ7703,30 Ft DXL Ft DXL,3364769651
RJ14GL9779,32 Ft XL,3296089010
HR47G9939,32 Ft XXL,1.27493E+18
RJ11GC2718,32 Ft XXL,3000981937
NL01N0353,32 Ft XXL,1355641096
TN46AB0115,22 Ft XL,485057411
HR55AP6747,22 Ft XL Ft XL,20079860
KA52B4775,22 Ft XL,3141194182
NL01Q7120,32 Ft XL,1.27493E+18
GJ01DY4167,32 Ft XL,2171578430
HR55AM8093,32 Ft XXL,1.27493E+18
HR55AU5598,22 Ft XL,433689499
MH04HY4670,20 Ft XL,2107260000
NL01AB2497,34 Ft XL,532087025
TN01AJ8238,32 Ft XL,3657913855
HR38AB6324,32 Ft XL,2275596032
PB11DG4795,30 Ft DXL Ft DXL,3364769651
RJ14GL8735,32 Ft XL,2783829460
TN22DF4917,20 Ft XL,1979615900
HR38AF9744,32 Ft XL Ft XL,789232929
TN87A6791,32 Ft XL,387829813
HR38AC2795,34 Ft XL,3216817949
MH46BF6939,32 Ft XL,2921612980
UP21CN4777,32 Ft XL,2987626821
TN16K0744,22 Ft XL,3168625169
NL01AH0504,32 Ft XL,3155944960
UP31T8462,30 Ft DXL Ft DXL,3364769651
HR66A9661,32 Ft XXL,823897004
HR69D6623,40 Ft DXL,2568549888
TN20DW2226,24 Ft DXL,3699797569
HR55AM4665,32 Ft XL,817831524
TN11AX1730,20 Ft XL,1908930337
MH46BB0615,32 Ft XL,4155638782
MH46AF7339,20 Ft XL,312428173
NL01AF1209,32 Ft XL,817831524
KA09C4644,32 Ft XXL,1.29034E+18
TN10BU1048,20 Ft XL,379120559
TS07UM3355,32 Ft XL,3649422397
MH46BF3078,32 Ft XL,1723110656
MH05FJ3762,20 Ft XL,2236921202
MH04HY6527,20 Ft XL,1100394264
RJ10GA9333,32 Ft XL,3812056252
TS07UM0402,32 Ft XL,3649422397
HR69B3377,32 Ft XL,1748235747
HR55AF1849,32 Ft XXL,3234395569
RJ11GB6804,32 Ft XXL,3832632332
HR38V2532,32 Ft XL,1806953019
HR55U7048,20 Ft XL,2596039234
RJ14GR8949,24 Ft XL,3433847032
MH43CE6423,32 Ft XL,3268018853
RJ52GB1618,32 Ft XL,1426192060
TN48BY8596,22 Ft XL,3358780213
MH46BU0521,20 Ft XL,3413902153
HR47D2316,32 Ft XL,1813276820
AS01NC6806,32 Ft XXL,1168052891
DD01M9659,32 Ft XL,1251745391
KA52B7558,32 Ft XXL,2966058994
GJ01HT7700,32 Ft XL,351731271
HR55AC0732,32 Ft XL,2885354458
BR02GD2939,30 Ft DXL Ft DXL,3401821785
NL01AG2221,32 Ft XL,586056444
KA01AJ8663,32 Ft XL,2952713397
TN88L5258,32 Ft XXL,1.29095E+18
NL01AF3455,32 Ft XXL,3944964191
RJ01GC6461,32 Ft XXXL,2783829460
TS07UL1660,32 Ft XXL,2520815654
MH04HY0479,32 Ft XL,940945578
NL01AD7635,32 Ft XL,3731347356
TN79K2977,22 Ft DXL,693862358
PB13BK4140,32 Ft XXL Ft XXL,3994609784
KA01AG8056,24 Ft XXL,1726171411
HR63C1989,32 Ft XL,1614011755
UP85CT3655,32 Ft XL,744933130
NL01AH0149,32 Ft XL,3104138433
HR55AR5986,32 Ft XL,1993271565
KA51AH1970,32 Ft XXL,1.29971E+18
BR02GC5939,27 Ft DXL,3504217824
TN59CQ1318,20 Ft XL,1619213589
KA568168,32 Ft XXL,75202623
HR55AP1490,32 Ft XXL,3234395569
TN88AZ3288,22 Ft XL,3706842395
GJ12BZ8487,36 Ft XXXL,361831879
MH05DK7468,20 Ft XL Ft XL,3507186491
MH05EL8575,32 Ft XXL,632606191
MH46CL5156,32 Ft XXL,3944964191
HR38AC9179,32 Ft XL,1.27493E+18
KA05AL5823,14 Ft XL,1864800108
DL1MA7122,22 Ft XL,2875367520
MH40CM1084,20 Ft XL,3526396359
KA53AA6404,32 Ft XXL,1.27493E+18
GJ06AV2526,32 Ft XL,3951367130
HR61D3429,22 Ft XL,2914490653
DL1MA9657,22 Ft XL,1024890800
MH12MV5430,20 Ft XL,767639029
WB174319,32 Ft XXL,517914104
MH04HS0864,32 Ft XL,3816331807
HR55AC7094,32 Ft XXL,903693003
HR38AC4911,32 Ft XL,1599883026
HR47E3127,22 Ft XL,2569825664
UP13BT4233,30 Ft DXL,2115237033
NL01AE7364,32 Ft XL,157134406
HR38AD8711,34 Ft XL,856211950
DN09R9057,20 Ft XL,3188067656
MH43CE3826,32 Ft XXL,724297732
HR55U0156,32 Ft XXL,3234395569
RJ14GN2122,32 Ft XL,1.27493E+18
RJ32GD1488,32 Ft XL,2463724394
KA02AH0245,20 Ft XL,1225539516
MH12WX8287,34 Ft XL,1188994017
TS07UE2643,32 Ft XXL,3829683448
MH43BP1293,32 Ft XXL,1573407155
MH04JK0355,32 Ft XL,712439304
TN93E5860,32 Ft XL,4211217743
HR38AB0338,34 Ft XL,2399895960
WB178219,32 Ft XL,1933360146
PB13BP4194,30 Ft DXL Ft DXL,3364769651
RJ32GC3257,32 Ft XXL,3553993300
RJ14GP8953,32 Ft XXL,1.30839E+18
CH01TB4029,32 Ft XXL,2838899538
NL01AE0560,32 Ft XXL,4065038712
MH04KU4044,20 Ft XL,1542855253
HR55AF1872,32 Ft XL,1.27493E+18
HR55AN0521,32 Ft XL,1.37257E+18
TN64W9630,20 Ft XXL,381592855
HR47D1751,32 Ft XXL,2254802433
NL01AH7054,40 Ft DXL,4255940877
HR69F1592,32 Ft XL Ft XL,3151132714
MH04KU7391,22 Ft XL,4143037193
HR55V4972,32 Ft XL,1.27493E+18
KA01AG1814,32 Ft XXL,1930959888
DD01G9280,32 Ft XL,3032577129
MH04LQ3767,32 Ft XL,2127818749
MH04JU2150,20 Ft XL,35543568
TN39CU0634,20 Ft XL,2859734248
KA27A9832,20 Ft XL,3065498193
TS07UG0435,32 Ft XXL,3706224517
MH04HD2830,32 Ft XXL,1455728327
GJ12BY9210,40 Ft DXL,1608917745
MH48BQ1112,24 Ft DXL,4075213069
UP12BT5541,22 Ft XL,2106367732
RJ14GL5953,32 Ft XL,3261373768
PB11BF4015,23 Ft DXL,3504217824
TN88H8227,32 Ft XXL,220251445
MH04LQ4957,20 Ft XL,2352433594
RJ11GB5800,32 Ft XXL,632179148
UP21BN3584,32 Ft XL,1.27493E+18
MH15DK7055,32 Ft XXL,1110140335
MP09GH2718,32 Ft XL,2522419322
PB11CJ3527,32 Ft XXL,2322689137
HR55AL2669,32 Ft XXL,1550891599
HR47C4242,32 Ft XL,3487758645
NL01AH8232,32 Ft XL,1993271565
HR55W7824,32 Ft XXL,680015610
NL01AB2441,32 Ft XXL,1.27493E+18
TN39DA8048,32 Ft XXL,4125775703
MH20DE6822,32 Ft XL Ft XL,3179564264
HR55AF2945,32 Ft XL,4238104735
TN28BH4294,32 Ft XL,1.3391E+18
HR55AL8218,32 Ft XL,4112769211
DN09R9420,32 Ft XL,2000176526
KA01AK2288,32 Ft XL,1.37286E+18
TN88AZ2013,22 Ft XL Ft XL,2553133944
RJ32GC9550,32 Ft XL,334548386
HR55AG0640,24 Ft XL,1.27493E+18
UP66T8793,20 Ft XL,1420603818
NL01AD6733,32 Ft XXXL,2037476600
TN61Z3650,32 Ft XL,3373625613
NL01AH1699,32 Ft XL,3104138433
RJ14GR6397,32 Ft XL,956831550
MH03CV2776,32 Ft XL,346487133
RJ10GB6616,32 Ft XXL,2975591973
HR38W6300,20 Ft XL,3514001209
MH04JK7508,20 Ft XL,3963283725
RJ01GD0304,30 Ft XXL,3234395569
TN60X3147,20 Ft XL,3446180446
RJ11GB7558,32 Ft XXL,1.35843E+18
TN19AL7098,32 Ft XXL,4094944893
RJ11GC5999,32 Ft XXL,1.33805E+18
RJ32GC8469,32 Ft XL,1.27493E+18
MH46CL6217,32 Ft XXL,2160159070
HR69B6738,24 Ft XL,1004420749
MH04HD9754,32 Ft XL,2526486597
MH04LQ9240,32 Ft XL,2055834171
KA01AJ7464,32 Ft XL,1.3945E+18
MP09GH5161,32 Ft XL,667083889
KA02AG0265,32 Ft XXL,1152588252
NL01AE4393,32 Ft XXL,3194110022
NL01AC8719,22 Ft XXL,3731347356
TN39DD2833,32 Ft XXL,3493610581
HR55AJ6470,32 Ft XL,208449432
NL01AA2385,32 Ft XL,274759906
HR37E0232,20 Ft XL,1487578275
HR46F2984,22 Ft XL,3274342187
MH43BX3263,32 Ft XL,2126873029
KA51AH7213,32 Ft XXL,2040112414
WB11D5552,32 Ft XXL,1145832355
PB13AR5912,32 Ft XXL,2322689137
RJ11GB5720,32 Ft XXL,3511295957
MH44U2946,32 Ft XL Ft XL,1911577936
NL01AE0070,32 Ft XL,842767169
RJ14GP0528,32 Ft XXL,3509917328
NL01AG0964,32 Ft XXL,1111699978
MH04MH2553,22 Ft XL,3387547965
DL1MA2021,20 Ft XL,1044538109
MH04HY6886,32 Ft XL,1763251974
HR38AB7851,22 Ft XL,1148318672
MH04EL3712,20 Ft XL,3613979527
NL01AF7190,32 Ft XL,206958395
RJ14GP4507,32 Ft XXXL,3509917328
RJ52GA6866,32 Ft XXL,3509917328
NL01AE5201,32 Ft XL,3212021709
HR55AN4695,32 Ft XL,2219265497
HR61C4250,32 Ft XL,1813930870
HR55AK7561,32 Ft XXL,3648094054
HR38S7625,24 Ft XL,3601019969
BR24GB1879,30 Ft DXL Ft DXL,3401821785
HR55AM9359,32 Ft XL,1873564887
UP30AT8780,32 Ft XL,3393466958
UP81ET8478,30 Ft DXL Ft DXL,2115237033
KA01AH9406,32 Ft XL,217271024
RJ52GA3864,30 Ft DXL Ft DXL,3836262919
UP81ET8378,30 Ft DXL Ft DXL,2115237033
KA51AH9872,32 Ft XL,593206810
HR38AB3162,20 Ft XL,1868373273
UP53GT8772,32 Ft XXL,3914731708
MP09GH1932,32 Ft XL,667083889
TN42X5859,22 Ft XL Ft XL,944823097
KA52B4771,22 Ft XL,3141194182
MP09DD1962,32 Ft XXL Ft XXL,3706224517
JH12Q2894,32 Ft XL Ft XL,1497593555
TN28BH6375,32 Ft XXL,2552890162
HR55AN3747,32 Ft XL,1.27493E+18
HR38AD6697,24 Ft XL,1816174169
HR55AE4519,32 Ft XL,1234471197
TN88U5177,32 Ft XXL,570562701
MH04HY8408,20 Ft XL,3413902153
UP25ET2234,32 Ft XXL,1682706600
MH05DK1622,20 Ft XL,3314012324
HR47F9916,22 Ft XL,28774287
RJ10GB8571,32 Ft XL,2584378470
KA01AE9775,32 Ft XL,2552905578
MH04LY2096,32 Ft XL,4130665628
HR55AQ6450,32 Ft XL,1179273343
TS07UE4349,32 Ft XXL,3829683448
NL04D7761,32 Ft XL,690336119
HR55AR6519,14 Ft XL,686092796
HR55AN5440,32 Ft XXL,3234395569
HR55AR9697,32 Ft XL,2219265497
TN05CK2686,17 Ft XL Ft XL,823777302
NL01AB2048,32 Ft XXXL,1675607123
MH14JL3729,20 Ft XL,1822488993
NL01AG9540,32 Ft XL,3104138433
HR55AL4152,22 Ft XL,158806673
HR38V9918,32 Ft XL,4156182002
NL01AE2382,34 Ft XL,1810559494
NL01AC7419,32 Ft XXL,1.41376E+18
GJ05CU7197,32 Ft XXL,3914731708
MH04JK5494,20 Ft XXL,2762645453
TN52AC7555,32 Ft XXL,1.37286E+18
RJ32GD8132,32 Ft XXL,1507374815
TN70AU0723,32 Ft XL,4251612375
HR55AK1440,20 Ft XL,905144903
HR47F7138,32 Ft XL,858282445
TN88U2117,32 Ft XXL,902512755
HR38AE9452,20 Ft XXL,3783916681
NL01AC2581,32 Ft XL,4246702836
HR55AK6292,22 Ft XL,1960184221
TN42AF6678,32 Ft XL,3748473302
NL01AH2175,32 Ft XXL,154705261
NL01AE2524,32 Ft XL Ft XL,29382318
HR55AK4819,24 Ft XL,649243359
RJ14GK8024,32 Ft XXL,3717494833
HR55AJ2621,32 Ft XL,3550206084
MH04LE2566,32 Ft XL,3678859715
HR55AK3520,32 Ft XXL,1.27493E+18
RJ14GP8678,32 Ft XXL,1026069066
HR55AL0205,32 Ft XXL,1.27493E+18
HR38AC8157,34 Ft XL,3601958928
NL01AH7872,32 Ft XXL,1.29422E+18
HR55AL1063,32 Ft XL,3509917328
MH40CD7153,24 Ft DXL,4210161492
KA51AF7260,32 Ft XL,1.29971E+18
HR55AG0568,32 Ft XXL,1.27493E+18
KA22AA0484,20 Ft XL,94011229
MH40CM5840,32 Ft XL,761325456
HR55X8843,32 Ft XXL,2148477730
HR74A6038,32 Ft XL,3398421637
NL01AG6117,32 Ft XXL,372826177
MH43BX3597,32 Ft XXL,1.37249E+18
UP13CT7342,32 Ft XL,1310073092
HR55AH2820,32 Ft XL,1919260655
HR55AR0223,32 Ft XXL,1.27493E+18
MH04JU8528,20 Ft XL,859974101
RJ32GD5688,32 Ft XL,2463724394
MH48T7479,32 Ft XL,4045897604
PB13AR5560,32 Ft XXL,2451253805
TN45BJ7549,32 Ft XXL Ft XXL,3413150142
NL01AC0387,32 Ft XXL,1.27493E+18
TN28BA8115,32 Ft XXL,1.28294E+18
TN85D2799,20 Ft XL,1.39961E+18
HR38AD7926,32 Ft XXL,4203907520
HR55AK0758,20 Ft XL,3787915751
RJ10GC0069,32 Ft XXL,1075373933
HR47C6893,32 Ft XL,3117739931
HR55AF8632,32 Ft XL,267942975
NL01AG5131,34 Ft XL,2903670965
RJ40GA6300,32 Ft XXL,3540161362
HR55AF9187,20 Ft XL,1.27493E+18
TN42AQ1150,20 Ft XL,3534123485
HR38AD8021,34 Ft XL,1886121876
WB23G1422,32 Ft XXL,3712512555
UP54T9824,26 Ft DXL,3504217824
TN95H8435,20 Ft XL,317848994
HR55AL0390,32 Ft XL,3509917328
TN28BJ8897,32 Ft XXL Ft XXL,3667459581
GJ06AU8060,32 Ft XL,2955786569
UP53DT6779,32 Ft DXL,3504217824
TN65AW7364,20 Ft XL,3920188212
KA51AF9538,32 Ft XXL,727275022
MH04GR1807,32 Ft XL,2753562616
HR56B7753,20 Ft XL,3484443326
NL01AD2925,32 Ft XXL,1.27493E+18
HR55AL9188,32 Ft XL,3780642313
MH05EL0783,32 Ft XL,2219697164
HR55S9479,32 Ft XXL,3234395569
HR55AN1268,32 Ft XXL,3234395569
TN04AT3274,32 Ft XXL,3947755319
RJ14GG4583,32 Ft XXL,3615047490
HR55AM2834,32 Ft XXL,2993117073
MH04LE5864,32 Ft XL,3946627381
RJ10GB1727,32 Ft XL,3250227327
TN16K3415,20 Ft XL,3634777703
KA51AJ6476,32 Ft XL Ft XL,593206810
HR38U5600,32 Ft XL,4294498420
HR38V6985,32 Ft XL,1974960924
TN45BJ9481,32 Ft XXL,2185953511
HR56B7309,32 Ft XL,4054774721
TN52AC7688,32 Ft XXL,1.27493E+18
RJ32GC3248,32 Ft XXL,2345372513
TN88K2679,32 Ft XXL Ft XXL,3861545766
TN52R6341,32 Ft XXL,1.32425E+18
UP74T4797,32 Ft XL,2399895960
TN83E6808,20 Ft XL,3340204726
TN28BH6941,32 Ft XXL Ft XXL,2964440504
HR55Y8540,32 Ft XXL,769874695
KA01AM3929,32 Ft XXL Ft XXL,1810167496
MH04JK3840,32 Ft XL,2564900610
MH04KU7389,22 Ft XL,4143037193
MH04KU5185,20 Ft XL,3226890220
HR38V0994,34 Ft XL,4281343464
MP09DL3622,32 Ft XL,2228526791
RJ11GB8400,32 Ft XXL,3106031340
MH04LQ8879,22 Ft XL,248122003
HR61E6480,32 Ft XL,960632885
HR74B5527,32 Ft XL,3061785767
TS08UB0988,32 Ft XXL,3829683448
HR38AD7493,34 Ft XL,3908165514
HR38AE1538,34 Ft XL,1017497294
MP09DK9361,32 Ft XXL Ft XXL,3706224517
MH43BP6352,32 Ft XXL,1.37249E+18
WB05A3034,32 Ft XL,1080031028
HR47E7892,22 Ft XL,2191655216
HR69B8806,32 Ft XL,3936816206
HR38AF8986,34 Ft XL,1874062980
HR74A5204,14 Ft XL,1921398566
RJ41GA7062,32 Ft XL,4094786149
KA01AQ6559,32 Ft XL,3598029366
MH04JU4993,32 Ft XL,1763251974
NL01AC4979,32 Ft XXL,3155944960
HR55X7177,32 Ft XXL,1788205992
NL01Q4050,32 Ft XL,1.27493E+18
TN39CS1647,34 Ft XXXL,1271043962
WB11D2286,32 Ft XXL,1.27493E+18
TS07UM3354,32 Ft XL,3649422397
HR38AA5744,34 Ft XL,2399895960
HR55AR3815,32 Ft XL,1993271565
HR55AC0348,32 Ft XL,208449432
HR55AL8082,32 Ft XXL,1.27493E+18
NL01AC9676,32 Ft XXXL,2492278967
RJ32GD0406,32 Ft XL,2546199617
RJ10GB8123,32 Ft XXL,248393063
DD01A9261,32 Ft XL,3121989323
KA41D8740,24 Ft XL,3818381856
TN34AJ1150,32 Ft XXL,1031372358
HR55AR8716,24 Ft XL,20079860
NL01AG1732,36 Ft XXXL,2059618537
MH46AF3174,32 Ft XL,141756534
MH46CL0187,32 Ft XXL,3944964191
TN39CS3187,32 Ft SXL,1.27493E+18
HR55AJ0742,32 Ft XXL,1.27493E+18
DD01P9442,32 Ft XXL,172906540
MH04KU9953,32 Ft XL,2984689483
BR06GE1824,32 Ft XL,1675607123
TS07UK5117,32 Ft XXL,3829683448
HR55AB7275,32 Ft XL,2612215395
TN39DA0790,22 Ft XL,3251458
HR74B5469,32 Ft XXL,3592248843
TN34W6388,32 Ft XXL,1.28294E+18
MH46BB8589,32 Ft XXL,674609754
RJ14GR1899,32 Ft XL,4246702836
KA52B5315,20 Ft XL,1987486583
BR02GA7027,30 Ft DXL Ft DXL,3401821785
HR55W9384,32 Ft XL,3656125104
MH46CL9273,32 Ft XL,299339903
UP13BT8854,32 Ft XL,1614011755
MH47AS2433,20 Ft XL,3735273567
TN52K5016,32 Ft XXL,1.32425E+18
HR55Y0939,32 Ft XL,3648094054
TN30BQ4603,32 Ft XL,2163851750
TN04BB5268,32 Ft XXL,902512755
MH46BB6795,34 Ft XL,4100923775
HR55AS4119,32 Ft XL,1375577164
MH12SX3234,32 Ft XL,4100923775
HR47C9816,32 Ft XXL,2746782088
MH15GV1213,32 Ft XL,3226890220
HR47G9027,32 Ft XL,3046828630
TN88U9797,32 Ft XXL,4290163489
BR02GD8133,30 Ft DXL Ft DXL,3401821785
HR55AV3069,22 Ft XL,1843032663
UP43AT1079,26 Ft DXL,3504217824
HR38X1195,32 Ft XXL,629263962
KA51AH4032,32 Ft XXL,2744315801
MH12QW9072,32 Ft XXL,2456361473
HR37E4188,30 Ft DXL Ft DXL,3836262919
UP38T9444,26 Ft DXL,3504217824
HR38V1861,32 Ft XL,4133929115
HR74B5766,32 Ft XL,74648190
HR842342,32 Ft XL,2942734151
HR55AJ9375,32 Ft XXL,1359662681
TN88U7896,32 Ft XXL,786508389
UP53HT0012,32 Ft XL,3914731708
TN54K6566,32 Ft XXL,2788744577
HR841364,32 Ft XL,4289047710
RJ14GP0609,32 Ft XXXL,3310646587
HR67C5118,32 Ft XXL,4145909646
HR47F0139,22 Ft XL,1787105462
MH46BU4978,20 Ft XL,750659902
TS08UB5746,32 Ft XXL,3829683448
NL01AC0842,32 Ft XL,297748916
HR38AC5923,22 Ft XL,4120500801
TN39CE7635,32 Ft XXL,1271043962
PB13BE2824,32 Ft XXL,1.41783E+18
KL42R3564,32 Ft XL,1088326123
TN52K4363,32 Ft XXL,3742945665
RJ07GD8748,32 Ft XXL,657787772
WB76A9534,32 Ft XXL,1134757593
HR58A9608,30 Ft  Ft ,3504217824
MH46BB3141,20 Ft XL,1323381085
MH04LY2041,20 Ft XL,1323381085
DD01R9201,32 Ft XXL,1784565714
PB13BH7577,32 Ft XXL,1.27493E+18
MH04HD8527,20 Ft XL,1862812728
TN58BA5618,32 Ft XL,3573613894
MH14KQ5498,20 Ft XL,3503427431
RJ10GB2112,32 Ft XXL,1384184638
TN39CQ8125,32 Ft XXL,1271043962
HR847929,32 Ft XL,515545083
MH12VT2913,32 Ft XL,3185182714
NL01N0369,32 Ft XXL,1168052891
TN39CX2389,20 Ft XL,604138943
MH12WJ8366,32 Ft XL,2066449745
RJ11GD1291,32 Ft XXL,2358251102
TN02BL9906,32 Ft XL,1.27493E+18
KA51AH8529,32 Ft XL,1.29971E+18
MH23AU5689,32 Ft XXL,2373341846
NL01N3044,32 Ft XL,2861709397
MH12MV0594,34 Ft XL,138203524
HR47D9048,32 Ft XXL,4004548899
RJ32GD4437,32 Ft XL,1993271565
NL01AH1691,32 Ft XL,3104138433
KA593074,32 Ft XXL,599470660
HR55AL7725,22 Ft XL,545764211
MH04KU6284,20 Ft XL,509634398
DL1MA7165,24 Ft XL,4035112810
MH04KU4165,20 Ft XL,1.27493E+18
MH04LQ0336,32 Ft XXL,2811610218
NL01AD8339,32 Ft XL,1763251974
HR55AL8378,22 Ft XL,3556676147
HR38AE8125,32 Ft XL,1995526937
KA51AJ6141,32 Ft XL,2888079100
HR55AL3593,32 Ft XXL,1.27493E+18
HR46D3617,32 Ft XL,2966263659
MH46BF8743,32 Ft XL,4155638782
TN39BT5779,32 Ft XXL,2986204322
RJ32GC4105,32 Ft XL,3778460613
TS07UP1142,32 Ft XXL Ft XXL,1710252432
MH04LE0761,32 Ft XXL,2160159070
RJ14GT0886,30 Ft DXL,3401821785
KA38A0071,32 Ft XXL,1.32646E+18
MH46F5341,20 Ft XL,248122003
HR55AA7647,32 Ft XXL,903693003
TN12AY7473,20 Ft XL,3413902153
NL01AE8142,32 Ft XXL,1.27493E+18
KA51AF9534,32 Ft XL,727275022
MH46BU0348,32 Ft XXL,2160159070
KA52B6532,20 Ft XL,4058790676
HR38X9452,34 Ft XL,955834925
RJ02GD1001,24 Ft DXL,21951928
MH04HD7104,32 Ft XL,2847498919
UP75AT1875,32 Ft XL,982856193
KA01C3813,32 Ft XL,727275022
MP09HH4805,32 Ft XXL,274759906
OD01AF5881,32 Ft XL,3855800101
RJ11GD0729,32 Ft XL,148704376
UP53HT1427,32 Ft XL,807951713
KA01AE9207,32 Ft XXL Ft XXL,4173242757
MH23AU2078,32 Ft XL,3645425668
MH12UM6860,32 Ft XXL,1057721690
HR55AM5819,32 Ft XXXL,1.29422E+18
HR55AH5210,32 Ft XXL,1.27493E+18
NL01AF8906,32 Ft XXL,1425998709
HR55AP9921,32 Ft XL,586056444
HR55AT1150,32 Ft XL,2710583951
RJ32GC7621,32 Ft XL,265122025
TN39CU4937,32 Ft XXXL,1271043962
MH43BX7375,32 Ft XL,1.37249E+18
NL01AF4173,32 Ft XL,1708392131
HR61D2671,32 Ft XL,2403252776
HR38AC5698,34 Ft XL,4239308576
RJ14GR7758,32 Ft XXL,1694409811
MH04HD9054,20 Ft XL,647010840
TN40J3793,32 Ft XXL,2182368667
TN28BH8782,32 Ft XXL,1.29634E+18
RJ52GA6864,32 Ft XXL,3509917328
HR840127,32 Ft XL,1306945947
RJ27GE0177,32 Ft XXL,744933130
HR61C9228,22 Ft XL,2426413888
HR38AB6786,32 Ft XXL,1.35975E+18
RJ52GA4063,30 Ft DXL,3836262919
GJ15AT3354,32 Ft XL,1315523901
MH15HH7773,32 Ft XXL,34139860
WB11E0524,32 Ft XXL,3812551316
NL01AF1393,32 Ft XL,10651475
TN88AZ6577,32 Ft XXL,2488622514
TN01AW7976,32 Ft XXL,1.29308E+18
TN12AR6790,20 Ft XL,3369146299
TN30CC4992,32 Ft XXL,1.27875E+18
MH04JK9501,32 Ft XL,2984689483
TN05CE4453,20 Ft XL,2056925208
RJ32GC2440,32 Ft XL,1.27493E+18
MH14HU7523,32 Ft XXL,1703075374
MH48AY4387,20 Ft XL,1064556465
TN52AA2799,32 Ft XXL,1.37286E+18
TN67BM5647,20 Ft XL,3534123485
GJ01HT1929,32 Ft XXL Ft XXL,3237106679
DD01J9134,32 Ft XL,1.27493E+18
DD01G9668,32 Ft XL,172906540
TN12AQ1967,20 Ft XL,1322360780
MH04JU5106,32 Ft XL,3630080344
NL01AF7885,32 Ft XL,1708392131
HR38W1205,34 Ft XL,4165400860
NL01N1168,32 Ft XL,249240400
PB11CJ3526,30 Ft XXL,2322689137
TN42AD6768,32 Ft XL,3748473302
HR55AT3370,32 Ft XL,3787560362
TN28BK1191,32 Ft XXL,1558903760
HR58C2505,32 Ft XL,3993762366
RJ32GD4254,32 Ft XXL,567798381
MH04HY2856,32 Ft XL,242377121
MP13ZC6218,32 Ft XXL,2104065755
MH14GD1513,32 Ft XL,1266604876
BR02GC9006,30 Ft DXL,3401821785
HR55AH8027,22 Ft XL,1.27493E+18
HR61E2057,32 Ft XL,2215068666
NL01AA0313,32 Ft XL,2006983681
MH46CU1497,20 Ft XL,2215068666
TN28AB9076,30 Ft DXL,3955310130
TN67BQ2485,20 Ft XL,3732034157
HR38AE8717,32 Ft XL,1995526937
MH12MV8256,32 Ft XXL,2670709282
MH04KU2687,20 Ft XL,3671323995
HR55AL4075,32 Ft XL,4112769211
HR55V6545,32 Ft XXL,3234395569
MH04EL4277,32 Ft XXL,1.279E+18
NL01AF0448,32 Ft XXL,1.27493E+18
RJ19GF9627,32 Ft XL,3782819293
RJ14GJ7842,32 Ft XL,1804682592
DD01R9127,32 Ft XXL,1784565714
HR55AQ4255,32 Ft XL,1.27493E+18
MH04LY0407,20 Ft XL,2767863383
HR55AH4130,32 Ft XXL,1.27493E+18
NL01AG7666,32 Ft XXL,2638422073
MH43BX1294,20 Ft XL,2126873029
UP82AT7235,32 Ft XL,1098481868
RJ14GQ2687,32 Ft XL,1142481406
HR61D5106,32 Ft XXL,1.27493E+18
GJ39T2781,36 Ft XXXL,1649101344
RJ52GA7448,32 Ft XXL,3660676724
TN88AY4579,32 Ft XXL,4224789296
KA51AH4890,24 Ft XXL,1.29971E+18
HR47F0799,32 Ft XXL,431439093
RJ14GR6876,32 Ft XL,3240907532
NL01AE8497,32 Ft XL,334477258
HR55AE1425,32 Ft XXL,1168052891
RJ14GQ3205,32 Ft XXXL,3509917328
MH46BU3532,32 Ft XXL,3944964191
PB11DA9891,30 Ft DXL Ft DXL,3364769651
AP03TE0689,26 Ft DXL,3012064984
RJ11GC4130,32 Ft XXL,1.35843E+18
MH43BX0937,32 Ft XXL,1.37249E+18
UP70NT9336,22 Ft XL,255723751
HR38AD9915,34 Ft XXL,1017497294
MH04KU9913,32 Ft XL,2984689483
HR55AK0358,22 Ft XL,3787915751
MH04LQ2407,32 Ft XL,2545997179
NL01AG5142,34 Ft XL,2903670965
HR55AR0464,32 Ft XL,1.3653E+18
MH04LQ2410,32 Ft XL,2545997179
WB05A1219,32 Ft XXL,1080031028
NL01N0569,32 Ft XL,1.27493E+18
KA01AM2782,32 Ft XL,985647945
DD01N9943,32 Ft XXXL,2412338830
MH43BX2385,32 Ft XXL,1.37249E+18
NL01AD8434,32 Ft XL,2994594257
RJ19GF0444,32 Ft XL,2879369852
DD01N9635,32 Ft XL,2000176526
HR47C3432,32 Ft XXL,1.27493E+18
HR47C1644,32 Ft XXL,2316336689
MH46BU9259,32 Ft XL,662067935
RJ32GD5689,32 Ft XL,2463724394
KA51D1021,32 Ft XXL,2606711601
MH14HG8795,32 Ft XL,516269141
GJ06BT9816,32 Ft XL,1595332775
GJ06BT9036,32 Ft XL,1595332775
MH14EM5006,32 Ft XXL,1.27493E+18
HR38AB7686,22 Ft XL,2966546459
DL1MB3037,22 Ft XL,4172470676
KA07B6381,22 Ft DXL Ft DXL,2349801274
MH21BH1917,20 Ft XL,3476864325
MH43BX1696,24 Ft XL,3548634757
HR55AN7950,32 Ft XXL,1.34387E+18
RJ14GQ2684,32 Ft XL,1142481406
WB05A2511,32 Ft XXL,1080031028
HR55AM7654,22 Ft XL,1181632531
GJ03BZ8805,32 Ft XL,2651560669
HR47F4299,20 Ft XL,1256644732
MP09GG4963,32 Ft XL,3769374058
MH46BB5540,22 Ft XL Ft XL,2041711735
RJ52GA7033,32 Ft XXL,1147749398
WB05A4139,32 Ft XL,1080031028
TN01BR2948,32 Ft XXL,386041130
UP82AT4042,32 Ft XL,4141526383
HR47C2867,32 Ft XL,1142481406
NL01L7095,32 Ft XXXL,1.34396E+18
RJ32GD1387,32 Ft XL,3476152141
GJ15AT4809,32 Ft XL,2603292377
NL01AE0230,32 Ft XXL,1.27493E+18
HR55AK4877,32 Ft XXL,3234395569
NL01L4614,32 Ft XXL,1928908399
MH14HG5529,20 Ft XL,238758701
UP13AT5050,32 Ft XL,1614011755
HR39E8676,22 Ft XL,666836289
TN28BJ1159,32 Ft XL,3054172371
NL01AD8729,32 Ft XXL,1.27493E+18
MH46BF3802,32 Ft XXL,3575041082
MH04LE2444,32 Ft XL,200509188
TN39CM3975,32 Ft XXL,1271043962
NL01AC5716,32 Ft XL,1.35908E+18
RJ32GB6899,32 Ft XXL,3425893686
DD01K9142,32 Ft XL,2664821670
NL01AC5687,32 Ft XXL,1.27493E+18
HR47E6787,22 Ft XL,3692257019
RJ23GC8661,32 Ft XXL,1454141714
HR55AP9466,32 Ft XL,435173612
RJ40GA4897,32 Ft XXL,2002687540
NL01AE7450,32 Ft XL,805447376
HR47F9552,22 Ft XL,1192634422
UP81DT9606,30 Ft DXL Ft DXL,2115237033
RJ52GA7032,32 Ft XXL,1147749398
NL01AH8130,32 Ft XL,3731347356
RJ11GC9183,32 Ft XXL,3616626489
HR55AG8177,32 Ft XXL,1.27493E+18
KA22AA0664,32 Ft XL,1338059484
KA52B9205,22 Ft XL,3079259960
UP80DT1397,32 Ft XL,3664210927
PB10HT6587,32 Ft XL,3811649588
RJ32GC3759,32 Ft XXL,1.27493E+18
HR55AL7930,22 Ft XL,1.27493E+18
RJ14GR2791,32 Ft XXL,2741874244
RJ40GA6272,32 Ft XL,2017158087
NL01AD8992,32 Ft XL,1750554841
MH46BU0342,22 Ft XL,2581295655
MH43BP6844,20 Ft XL Ft XL,733085055
NL01AH1013,32 Ft XXL,836748842
TN16E4637,32 Ft XXL,3821008100
MH04GC9145,32 Ft XXL,1.279E+18
NL01AG6322,32 Ft XXL,104505167
RJ40GA0922,32 Ft XXL Ft XXL,236837361
MH16CD7427,32 Ft XXL,4287043369
WB23F4083,32 Ft XXL,1602454663
KA52B4741,20 Ft XL,2493236071
HR55AM9582,32 Ft XL,737029079
TN88K2226,32 Ft XXL,2888086694
HR47D3084,32 Ft XXL,1.27493E+18
GJ01DZ2452,32 Ft XL,1972772919
TN88AZ9596,32 Ft XXL Ft XXL,1135366145
JH10CS9668,20 Ft XL,2525467377
HR69B7382,32 Ft XXL,1.27493E+18
UP74T9033,32 Ft XXL,807951713
KA01AM5267,24 Ft XXL,3299064985
TN40AA2949,32 Ft XXL,1975671423
HR55AL6005,32 Ft XXL,3234395569
MH01DR6427,32 Ft XL,2526486597
HR55U0069,32 Ft XL,3904425606
DD01S9264,32 Ft XXL,3502332986
MH40BL3064,32 Ft XXL,211013498
MH04FJ9106,32 Ft XL,860279656
HR74B7812,32 Ft XL,3957764104
RJ32GD4434,32 Ft XL,1993271565
HR55AA2519,32 Ft XL,671494097
RJ18GC5281,32 Ft XL,1620241690
RJ32GC9157,32 Ft XL,265122025
MH42AQ3313,32 Ft XL,3645425668
HR55AE6385,32 Ft XL,1.34095E+18
UP54T9921,32 Ft DXL,3504217824
MH04MH5911,32 Ft XL,2047696331
MH43Y4752,20 Ft XL,1698960924
HR55AL0601,32 Ft XL,234476758
TN88AZ6379,32 Ft XXL,4224789296
HR55AL7724,32 Ft XXL,1.27493E+18
MH04JU8269,14 Ft XL,173012235
HR55AM4918,32 Ft XL,3672102456
HR55AH9070,32 Ft XXL Ft XXL,1.27493E+18
HR69C7914,32 Ft XL,1369622725
NL01K9317,32 Ft XXL,3876917080
NL01AF0428,32 Ft XXL,1.27493E+18
UP21DT9484,32 Ft XXL Ft XXL,425203139
GJ12BX8556,40 Ft DXL,3106825274
HR69F3077,32 Ft XL,1193937289
NL01AF8603,32 Ft XL,3796565763
RJ14GG6754,32 Ft XXL Ft XXL,2713899092
TN33V7587,20 Ft XL Ft XL,2182368667
HR58D9109,32 Ft XL,435173612
HR55AP6106,32 Ft XXL,3352124933
GJ01KT1406,32 Ft XXL,1355641096
UP15CT4127,32 Ft XXL,2635231371
HR46F5949,32 Ft XL,4220346851
PB13BN5421,22 Ft XL,1173055176
NL01AJ5516,32 Ft XL,2994594257
MH04GC8109,32 Ft XL,4045897604
MH43Y5660,20 Ft XL,2422131527
HR55AK5224,24 Ft XXL,1171116537
HR58C2232,40 Ft DXL,1543606801
HR68B2763,32 Ft XXL,2838899538
TN39CU4474,32 Ft XXL,1271043962
TN34AF8188,32 Ft XXL,3579763307
HR38Z2217,32 Ft XL,2399895960
HR61E9713,32 Ft XL,1.27493E+18
RJ11GD0495,32 Ft XL,2358251102
MH12MV3159,32 Ft XXL,4221398926
HR55AL0421,32 Ft XL,586056444
NL01AF1926,32 Ft XXL,817831524
HR55AR4895,32 Ft XL,539372227
HR55AR2228,32 Ft XXL,1.27493E+18
HR68B2696,30 Ft DXL,3504217824
HR38AB7699,22 Ft XL,554587856
GJ27TD3735,32 Ft XXL,1081292190
RJ40GA6202,32 Ft XXL,572323633
HR47E2592,22 Ft XL,305895973
TN52AA2488,32 Ft XXL,1.27493E+18
RJ23GC6394,32 Ft XXL,4116653121
DL1MA7729,22 Ft XL,2072733907
TN28BD2165,32 Ft XXL,1.3391E+18
TN88AY3399,32 Ft XXL,3707262369
MH04LE5872,20 Ft XL,3294551141
MH46BM9321,20 Ft XL,3726974546
MH46CL9906,20 Ft XL,723912061
HR38AC0126,24 Ft XL,1868373273
WB05A1540,32 Ft XL,1080031028
HR55AA9893,32 Ft XXL,365818776
KA02AD6354,32 Ft XXL,1.29971E+18
UP13AT9394,32 Ft XL,1614011755
WB05A1523,32 Ft XL,1080031028
MH20DE3032,32 Ft XXL,2016006778
HR47E9305,32 Ft XL,4242867162
HR74B5947,32 Ft XL,3646104169
MH46BU4865,32 Ft XXXL,1598732330
NL01AG7327,36 Ft XXXL,533252639
TN88J2095,32 Ft XXL,192806134
NL01AC4860,24 Ft XL,1.27493E+18
HR55AM6557,24 Ft XL,20079860
RJ32GB0340,30 Ft DXL Ft DXL,3836262919
TN52H9619,32 Ft XXL,2346186893
KA01AH4659,32 Ft XL,1.30119E+18
MH14LL8396,32 Ft XXL,3973082517
NL01AA0314,32 Ft XL,900008320
TN52AD1237,32 Ft XXL Ft XXL,1971015617
MH42AQ7778,32 Ft XL,1.27493E+18
HR55AR2092,22 Ft XL,307838769
MH12QG2278,20 Ft XL,2430883353
MH46BU0095,32 Ft XXL,2160159070
RJ05GB4038,30 Ft DXL Ft DXL,2115237033
HR38AH7778,36 Ft XXXL,3238500739
TN88AZ7399,32 Ft XXL,1.41705E+18
RJ14GQQ2234,30 Ft DXL Ft DXL,3836262919
WB05A3016,32 Ft XL,1080031028
MH46CU0289,20 Ft XL,1457254900
TN63BK2745,20 Ft XL Ft XL,1593582009
HR55S7272,32 Ft XL,2023278004
HR55AL4602,32 Ft XXL,1.27493E+18
HR38AE6131,34 Ft XL,3769395729
MH46BF6372,32 Ft XL,1.27493E+18
RJ10GB6167,32 Ft XL,2317916474
UP31BT6422,30 Ft DXL Ft DXL,3364769651
GJ12BZ8042,36 Ft XXXL,361831879
HR47E6638,22 Ft XL,1.27493E+18
HR58B7256,30 Ft DXL Ft DXL,3504217824
TN05CF8727,32 Ft XL,23845928
HR55AL5223,32 Ft XL,945113600
UP70MT6053,32 Ft XXL,919533345
HR58D7005,30 Ft DXL,2818151988
MH04LQ2416,32 Ft XL,2545997179
RJ14GQ0603,32 Ft XL,1.27493E+18
HR55AD9661,32 Ft XL,234476758
MP09GH6642,32 Ft XL,667083889
KA01AL8340,20 Ft XL,773382346
MH04KU4772,20 Ft XL,844649569
MH46BF6095,32 Ft XXL Ft XXL,3268018853
MH43CE0536,20 Ft XL,2126873029
UP23T8715,32 Ft XL,1308705787
HR69B9347,32 Ft XL,2724083759
RJ14GG5425,40 Ft DXL,4255940877
WB05A3996,32 Ft XL,1080031028
UP81DT1463,20 Ft XL,1698857278
RJ32GD3267,34 Ft XL,1029912788
UP14LT7791,22 Ft XL,3967887847
DL1MB1462,22 Ft XL,2875367520
HR55AB1097,32 Ft XXL,365818776
HR55U0704,32 Ft XXL,1085132371
GJ03BY6161,32 Ft XL,3584028481
BR06GE0355,32 Ft XL,1675607123
MH04HD7510,32 Ft XXL,1655424155
TN37EU0959,20 Ft XL,1908930337
HR61D6825,20 Ft XL,1920377779
TN30BH1296,24 Ft XXL,1.41084E+18
MH04KF9363,32 Ft XXL,2546648594
MH04JK1803,20 Ft XL,1.27493E+18
HR55AH7428,22 Ft XL,1.27493E+18
RJ32GC2934,32 Ft XXL,2008158030
NL01Q5946,32 Ft XL,1947522867
MH01DR7196,32 Ft XXL,2526486597
HR39D6885,32 Ft XL,1959428451
KA52A6837,32 Ft XL,927882560
HR38AD8574,34 Ft XL,1886121876
TN11P4683,32 Ft XXL,314997945
TG07T3892,22 Ft XL Ft XL,3310220462
NL01AF1955,32 Ft XXL,844198393
MP09GH0883,32 Ft XL,667083889
HR55Y2207,32 Ft XXL,671494097
TS08UF7950,32 Ft XXL Ft XXL,3176493173
NL01AG2915,32 Ft XL,3731347356
TN12AV2973,20 Ft XL,581693137
HR61E6855,32 Ft XXL,1137992367
JH01EA6449,32 Ft XXL,560318007
TN30BQ0248,32 Ft XXL,1.30983E+18
HR55AG0025,32 Ft XL,3693967299
DD01R9148,32 Ft XXL,1784565714
HR61C7970,32 Ft XL,515545083
RJ11GC5157,32 Ft XXL,2605875108
MH12UM8919,20 Ft DXL,3725966953
WB37D5319,32 Ft XXL,1557107689
KA09D0756,32 Ft XL,928340369
NL01L2477,32 Ft XXL,1.33853E+18
RJ11GB6684,32 Ft XXL Ft XXL,2443481369
MH04HY7087,24 Ft XXL,1629450501
TN28BH3961,32 Ft XL,1621550929
DD01R9556,32 Ft XL,2000176526
MH04JK7277,20 Ft XL,3676234777
TN29CU1166,32 Ft XXL,2488622514
MH47Y1756,24 Ft XXL,1403711368
MH04KU4364,32 Ft XL,573747521
RJ52GA3326,30 Ft DXL Ft DXL,3836262919
NL01AH0046,34 Ft XL,17667683
RJ32GC0067,30 Ft DXL Ft DXL,3836262919
KA51AH3938,32 Ft XL,511547080
WB177768,22 Ft XL,2949079549
RJ52GC1556,30 Ft DXL Ft DXL,3836262919
DL1MA7612,22 Ft XL,1728887769
NL02Q3678,32 Ft XL,1.27493E+18
DN09S9137,32 Ft XL Ft XL,1329651737
HR55AH9811,32 Ft XL,1.36953E+18
HR55AH4542,32 Ft XXL,1.27493E+18
MH11DD4142,32 Ft XXL,4031568064
KA01AP7807,32 Ft XL,3525286002
MH46BM0548,32 Ft XL,1.27493E+18
TN73AJ8607,32 Ft XXL,2817258603
UP54AT0447,26 Ft DXL,3504217824
TN34MB4201,32 Ft XXL,2849360421
TN39CS9689,24 Ft XL,4067552050
MH04KF0538,20 Ft XL,844649569
RJ32GB7226,32 Ft XXL,911290316
TN56K4361,20 Ft XL,1.27493E+18
MH01DR2221,32 Ft XL,2526486597
HR38W8489,32 Ft XL,904969546
TN52H7401,32 Ft XXL,2086535641
MH23AU7072,32 Ft XXL,3991495697
HR65A5884,32 Ft XXL,2322689137
TN45BF3832,32 Ft XXL,1.36054E+18
MH43BP6351,32 Ft XXL,1.37249E+18
HR38V2416,32 Ft XL,1852035702
WB11F0578,32 Ft XXL,1393868493
MH46CL6412,32 Ft XL,2793079243
TN56S2970,32 Ft XL,1579908675
DD01R9701,32 Ft XXL,1784565714
KA01AP1171,32 Ft XL,1312783096
MP04GB1803,32 Ft XL,1.34387E+18
DL1LAG5039,14 Ft XL,3730669309
HR38AC2598,22 Ft XL,989892657
BR02GC8753,30 Ft DXL,3401821785
TN39DB8204,32 Ft XXL,515478671
HR47E8583,22 Ft XL,2191655216
TN56K5547,20 Ft XL,2401929398
MH48CB6740,20 Ft XL,1726747407
HR55AK8597,32 Ft XXL,3648094054
MH46BB8641,32 Ft XL,1938500835
TN33AF8599,32 Ft XL,765680457
HR38AD9738,34 Ft XL,3353596425
MH43BG4940,20 Ft XL,3280944594
TN52J9453,32 Ft XXL,46079408
DL1GC4156,32 Ft XXL,2871796325
HR55AL4975,24 Ft XL,3658889535
HR55AA8444,32 Ft XL,660306089
HR38X3916,32 Ft XXL,1.27493E+18
HR55AC1138,32 Ft XL,660306089
MH02FX8891,24 Ft XXL,1504749533
MH04KU2601,20 Ft XL,200509188
MH40CT1067,32 Ft XXL,761325456
MH04LE7628,22 Ft XL,2845067733
HR69A6632,32 Ft XL,1514143024
TN12Q5380,32 Ft XL,1844041512
MH43CE4885,32 Ft XXL,1.27493E+18
RJ14GG9792,24 Ft XXL,1600643876
NL01AC0099,32 Ft XL,3261373768
TN52AC9571,32 Ft XXL,2881336242
UP14FT1814,32 Ft XL,2993437593
NL01AG2021,32 Ft XL,586056444
HR55AR8589,32 Ft XL,1993271565
WB11F4499,32 Ft XXL,2726999087
HR55AH0519,20 Ft XL,3000356243
HR848658,32 Ft XL,623569956
GJ12BT3712,40 Ft DXL,1608917745
HR61E4153,22 Ft XL,2667832329
TN39CT8919,32 Ft XXL,2743836414
HR55AH4608,20 Ft XL,646781416
NL01AG2498,32 Ft XXL,2254802433
TS07UK4982,32 Ft XXL Ft XXL,3829683448
NL01L6532,32 Ft XXXL,1.34396E+18
HR38AC6619,32 Ft XL,3165174459
MH46BU1484,32 Ft XL,2898468466
TN52F8714,32 Ft XXL,1.27493E+18
TN88K5098,32 Ft XL,810004109
HR55AL5925,22 Ft XL,3693967299
HR55AT6188,32 Ft XL,3484443326
NL01AF7309,32 Ft XXL,1147749398
HR63E3916,32 Ft XL,589435975
HR55AP2051,24 Ft XL,20079860
HR38T6116,32 Ft XL,3002012937
HR55AH7907,22 Ft XL,545764211
NL01AE5775,32 Ft XL,1763251974
HR63D2547,32 Ft XL,3897150789
TN88H8875,32 Ft XXL,2672088652
HR47F3594,32 Ft XXL,1592936837
MH43BG9538,24 Ft XXL,1373687676
HR65A8552,32 Ft XXL,2322689137
NL01L6707,32 Ft XXL,1111699978
HR55AA2849,32 Ft XL,660306089
NL01AB7963,32 Ft XL,1209239541
TN12AR4911,32 Ft XXL,3192085304
TN52AB3599,32 Ft XXL,1.37286E+18
RJ14GK7128,32 Ft XXL,1.27493E+18
RJ32GB7100,32 Ft XXL Ft XXL,3559828165
WB11C6548,32 Ft XXL,3746169806
HR38W3382,32 Ft XL,124847200
MH04KU8515,20 Ft XL,2693016632
MH04LE0122,20 Ft XL,2121125146
MH19CX0354,32 Ft XL,3232674602
HR55AC0524,14 Ft DXL,2107068161
MH12SX9465,32 Ft XXL,1407618984
MH04KU9065,32 Ft XXL,1655424155
HR55AH6665,32 Ft XXL,1.27493E+18
HR55AR4133,32 Ft XL,2219265497
MH14HG4111,22 Ft XXL,508365964
HR55AK6631,22 Ft XL,2859755959
NL07AA4827,32 Ft XL,1181632531
MH04JK0486,20 Ft XL,4130665628
NL01AF0430,32 Ft XXL,1.27493E+18
TN39CQ0806,32 Ft XXXL,1271043962
HR38U2631,32 Ft XL,1303316277
TN28BF9903,32 Ft XL,1.3391E+18
KA01AK3906,20 Ft XL,4239723626
HR55AR6922,32 Ft XXL,3782098726
TN56H3404,32 Ft XXL,1481220492
MH04LQ3912,32 Ft XXL,973970333
TN12M1591,20 Ft XL,1415715704
MH43BX0936,32 Ft XXL,1.37249E+18
NL01Q4059,32 Ft XXL,1.27493E+18
TN28BK8523,32 Ft XXL,3838172000
NL01AD8594,32 Ft XXL,3073606796
HR55AP9690,32 Ft XXL,3234395569
KA52A1717,32 Ft XXL,570434649
RJ11GC0808,32 Ft XXL,3770692317
HR55AL0901,32 Ft XXL,2652687767
TN52AB4977,32 Ft XL,1.29099E+18
RJ14GP5523,32 Ft XL,875504629
KA01AG8334,32 Ft XXL,3695776086
KA52A7929,32 Ft XL,2552905578
HR55AJ5794,22 Ft XL,645486872
MH16DF3200,32 Ft XXL,443752263
HR47D7058,32 Ft XL,10651475
TN12AR1170,20 Ft XL,1081449913
KA09D2497,32 Ft XL,1309433008
TN39DX8922,22 Ft XL,1.30119E+18
MH43BX6808,32 Ft XL,1.37249E+18
MH04LE4696,20 Ft XL,3743058181
MH47AS0143,32 Ft XL,2219697164
RJ14GP6909,32 Ft XL,4164522171
GJ27TD4828,32 Ft XXL,1875281957
NL01AE9534,32 Ft XXL,4065038712
TN05CF9591,20 Ft XL,2056925208
HR55AS0618,32 Ft XL,3104138433
TN33BV3310,32 Ft XXL,530100686
MH04LY9441,32 Ft XL,2407169107
MH04LQ8936,22 Ft XL,612273278
NL01AF1665,36 Ft XXXL,1363389184
WB11F3940,32 Ft XXL,560318007
NL01AG1730,36 Ft XXXL,2059618537
HR38X6128,32 Ft XL Ft XL,469869520
KA51AF6394,20 Ft DXL,1921332508
TN88U9091,32 Ft XXL,1262318557
HR38AA0062,32 Ft XL,1868373273
HR47D0732,32 Ft XXL,858282445
MH12SX4496,32 Ft XXL,3325070755
RJ32GC0813,32 Ft XXL,1.27493E+18
DD02G9590,32 Ft XL,1784742684
HR38X7605,32 Ft XL,894334680
RJ14GQ3032,32 Ft XXL,454874346
WB11F2719,32 Ft XL,923155792
HR47E9836,32 Ft XL,1.27493E+18
HR38W7870,32 Ft XL,1482464153
HR55AE5402,32 Ft XXL,3648094054
MH12VT6951,32 Ft XL,350259233
UP35BT3120,22 Ft XL,2867501786
DL1MA8844,22 Ft XL,1.27493E+18
NL01AF1453,32 Ft XL,956831550
MH43BG5021,32 Ft XXL,1.27493E+18
MH40CT4314,32 Ft XXL,761325456
RJ10GB6665,32 Ft XL,3250227327
HR74B2107,32 Ft XXL,3592248843
KA594165,32 Ft XL,957599466
MH04KU2555,32 Ft XL,2984689483
HR55AM2288,22 Ft XL,2596039234
NL01AF7314,32 Ft XXL,1147749398
RJ14GR8994,32 Ft XL,3630861978
UP23T9951,32 Ft XXL,1475335105
MH04LQ0502,22 Ft XXL,836284049
MH01DR4434,32 Ft XXL,1982357314
RJ14GG8175,32 Ft XL,1660825452
TN54K4969,32 Ft XXL,102061554
HR55AM3668,32 Ft XL,4238104735
GJ02AT0875,32 Ft XL,785393395
UP62CT5087,32 Ft XL,3927071071
HR55AF4897,32 Ft XL,1.3653E+18
GJ12BV6710,40 Ft DXL,1608917745
RJ14GQ2380,32 Ft XXL,3394553267
KA52A8303,20 Ft XL,1272545252
HR38X0960,34 Ft XL,2399895960
MP09HH9325,32 Ft XXL,274759906
RJ14GG2575,32 Ft XXL,267196723
HR38AC9061,34 Ft XL,3216817949
MH14JL3722,20 Ft XL,1251745391
MH04KU5360,32 Ft XXL,1.37247E+18
RJ11GC0037,32 Ft XXL,1.3715E+18
HR55AE0488,32 Ft XXL,3234395569
KA53AB3697,32 Ft XL Ft XL,158821025
RJ14GL6073,32 Ft XL,3261373768
HR55AE5667,22 Ft XL,1.27493E+18
HR61E1929,20 Ft XL,399832033
TN34AF1344,32 Ft XXL,3118939182
TN88AY2891,32 Ft XXL,3483469407
MH05AM2433,32 Ft XL,3561104148
KA01AM1015,32 Ft XXXL,1.28381E+18
TN73Q6316,32 Ft XXL,2456406897
RJ32GB9419,32 Ft XXL Ft XXL,3185270865
RJ14GR7290,32 Ft XL,1320756281
HR55AL2956,32 Ft XXL,1.27493E+18
NL01AF9046,32 Ft XXL,945597649
KA01AM1633,20 Ft XL,1.28381E+18
HR55AR4096,22 Ft XL,3378060670
MH44U6123,32 Ft XXL,3613740523
HR63F7616,32 Ft XL,589435975
RJ11GD0819,32 Ft XL,148704376
NL01N1194,32 Ft XXL,1168052891
KA51AK1300,32 Ft XL,3189752954
HR55AC4876,32 Ft XXL,365818776
DD01P9891,32 Ft XXL,2412338830
MP09HJ7855,32 Ft XXL,1.27493E+18
HR47E1567,22 Ft XL,686997230
NL01AH8231,32 Ft XL,1993271565
UP50BT8488,26 Ft DXL,3504217824
MH04LE3452,20 Ft XL,1083855552
NL01AG5693,32 Ft XL,3914731708
NL01AF2400,32 Ft XL,1.27493E+18
MH04LE5787,20 Ft XL Ft XL,3463696975
TN88K9822,32 Ft XL,2964440504
TN68AK9349,20 Ft XL,134407608
RJ14GR1375,30 Ft DXL Ft DXL,3836262919
UP81ET8078,30 Ft DXL Ft DXL,2115237033
UP47T0999,30 Ft DXL Ft DXL,3504217824
HR58C1597,40 Ft DXL,1543606801
RJ32GA9736,30 Ft DXL Ft DXL,3836262919
MH04LE0798,32 Ft XL,2984689483
NL01AG3246,32 Ft XXL,1618676713
RJ42GA2100,30 Ft DXL Ft DXL,2115237033
BR02GC9666,30 Ft DXL Ft DXL,3401821785
DL1MA9520,22 Ft XL,63792241
GJ06BT6461,32 Ft XL,2975014919
MH04LQ4090,32 Ft XL,3958426423
TN38CX7690,32 Ft XXL,1814415220
HR55AF2077,32 Ft XXL,3648094054
HR38AD0989,34 Ft XL,2399895960
GJ15AT5646,32 Ft XL Ft XL,2769845387
HR47E0768,32 Ft XL,1116160635
HR38X6327,34 Ft XL,955834925
NL01AE9647,32 Ft XL,1492360372
TN34AF4259,32 Ft XXL Ft XXL,2084436014
RJ52GA4889,32 Ft XXL,1.30222E+18
MH43Y8273,32 Ft XXL,954676025
NL10AF1093,32 Ft XL,90395567
HR47D7496,32 Ft XXL,431439093
MH46BU0677,32 Ft XL Ft XL,3019006821
HR55N5277,32 Ft XL,2564492577
KA594193,32 Ft XL,3905849175
HR55S1647,32 Ft XL,2564492577
RJ14GK1022,32 Ft XL Ft XL,875504629
TS07UK5128,32 Ft XXL Ft XXL,3829683448
HR67B3771,32 Ft XXL Ft XXL,2358871651
JH1DCJ7213,20 Ft XL Ft XL,4055689655
HR58A9734,30 Ft DXL Ft DXL,2115237033
HR38S0245,32 Ft XL,1277574383
HR38AE5804,34 Ft XL,1599883026
HR47E2768,22 Ft XL,10651475
MH04LE5089,32 Ft XXL Ft XXL,452302040
TS07UM3449,32 Ft XL Ft XL,3988116661
BR02GA9237,30 Ft DXL Ft DXL,3504217824
PB65BA6893,30 Ft DXL Ft DXL,3504217824
UP43BT1157,30 Ft DXL Ft DXL,3504217824
TN18BH8997,32 Ft XXL,2832708063
HR55AH0124,32 Ft XL,3249855397
MH43BP6246,32 Ft XXL,1.37249E+18
TN24AQ6180,24 Ft XL,3220856299
HR55AK2907,22 Ft XL,20079860
UP54T9776,26 Ft DXL,3504217824
NL01AC2486,32 Ft XXL,1.27493E+18
TN34AX3688,32 Ft XXL,454346142
MH04KU5351,32 Ft XXL,1.37247E+18
HR38W4471,32 Ft XL,1.27493E+18
MH43CE0612,32 Ft XXL,1993271565
MH04GR8141,32 Ft XL,763253440
MH43CE0760,32 Ft XL,2126873029
TN30CY7219,32 Ft XL,2339676427
TN12AE5080,32 Ft XL,3920476974
DD01M9834,32 Ft XXL,2412338830
RJ47GA6333,40 Ft DXL,4255940877
RJ10GB1136,32 Ft XXL,931793188
UP78GT9681,32 Ft XL,3251962340
HR55AV3332,20 Ft XL,206622681
HR38AB6526,32 Ft XL,2275596032
HR845942,32 Ft XL,4289047710
NL01Q3644,32 Ft XL,1.27493E+18
HR38AD9567,32 Ft XL,3811649588
TN34AJ2566,32 Ft XXL,66825914
HR55AL5943,32 Ft XXL,1.29422E+18
HR55AB4896,32 Ft XXL,1.27493E+18
RJ11GC5071,32 Ft XXL,795144702
NL01AF9574,32 Ft XL,3138931512
HR47D7071,32 Ft XXL,1.27493E+18
RJ14GJ9531,32 Ft XXL,3252247496
NL01AG1722,34 Ft XXXL,2059618537
WB178094,32 Ft XXL,1077479138
HR55AE1388,32 Ft XXL,3234395569
RJ32GD4178,32 Ft XL,1076144532
UP21CT5394,30 Ft DXL Ft DXL,2261330358
NL01L6048,32 Ft XXL,1111699978
NL01AF7313,32 Ft XXL,1147749398
TN39CH7005,32 Ft XXL,4073222245
MH12VT4649,20 Ft DXL,3725966953
TN52K3549,32 Ft XXL,1401069750
HR39F1184,32 Ft XL,300477655
UP25FT8817,30 Ft DXL Ft DXL,2115237033
TN36BV7257,32 Ft XXL,1701426074
MH43BP3561,20 Ft XL,2126873029
KA569319,32 Ft XXL,3510105175
UP67AT2415,30 Ft DXL Ft DXL,3401821785
DD01M9806,32 Ft XL,621570612
TN88W6699,32 Ft XXL,1.31636E+18
RJ14GQ7706,30 Ft DXL Ft DXL,3836262919
MH12VT9141,32 Ft XL,641754499
TN88J1766,32 Ft XXXL,3619485752
KA52A9941,32 Ft XL,2552905578
AP03TE6087,32 Ft XXL,626256173
MH01DR7182,32 Ft XXL,2526486597
WB11C7209,32 Ft XXL,2918717195
RJ52GA2318,30 Ft DXL Ft DXL,3836262919
RJ11GB6697,32 Ft XXL,3106031340
RJ52GA2564,30 Ft DXL Ft DXL,3836262919
HR55AE5492,32 Ft XXL,1168052891
TN52J5082,32 Ft XL,2835766306
NL01L7136,32 Ft XXXL,1.34396E+18
HR47D2562,32 Ft XL,1.27493E+18
HP17H4838,14 Ft DXL,130279664
MP09DK9342,32 Ft XXL Ft XXL,3706224517
TN52AA9877,32 Ft XXL,1.27493E+18
TN52AC8088,32 Ft XXL,1.27493E+18
DL1LY9241,19 Ft XL,4005802236
TN93F1198,32 Ft XL,1.31557E+18
TN54K6777,32 Ft XXL,1.37523E+18
NL01AH8759,32 Ft XL,3003097865
RJ11GC3623,32 Ft XXL,1202718309
MH14GU1529,32 Ft XXL,3194110022
HR55AG2521,32 Ft XL,586056444
KA568389,32 Ft XXL,3989311611
HR38AA8650,34 Ft XL,2073244875
HR38Z9287,32 Ft XXL,1277574383
HR55AL4049,22 Ft XL,2859755959
KA51AK1828,32 Ft XXL,3189752954
NL01AE8612,32 Ft XXL,1.27493E+18
HR56B8644,40 Ft DXL,2901472048
RJ01GB5863,30 Ft DXL Ft DXL,3836262919
KA52A4365,32 Ft XXL,2952713397
NL01AH4230,34 Ft XL,611100283
RJ11GB8474,32 Ft XXL,3106031340
GJ01HT4761,32 Ft XL,133396775
HR55AP3683,22 Ft XL,1559852545
MH04KX9590,32 Ft XL,2439808669
HR38AD8366,24 Ft XL,1816174169
MH04JU8129,32 Ft XL,1793510137
MH43BX8391,32 Ft XL,1.37249E+18
TN03AA4801,32 Ft XXL,37099671
MH20EG4801,32 Ft XL,3993505753
HR38AC2749,32 Ft XL,1599883026
GJ01DY7007,32 Ft XXL,1979086548
MH04LY3476,20 Ft XL,159067077
TN88U1494,32 Ft XXL,4141229987
HR38AF1398,32 Ft XL Ft XL,531682090
NL01AH1702,32 Ft XL,3104138433
HR55S9771,32 Ft XXL,3485490390
GJ06BV6259,32 Ft XL,2707320324
MH26BE9884,32 Ft XL,757397526
MH40CT1991,32 Ft XXL Ft XXL,761325456
MH23AU2196,32 Ft XXL,3175930939
KA03AL0400,20 Ft XL,1893840531
HR38AD2439,32 Ft XL,2275596032
NL01AC7843,32 Ft XXL,4188999819
KA51AJ2441,32 Ft XL,3189752954
HR55AJ8322,32 Ft XXL,1.27493E+18
NL01AC8508,32 Ft XL,2897610068
MH14HU0660,32 Ft XL,3268018853
HR55AK3478,32 Ft XL,2463724394
TN28BH9457,32 Ft XXXL,2552110340
HR55AA6362,34 Ft XL,955834925
HR55AM5022,32 Ft XXL,1.27493E+18
MH40CM8552,20 Ft XL,2898795827
HR47F5595,32 Ft XL,333107655
RJ11GC8851,32 Ft XXL,200543409
MH12QG3213,34 Ft XL,3588927568
MH43BX8048,32 Ft XL,1.37249E+18
GJ15UU4149,32 Ft XL,4045897604
NL01Q1650,32 Ft XL,1.30119E+18
TN48BU7970,32 Ft XXL,565120364
PB13BE8148,32 Ft XL,2219265497
MH14GU0536,32 Ft XL,2671813342
TS07UL6333,32 Ft XXL,1.34126E+18
MH43CE0534,20 Ft XL,2126873029
MH12QW6960,32 Ft XL Ft XL,1621011013
KA01AJ0019,20 Ft XL,1.28381E+18
HR55AL4207,20 Ft XL,818100544
HR38AD8662,24 Ft XL,1816174169
AP39UA6975,32 Ft XL,3833289463
MH43BX3604,32 Ft XXL,1.37249E+18
HR38AC4581,32 Ft XL,1868373273
HR38AD9133,34 Ft XL,2416480535
NL01N0313,32 Ft XXL,1355641096
NL01AE7909,32 Ft XXL,1.27493E+18
NL01AG0014,32 Ft XXL,2638422073
HR38X1906,20 Ft XL,2715031614
HR55AH7821,22 Ft DXL,2374041767
MH04LQ0130,32 Ft XL,2127818749
HR74B6108,32 Ft XXL,1790840599
TN28BK9829,32 Ft XXL,136020093
TN39CD6156,32 Ft XXL,323459641
RJ32GC9317,32 Ft XL,328095844
HR55AM5173,32 Ft XXL,2657042234
MH12VF9048,32 Ft XXL,1366673512
RJ32GD3660,32 Ft XL,55357086
TN12AX2497,32 Ft XL,447128245
RJ14GR3394,32 Ft XL,124939735
RJ52GA7117,32 Ft XL,3829863930
HR55AM3600,20 Ft XL,646781416
NL01AA4681,32 Ft XL,3296089010
RJ14GL0929,32 Ft XXL,1960184221
HR38U8753,32 Ft XXL,680015610
BR03GB6840,32 Ft XXL,2158874376
HR55AF8039,32 Ft XL,2153189426
NL01AF9842,22 Ft XXL,3421384006
MH43BP6359,32 Ft XXL,1.37249E+18
WB05A3094,32 Ft XL,1080031028
HR38V0118,32 Ft XL,374678490
TG12T2644,32 Ft XL Ft XL,2904170378
TN28BK1625,32 Ft XXL,3085236473
MH04LQ9821,20 Ft XL,1749572676
MH04HY3476,24 Ft XXL,252213677
HR55V2902,32 Ft XL,4276487451
HR55AQ9719,22 Ft XL,3342465893
HR47F2428,32 Ft XXL,1.29422E+18
UK06CB6799,32 Ft XL,1.27493E+18
HR38AB0984,34 Ft XL,2399895960
TN46W1769,20 Ft XL,106075174
WB11D5585,32 Ft XXL,1077479138
KA51AF9162,32 Ft XL,3525286002
NL01AG0580,34 Ft XL,17667683
HR38AE4275,34 Ft XL,2399895960
MH12RN0718,32 Ft XL,3543038328
TN28BH6669,32 Ft XXL,2510445634
RJ10GB6555,32 Ft XL,2809570975
HR55AK2291,32 Ft XXL Ft XXL,1.27493E+18
HR38V4835,34 Ft XL,4281343464
RJ14GP8514,32 Ft XL,3874504844
HR55AE3395,32 Ft XXL,1.34095E+18
HR45B9717,40 Ft DXL,3504217824
HR55Y0412,32 Ft XXL,3648094054
MH12VT2705,32 Ft XL,3185182714
TN39DZ5166,20 Ft XL,314753784
JH12G0511,32 Ft XXL,4172966421
RJ32GC9399,32 Ft XL,3759915411
NL01Q9922,32 Ft XXL,2459640882
HR73A0722,32 Ft XXXL,1.31314E+18
MH46AR5210,32 Ft XXL,163511175
WB177325,32 Ft XL,2784881070
RJ11GC0448,32 Ft XXL,1.35843E+18
HR38Z9296,32 Ft XL,4239308576
UK06CB9961,32 Ft XXL Ft XXL,657781817
MH12VT9041,32 Ft XXL,641754499
WB05A3219,32 Ft XL,1080031028
MH04GR0054,32 Ft XXL,3862635773
KA52A2871,32 Ft XXL,570434649
HR38Z2040,34 Ft XL,2399895960
RJ32GC0240,32 Ft XXL,1.27493E+18
HR69E8838,32 Ft XXL,3300087504
NL01AB8993,32 Ft XXL,4230441393
MH44U2947,32 Ft XXL,1884815561
TN30CD1228,20 Ft XL,2788239455
HR55AH1613,32 Ft XXL,1.27493E+18
KA567363,32 Ft XXL,2703128302
DD01U9589,32 Ft XL,331448179
MH43BX8045,32 Ft XL,1.37249E+18
HR55AL7003,32 Ft XL,515545083
GJ12BW7510,40 Ft DXL,1608917745
RJ14GK0215,32 Ft XXL,4004548899
TN52L3439,32 Ft XL,1.29099E+18
UP21CN0255,32 Ft XL,2534475699
UP37AT7738,14 Ft DXL,2197317096
RJ11GB6696,32 Ft XXL,3106031340
HR55W4482,32 Ft XXL,3965294519
TN33AR0199,32 Ft XL,765680457
TN02BT7030,20 Ft XL,240746177
MH04MH5912,32 Ft XL,2047696331
MH12TV6815,20 Ft XL,163662848
HR55AE7364,32 Ft XXL,3648094054
HR61E1849,32 Ft XL,936180188
OD01K7926,32 Ft XXL Ft XXL,1780175474
KA52B5365,20 Ft XL,3162527588
MH14JL9476,32 Ft XL,1.27493E+18
DD01T9392,32 Ft XXXL,558217398
HR38AC7606,32 Ft XL,1599883026
MH04LQ4089,32 Ft XL,3958426423
MH43BP5296,32 Ft XXL,1.37249E+18
MH04GR6730,20 Ft XL,3254655880
HR38W1191,32 Ft XXL,1297437708
HR38AD9048,20 Ft XL,2974242664
MH43BX0788,32 Ft XXL,1.37249E+18
RJ32GD8166,32 Ft XL,356233306
HR55U3924,32 Ft XXL,1.27493E+18
GJ39T0846,32 Ft XXXL,1649101344
MH04KU9917,32 Ft XL,2984689483
NL01AD7634,34 Ft XL,3731347356
HR55AR4897,22 Ft XL,20079860
TN58BA5640,32 Ft XL,3573613894
GJ15AV8241,32 Ft XL,1023262323
UP23T3216,32 Ft XXL,1475335105
DL1LAG8867,14 Ft XL,794937755
MH46BF1146,32 Ft XL,2867748673
MH04HD3874,20 Ft XL,1259620876
PB03BC8875,40 Ft DXL,2818151988
NL01AA6890,32 Ft XXL,1080800009
WB19L7690,32 Ft XL,4108083635
HR55AA4193,34 Ft XXL,1065690193
HR47F4225,32 Ft XL,3097805495
BR01GM2658,32 Ft XXL,1918404566
TS06UE1833,32 Ft XL,2402718045
HR66A3461,32 Ft XXL,823897004
HR38U7323,34 Ft XL,1017497294
CH01TB4839,32 Ft XL,2838899538
NL01AD9668,32 Ft XL,1763251974
NL01AG2195,32 Ft XXL,1407618984
GJ12BZ8257,36 Ft XXXL,361831879
KA32C8129,24 Ft DXL,3954209148
NL01AC2487,32 Ft XXL,1.27493E+18
NL01AF8599,34 Ft XL,1046286026
MH04HY7562,20 Ft XL,2352433594
HR55AL3686,32 Ft XL,2211193487
DD01M9402,32 Ft XXL,3502332986
HR55AJ0612,32 Ft XL,2058958247
TN28BJ4577,32 Ft XXL,1579060235
HR63F1676,32 Ft XL,589435975
HR55AD4707,32 Ft XXL,1113862624
TN88AZ5256,32 Ft XXL,3454225073
HR55AT8322,14 Ft XL,3378674383
KA51B3359,32 Ft XXL,3517986486
MH04LQ3704,32 Ft XL,1470923263
NL01AF8039,32 Ft XL,3731347356
RJ32GC7254,32 Ft XL,265122025
MH43CE3827,32 Ft XXL,724297732
NL01Q6360,32 Ft XXL,857428917
TN88L2418,32 Ft XXL,3197541102
TN28BK9599,32 Ft XXL,1228220898
HR46C0007,32 Ft XL,1317484428
NL01AJ1067,34 Ft XL,452822025
MH48AY1662,20 Ft XL,3985273770
MH46BM9075,32 Ft XXL,2160159070
HR55AB1210,32 Ft XXL,1278112351
UP42CT2364,32 Ft XXL,3811649588
MH01DR6413,32 Ft XL,2526486597
GJ12BZ8332,36 Ft XXXL,361831879
KA53AB1233,20 Ft XL,906062499
RJ32GC3060,32 Ft XL,3449106549
HR55U4328,32 Ft XL,3000356243
UP21CN6808,32 Ft XL,940576429
HR55V9271,32 Ft XL,267942975
HR55AB2277,32 Ft XXL,3648094054
HR55AK3875,22 Ft XL,3556676147
TN42AL2644,32 Ft XL,1192105539
MH14LL1423,20 Ft XL,1828109459
HR38AB2564,24 Ft XL,1816174169
HR55AF9213,32 Ft XL,1.36953E+18
GJ27X5376,32 Ft XXL,1605934791
MH46AR6441,32 Ft XXL,3155699385
TN52AB3344,32 Ft XXL,1.37286E+18
MH40CM4303,32 Ft XL,761325456
TN56R1875,20 Ft XL,1579908675
RJ09GD6633,32 Ft XXL,1540944418
HR55AP4888,32 Ft XL,1038921782
PB13AL5406,32 Ft XL,1790754355
TS12UC4599,32 Ft XXL,1617854670
RJ40GA6200,32 Ft XXL,2002687540
TN12AR4005,32 Ft XL,4225747090
KA09D2442,32 Ft XL,928340369
UP42BT2812,32 Ft XL,4030351932
UP25ET1107,32 Ft XXL,646159602
DD01S9129,32 Ft XL,1121804932
RJ14GR1131,32 Ft XL,2733533833
HR47E2969,32 Ft XL,1605158021
HR55X9112,32 Ft XXL,2746782088
MH04JK5704,32 Ft XL,230959513
HR38Z9255,20 Ft XL,2528441701
RJ21GD1410,32 Ft XL,3955957614
MH43BX7001,32 Ft XL,1.37249E+18
TN88AZ6779,32 Ft XXL,880120454
MH04GR5946,32 Ft XL,2753562616
RJ10GA8143,32 Ft XL,1127346228
HR55T2201,32 Ft XL,1.36953E+18
NL01K9962,32 Ft XL,3947685339
TN88J1455,32 Ft XXL,762113883
WB11C7208,32 Ft XXL,3876917080
WB15B6449,20 Ft XL,3281644032
MH04LY3794,20 Ft XL,2462877883
MH04LQ3705,32 Ft XL,1470923263
MH04LQ3564,32 Ft XL,3148384316
GJ01KT2911,32 Ft XL,1890888828
RJ14GP1848,32 Ft XXL,1203814478
KA01AP0861,32 Ft XL,2062158598
TN12AA4333,20 Ft XL,578101994
MH04LY3327,20 Ft XL,1489413946
HR55AF4277,32 Ft XXL,3648094054
HR38AA7985,34 Ft XL,2399895960
KA52B3627,20 Ft XL,1850084718
RJ32GD2501,32 Ft XL,22864725
HR55AM4212,32 Ft XXL,2657042234
NL01AF0431,32 Ft XXL,1.27493E+18
HR55AL4454,32 Ft XL,3672102456
MH04KU2925,20 Ft XL,712439304
HR55AN3177,32 Ft XL,435173612
HR55AL2361,32 Ft XL,2971335053
MH16CD3200,32 Ft XXL,443752263
HR63E2847,22 Ft XL,1.27493E+18
MH04KU2346,20 Ft XL,2776392908
NL01AB1696,32 Ft XXL,694678537
GJ12BY0502,36 Ft XXXL,1649101344
HR67B7356,32 Ft XXL,2864008482
KA52B3902,22 Ft XL,1436605487
NL01L8101,32 Ft XXXL,1.34396E+18
NL01AD5075,32 Ft XXL,2814645832
GJ03BZ2701,32 Ft XXL,3743033705
RJ10GB1317,32 Ft XXL,3557494937
NL01N3748,32 Ft XXL,3690627169
DD01U9218,32 Ft XXL,1473081180
MH04JU8794,32 Ft XL,1036596673
HR38AE1762,32 Ft XL,1847991693
MH40CT0145,32 Ft XL,761325456
HR38AC3860,34 Ft XL,3216817949
MH14LB4644,32 Ft XXL,1.27493E+18
TN88U9084,32 Ft XXL,3160051068
WB177506,32 Ft XL,2859474918
TN28BP4725,32 Ft XXL,368904682
RJ11GC3153,32 Ft XL,4068497548
NL01AG6304,32 Ft XL,2914938575
UP53DT7878,30 Ft DXL,2818151988
HR55AM4114,32 Ft XXL,2657042234
GJ15AV4230,32 Ft XL,3232857736
MH14FT3788,20 Ft XL,2624524510
TN88E7016,32 Ft XL,1845246440
NL01AG7569,32 Ft XL,2987538006
KA51AG5684,32 Ft XXL,1018062385
KA51AK7204,32 Ft XL,268789533
MH43CE0585,32 Ft XXL,300477655
MH04EL5016,20 Ft XL,1866283811
MH12SF6475,32 Ft XL,2914938575
CH01TB9818,32 Ft XXL,2838899538
RJ14GQ4330,32 Ft XL,2127721005
HR55AL7168,32 Ft XXL,4155498689
UP14QT5543,22 Ft XL,2847125317
HR65B8671,32 Ft XXL,2523575791
TN18BD2416,20 Ft XL,1908930337
PB13BF2056,32 Ft XL,1465905406
TN39BR6571,32 Ft XXL,1.27493E+18
TN52L3467,34 Ft XL,1.29099E+18
TN30CB6905,32 Ft XXL,1.27493E+18
MH04HD7991,32 Ft XL,1763251974
TN88U5225,32 Ft XXXL,1578350948
RJ01GC4356,34 Ft XXXL,3298518857
HR47E6914,22 Ft XL,3045747213
CH01TB9767,32 Ft XXL,2838899538
HR39E0873,40 Ft DXL,1669089
MP09GH4086,32 Ft XL,667083889
NL01N3996,32 Ft XL,1179273343
KA04AD8374,20 Ft XL,1588812120
MH12PQ8289,32 Ft XXL,1761699288
GJ15AV6780,32 Ft XL,1002224970
NL01AE7217,32 Ft XXL,1.27493E+18
TN39DB2212,20 Ft XL,1067612043
NL01AG0516,32 Ft XL,4186992177
MH04LE6586,32 Ft XL,3276937431
TN39CE3246,32 Ft XXL,3676358555
MH46BM2481,32 Ft XL,3178848370
GJ23AT5717,32 Ft XL,3118177014
HR55X5104,32 Ft XL,208449432
RJ11GB8945,32 Ft XXL,1316824320
RJ32GD8230,32 Ft XXL,3185270865
HR55AC2060,32 Ft XXL,3648094054
TN88H7184,32 Ft XXL,220251445
RJ32GC9800,32 Ft XXL,1.31314E+18
TN28BK7859,32 Ft XXXL,3866469034
UP78KN3127,32 Ft XXL,3053775769
MH46AR2506,32 Ft XL,1323381085
HR55AP0757,24 Ft XL,20079860
NL01AG0458,34 Ft XXXL,2059618537
TN05CT1805,32 Ft XL,1589743609
RJ14GP8099,32 Ft XXL,4005448948
MH40CD6570,20 Ft XL,2322831403
TN42AD1291,32 Ft XXL,2510445634
MH04KF9389,32 Ft XXL,66625116
KA52A9577,32 Ft XXL,3412122143
UP16HT4285,32 Ft XL,3770692317
RJ32GD1388,32 Ft XL,3476152141
HR55AJ5482,32 Ft XL,2058958247
HR55AE0516,32 Ft XXL,1.34095E+18
RJ47GA4762,32 Ft XXL,2532614300
MH04LE0595,20 Ft XL,2121125146
HR61D0019,32 Ft XXL,202022680
HR55AK1649,22 Ft DXL,2712814379
WB23G0827,32 Ft XL,705899548
HR38AC1284,34 Ft XL,3216817949
TN88U7700,32 Ft XXL,2277738971
MH24BW5799,32 Ft XXL,4291984018
HR47D0208,32 Ft XL,3913189814
MP09HH5756,32 Ft XXL,2884360290
HR55AJ3060,20 Ft XL,3000356243
MP04HE5185,32 Ft XXL,4093767920
MH14EM8190,32 Ft XXL,1.27493E+18
MH04JU4575,32 Ft XXL,3340806020
NL01AD5269,32 Ft XL,1708392131
RJ32GC5414,32 Ft XL,3957764104
HR69D7229,32 Ft XXL,2746782088
HR55AH4991,32 Ft XXL,1.27493E+18
DL1MA6869,22 Ft XL,3406955461
HR38AF4759,34 Ft XL,4023146082
TN88L2566,32 Ft XXL,88100822
TN36BV6246,32 Ft XXL,730313617
DL1MA8252,22 Ft XL,2365756025
WB05A2444,32 Ft XXL,1080031028
HR55AL1153,32 Ft XL,234476758
HR66B1903,32 Ft XXL,823897004
TN924972,24 Ft XL,2595626984
MH12MV3508,32 Ft XL,1431679807
HR55AL1401,32 Ft XL,696965115
RJ14GT2996,32 Ft XL,3139241246
HR55AF8623,32 Ft XL,267942975
MH04JU1104,32 Ft XXL,2984689483
RJ14GQ1255,32 Ft XL,761132796
UP32UN8489,32 Ft XL,902305989
MH03DV9578,20 Ft XL,3340511845
KA53AA6221,32 Ft XL,2925592921
HR55AK8870,32 Ft XXL,1.27493E+18
GJ12BZ0726,40 Ft DXL,1199572047
KA568743,32 Ft XXL,2575114425
HR55AL3423,32 Ft XL,2325798148
KA09AA0429,32 Ft XXL,1.29034E+18
HR55AM9037,32 Ft XXL,1.27493E+18
UP78HT2427,32 Ft XXL,3053775769
RJ32GD3269,34 Ft XL,1029912788
NL01AD8847,32 Ft XXL,1.27493E+18
TN88L7097,32 Ft XXL,2291163901
TN28BJ9842,32 Ft XXL,368904682
MH46BB8468,32 Ft XXL,3939271031
MH43BX1269,20 Ft XL,1370732645
GJ12BZ8063,36 Ft XXXL,361831879
HR55AF7977,32 Ft XXL,3648094054
HR55W9216,32 Ft XXL,2117522071
RJ14GQ3637,32 Ft XXL,540035543
HR38AB4145,32 Ft XL,3117296538
TN30CX6511,32 Ft XXL,1.41813E+18
TS08UJ3484,32 Ft XL,3164210946
MH46BU7485,32 Ft XL,2321627227
TN36BS0358,32 Ft XXL,12546475
RJ32GC8016,32 Ft XL,2594083566
HR55AK7183,32 Ft XXL,3234395569
RJ14GT6969,32 Ft XL,2778726045
NL01AC8649,32 Ft XXL,1191498657
RJ11GC8474,32 Ft XXL,1.33805E+18
TN39CT1789,32 Ft XXL,2557433218
HR55X2316,32 Ft XXL,1.27493E+18
GJ12BZ8382,36 Ft XXXL,361831879
TN39CR0024,32 Ft XXL,1271043962
RJ32GC8429,32 Ft XL,2827959789
NL01AG2657,36 Ft XXXL,2059618537
MH04MH2591,22 Ft XL,1530629691
RJ14GF8434,32 Ft XL,2783829460
HR47E1767,22 Ft XXL,1271704652
MH04JU5738,20 Ft XL,2255109508
UP66T7812,32 Ft XXL,3979395035
HR55AL7102,32 Ft XL,2072733907
MH04LY0177,32 Ft XL,2138848803
KA22D9039,20 Ft XL,3065498193
NL01AD0508,32 Ft XL,3155944960
TS08UJ1479,20 Ft XL Ft XL,546491409
TN66AP0531,24 Ft XL,693862358
GJ01KT3119,32 Ft XXL,3805031758
GJ12BX3868,40 Ft DXL,3106825274
WB05A1646,32 Ft XL,1080031028
HR55AK5759,32 Ft XXL,3234395569
KA01AN1695,32 Ft XXXL,3471781387
HR55AS7617,32 Ft XL,1.27493E+18
MH04JU2445,20 Ft XL,2816474766
MH05EL8689,32 Ft XL,1283746260
MH14LB8611,32 Ft XXL,508365964
KA01AM8032,32 Ft XXL,4079357729
DD01Y9814,32 Ft XXL,3502332986
UP74T4804,34 Ft XL,2399895960
MH42AQ5289,32 Ft XXL,3216691028
TN36BV6330,32 Ft XXL,730313617
HR67C3347,32 Ft XXL,4145909646
MH12LT9164,32 Ft XL,250929381
NL01AA6951,32 Ft XL,1288404065
MH04HY6098,32 Ft XL,3656125104
GJ12BX7962,36 Ft XXXL,1649101344
HR55V4860,32 Ft XXL,4047393824
TN88H1206,32 Ft XL,1.3945E+18
CH01TB6055,32 Ft XXL,2838899538
NL01AG8135,32 Ft XL,949846854
HR47E8981,32 Ft XL,1.27493E+18
RJ14GT3893,22 Ft XL,925660038
RJ14GP0525,32 Ft XXL,3509917328
KA09AA7446,22 Ft DXL,502892459
HR55AB5629,32 Ft XL,2440024458
MH04KF0507,20 Ft XL,4082660028
MH46BM2747,32 Ft XL,3178848370
TN52J9104,32 Ft XXL,3052808029
MH14JL5103,34 Ft XL,2543797088
HR55AQ9687,32 Ft XXL,1.27493E+18
NL01AC5431,32 Ft XL,1.31558E+18
TN52AB4004,32 Ft XXL,1.37286E+18
TN10BU1042,20 Ft XL,379120559
HR55AV2584,32 Ft XL,2463724394
NL01L8796,32 Ft XXL Ft XXL,426679704
NL01AG5590,32 Ft XL,2914938575
GJ36V0242,32 Ft XL,2791720922
MH03DV3532,22 Ft XL,3051829396
HR55AT8735,32 Ft XL,3234395569
NL01AB6242,32 Ft XXL,1.28455E+18
RJ52GA6905,34 Ft XL,2883532998
UP50CT4561,32 Ft XXL,855381175
HR55AC2066,32 Ft XXL,1.34095E+18
TN28BH4284,32 Ft XXL,3605539882
MH46BU9659,20 Ft XL,238116459
HR38AD1950,34 Ft XL,1017497294
MH43Y0974,20 Ft XL,856062481
DL1MA6378,22 Ft XL,1369911795
CH01TB3593,32 Ft XL,2838899538
NL01N0367,32 Ft XXL,1168052891
MH04LQ3922,32 Ft XXL,973970333
UP54AT0219,26 Ft DXL,3504217824
HR38AF0327,32 Ft XL,3300148230
HR55AN7208,22 Ft XL,2786914631
MH04LE7574,32 Ft XXL,2055834171
RJ31GC2982,40 Ft DXL,878111222
HR63E3409,32 Ft XXL,589435975
NL01AF5546,34 Ft XL,1065690193
MH04LQ0827,32 Ft XL,2545997179
NL01AA6073,32 Ft XL,1.30729E+18
TN88J9952,32 Ft XXL,2672088652
RJ14GQ1201,32 Ft XXXL,2252146783
DL1MA9713,22 Ft XL,3406955461
MH04LQ9754,20 Ft XL,712439304
TN12J0447,32 Ft XXL,1.27493E+18
TN28BJ9479,32 Ft XXL,3965627099
RJ11GB4759,32 Ft XXL,3832632332
MH04HY2538,32 Ft XL,2753562616
HR55AT8263,32 Ft XL,1873564887
DL1MB1088,22 Ft XL,4093642513
MH04KU1967,32 Ft XL,1036596673
MH48CB0081,32 Ft XXL,4075213069
KA53AA3999,22 Ft XL,724983716
DD01U9226,22 Ft XL,1901375300
NL01AG7669,32 Ft XXL,2638422073
TN25BL2448,20 Ft XL,1102788302
TN54M9293,32 Ft XXL,1.29034E+18
DL1MA7757,22 Ft XL,2072733907
MH48CB7498,20 Ft XL,2709739130
TN23DB3682,32 Ft XXL,1820266515
TN12AR1299,20 Ft XL,4123373749
TN92K1269,32 Ft XXL,4135143263
TN28BH3818,32 Ft XXL,2442941054
DD01K9598,20 Ft XL,1133569185
TN52AC2595,32 Ft XXL,1355866713
NL01AF2511,32 Ft XL,1.27493E+18
DL1LY3879,14 Ft XL,2365756025
TN39CU4889,20 Ft XL,2859734248
TN52AC9839,32 Ft XXL,2767191394
TN29CE8005,32 Ft XXL,3089520401
RJ14GQ5120,32 Ft XXL,124184792
MH04LQ6875,32 Ft XL,1126085733
HR55AE5405,32 Ft XXL,1.34095E+18
HR61D3052,32 Ft XL,9010554
HR38AB9864,22 Ft XL,3251427046
TN88K6737,32 Ft XXL,37099671
NL01AE1629,32 Ft XXL,61954086
UP82T4913,32 Ft XL,2144596399
MH46CL0897,32 Ft XL,1938500835
HR55AJ0848,32 Ft XXL,817831524
WB05A3970,32 Ft XL,1080031028
MH04KU7997,32 Ft XL,242377121
HR55AM2021,22 Ft XL,2124614750
MH04JU3742,32 Ft XXXL,1882953237
TN52L5941,32 Ft XXL,1.37286E+18
DD01L9618,32 Ft XXL,1.27493E+18
MH12VF6568,20 Ft XL,2046209108
MH46BU7790,32 Ft XL,4155638782
MH04GR8683,30 Ft XXL,4279831489
KA52B3098,20 Ft XL,773382346
RJ14GL9792,32 Ft XL,805447376
MH05DK8067,20 Ft XL,4271677758
MH43Y6094,32 Ft XL,1.27493E+18
TN39CM9227,32 Ft XXL,3145471621
MH43BX0916,32 Ft XXL,1.37249E+18
KA01AG8017,32 Ft XXL,1.29677E+18
TN88L3565,32 Ft XXXL,2262956076
DL1MA5176,20 Ft XL,1497994522
TN85Q2244,32 Ft XXL,1.31421E+18
TN24AQ6050,32 Ft XXL,1.41813E+18
HR55X5614,32 Ft XL,3672102456
KA51B7587,32 Ft XXL,902512755
RJ53GA0434,32 Ft XL,4183151077
HR38AE0560,34 Ft XL,3158106272
TN54W7031,20 Ft XL,3364258089
GJ06BT4907,32 Ft XL,104156937
TN88AZ3739,32 Ft XXL,1.38545E+18
DL1MA8900,22 Ft XL,3453772077
MH04HD8431,32 Ft XXL,2718661616
NL01AB2355,32 Ft XXL,1168052891
MH04JK0475,20 Ft XL,242377121
MH46BF8319,20 Ft XL,839921224
MH40CM8962,20 Ft XL,2898795827
HR55AK2925,22 Ft XL,3658889535
DL1MB2604,20 Ft XL,4172470676
MH04LY0855,32 Ft XXL,973970333
WB11D7382,32 Ft XXL,517914104
TN70AL3133,20 Ft XL,1012886214
NL01AC4490,24 Ft XL,1.27493E+18
TN88AY1197,32 Ft XXXL,3328208340
MH43CE4145,20 Ft XL,2126873029
MH04LE3841,20 Ft XL,1034131767
TN20DA7465,20 Ft XL,2541946062
NL01AF3291,32 Ft XXL,2601101007
PB08EJ7529,32 Ft XL,2009703278
MH04LQ8913,32 Ft XXL,3179876767
HR55AH3812,32 Ft XXL,1.27493E+18
RJ52GB0170,32 Ft XXL,3329704728
DL1LAC2509,14 Ft XL,3453772077
DN09R9063,32 Ft XL,2000176526
GJ15AT1892,32 Ft XL Ft XL,3794692242
HR38AE0306,32 Ft XXL,1.41783E+18
DL1LAF9569,20 Ft XL,1007802443
HR55AC2052,32 Ft XXL,1.34095E+18
KA01AJ0026,20 Ft XL,1.28381E+18
TN93E6518,32 Ft XL,4211217743
WB11C4761,32 Ft XXL,1235044206
UP84AT0012,34 Ft XL,894587152
RJ47GA3638,36 Ft XXXL,4255940877
HR55AJ8686,22 Ft XL,3693967299
HR55AT5486,32 Ft XL,3234395569
MH05DK5650,20 Ft XL,2035740689
MH40CM4154,20 Ft XL,3977043161
WB05A0621,32 Ft XL,1080031028
MH46BB1276,32 Ft XL,2321627227
HR38V3916,32 Ft XL,1874062980
HR55AL6103,32 Ft XL,2710583951
HR55AM0316,32 Ft XXL,1.27493E+18
MH46BU0462,20 Ft XL,2321627227
TN28BH6365,32 Ft XXL,1008544192
MH46BM1642,32 Ft XXL,712418492
HR38Y5276,32 Ft XL,756738116
PB13BH9939,32 Ft XL,1116160635
TN28BA8103,32 Ft XXL,792423231
HR62A4281,32 Ft XXL,237880020
NL01AF8162,32 Ft XL,2337111323
NL01AB2134,32 Ft XL,3829863930
HR38W7534,32 Ft XL,250896138
HR55AM7794,32 Ft XL,3000356243
HR55AH9414,32 Ft XL,2637171806
HR68B2673,32 Ft XXL,2838899538
DL1MA7442,22 Ft XL,3035691761
HR55AF5851,32 Ft XL,267942975
UK08CB3030,32 Ft XXL Ft XXL,1761454400
TN39BR1749,32 Ft XXL,4152150427
RJ32GD5393,32 Ft XXL,840849000
HR47F3531,32 Ft XL,1804682592
MH04KU8514,20 Ft XL,2100606868
NL07AA4048,32 Ft XL,1993271565
MH04JU9501,32 Ft XL,242377121
NL01AD0507,32 Ft XL,3155944960
MH04JK8785,20 Ft XL,3413902153
HR55AM4248,32 Ft XL,1.29422E+18
HR38AC5451,32 Ft XL,2858977521
TS08UF7936,32 Ft XXL,3176493173
GJ27TF1547,32 Ft XL,2123430322
TN34Y2823,32 Ft XL,3536538517
KA51AH6584,32 Ft XXL,2782874388
NL01AC0961,32 Ft XL,2250116825
TN39DX7233,32 Ft XXL,2476252738
HR55AK5774,32 Ft XXL,1.27493E+18
MH04LE5658,32 Ft XL,976860774
HR55AL9957,32 Ft XL,815520397
JH02BG5736,32 Ft XL,1957586787
TN52AB8885,32 Ft XXL,1.27493E+18
HR55AT4748,32 Ft XL,680522859
HR55AP6289,22 Ft XL,3335861161
KA02AH9231,20 Ft XL,2599416039
TN52AB4588,32 Ft XXL,1.27493E+18
DD01M9110,32 Ft XL,23061505
NL01AF7062,32 Ft XL,3731347356
DD03P9715,32 Ft XXL,1.27493E+18
RJ10GB2682,32 Ft XXL,1219188435
TN93E5071,32 Ft XL,2899732559
RJ10GB1963,32 Ft XXL,1219188435
NL01AA7922,32 Ft XL,1233510629
NL01AE7910,32 Ft XXL,1.27493E+18
NL01K9318,32 Ft XXL,3876917080
MH46BU4920,32 Ft XXL,929513233
NL01AC0281,32 Ft XL,3525417847
MH48T8109,32 Ft XL,4045897604
NL01AF7845,32 Ft XL,3770692317
GJ07YZ3147,32 Ft XL,2767906500
HR55AM0273,22 Ft XL,1181632531
TN56Q3720,32 Ft XXL,2314125170
GJ12BZ0564,40 Ft DXL,1199572047
RJ14GN2124,32 Ft XL,1.27493E+18
RJ10GB2017,32 Ft XXL,798980989
KA52C1888,22 Ft XL,2142715244
UP16JT2319,22 Ft DXL,4219310550
DL1MA5159,22 Ft XL,3240727430
MH04HD7795,32 Ft XL,2526486597
RJ32GD1047,32 Ft XL,2463724394
GJ12BZ7510,40 Ft DXL,1608917745
MH43CE1116,32 Ft XXL,1993271565
WB05A4101,32 Ft XL,1080031028
TN88J6477,32 Ft XXL,622358456
MH04KU6432,22 Ft XL,1780542669
NL01AB6691,32 Ft XXL,3523648269
HR38AH0853,32 Ft XL,2144723344
HR55AH1225,32 Ft XL,291465903
MH46BU9335,20 Ft XL,2173719893
HR68B1018,32 Ft XXL,2838899538
NL01AF0174,32 Ft XXL,1.27493E+18
RJ11GC1710,32 Ft XXL,1695120916
HR39E8203,22 Ft XL,2658910817
MH12TV6697,34 Ft XL,2066449745
TN37CM3574,22 Ft XL,1.27493E+18
MH05DK6354,32 Ft XL,1283746260
MH20DE3034,32 Ft XXL,3022205886
GJ12BT8708,40 Ft DXL,1477564324
MH40CT4312,32 Ft XXL,761325456
HR55AK3443,32 Ft XL,616191173
HR55AM2463,32 Ft XL,148669732
RJ14GN2483,32 Ft XXL,4005448948
HR63D3818,32 Ft XXL,4047393824
HR55AC9261,32 Ft XXL,2512967465
MH43BX4413,32 Ft XXL,1982357314
RJ14GT2776,32 Ft XXL,124939735
MH04KU6122,32 Ft XXL,2496854578
MH40CM2271,32 Ft XXL,817831524
HR55AH1771,32 Ft XXL,1.27493E+18
MP04HE0965,32 Ft XXL,4093767920
GJ01HT4984,32 Ft XXL,133396775
HR843777,32 Ft XL,718481859
RJ32GC7620,32 Ft XL,265122025
MH04JK1244,32 Ft XXL,1.37247E+18
NL01AE1616,34 Ft XL,611100283
TN86J0235,32 Ft XXL,1.27493E+18
RJ32GC9138,32 Ft XXL,1116160635
TN52AB7199,32 Ft XXL,1.37286E+18
MH04JK5039,32 Ft XXL,4031568064
TN30BB5916,32 Ft XXL,1.36556E+18
NL01AB2051,32 Ft XXL,1675607123
RJ14GP9509,34 Ft XXL,4145909646
RJ14GJ8537,32 Ft XXL,2537749035
RJ10GB6657,32 Ft XXL,1219188435
MH04LW4123,20 Ft XXL,2595308234
TN73AE3004,22 Ft XL,1674579542
HR55AG4598,32 Ft XL,2107068161
MH23AU2191,32 Ft XXL,3175930939
NL01AE8079,32 Ft XL,1810559494
MH04LE6602,24 Ft XL,4111926621
HR46F9871,34 Ft XXXL,3703984338
TS07UE9856,32 Ft XXL,3829683448
HR38W4034,32 Ft XL,1.27493E+18
PB10ES9217,32 Ft XL,2885354458
UP78DT6099,32 Ft XXL,1288597701
MH04HD5094,32 Ft XL,2564900610
KA51AH0219,20 Ft XL,3283949377
TN28BH3093,32 Ft XXL,2420284594
HR38AF7440,32 Ft XL,1993271565
NL01AA8586,32 Ft XXL,2161117233
RJ11GC0446,32 Ft XXL,1.35843E+18
BR02GA8571,30 Ft DXL,3401821785
HR73B6994,22 Ft XL,2048039139
HR55AV7502,22 Ft XL,643629355
HR65A4900,32 Ft XXL,2322689137
WB11F2957,22 Ft XL Ft XL,2296239721
MH04HY4585,20 Ft XL,1973998608
TN52AA3983,32 Ft XXL,1.32425E+18
HR61D4376,32 Ft XL,2187028365
TN28BW7000,32 Ft XXL,3216384452
UP38T4795,30 Ft DXL,2115237033
NL01AH5502,32 Ft XL,163362128
HR38Y8514,32 Ft XXL,1277574383
TN39CM6028,32 Ft XXL,1271043962
KA01AM1697,22 Ft XL,4186992177
MH04LY3218,32 Ft XL,2892536989
UP80GT3617,32 Ft XL,3042525567
MH43BX1288,20 Ft XL,2035777852
HR38AA0121,32 Ft XL,2808252287
DD01N9168,32 Ft XXL,2412338830
HR55AL3935,32 Ft XXL,3234395569
KA21A6087,32 Ft XXL,4110070090
TN52AA0099,32 Ft XXL,1.37286E+18
RJ14GK4170,32 Ft XXL,3313215624
RJ14GP0069,32 Ft XXL,466895083
HR55AL6875,32 Ft XXL,1.27493E+18
RJ11GC1226,32 Ft XXL,2888395657
HR55AC1815,32 Ft XXL,1782813852
HR38AC3579,34 Ft XL,4239308576
MH43Y6809,32 Ft XXL,1982357314
HR74B1146,32 Ft XL,1316849815
RJ14GN7185,32 Ft XL,2005079660
WB05A3943,32 Ft XL,1080031028
GJ12BV5543,40 Ft DXL,1608917745
KA53AB2051,32 Ft XL,778060625
TN22DF4797,20 Ft XL,1.27493E+18
BR02GD3277,30 Ft DXL,3401821785
MH14GU1562,32 Ft XXL,2671813342
MH42AR7855,20 Ft XL,3503617954
HR55AP8171,22 Ft XL,3453772077
MH12UM0865,20 Ft XL,1952041932
UP21CN8526,32 Ft XL,3299054542
HR55AF6840,32 Ft XL,265122025
HR55AG3214,32 Ft XXL,782744564
MH04KU6033,32 Ft XL,3828730693
HR55AD2564,32 Ft XL,208449432
HR47F7551,32 Ft XL,3956481840
KA51AG8236,32 Ft XXL,3267183048
NL01AD8979,32 Ft XXL,1.31389E+18
DN09S9360,32 Ft XL,172906540
HR55AN4769,22 Ft XL,25443168
HR47E8525,32 Ft XXL Ft XXL,1193730341
HR38W5498,32 Ft XXL,1152643775
HR55AJ7261,22 Ft XL,1.35842E+18
MH03EG0886,32 Ft XL,346487133
HR38AG9829,24 Ft DXL,2028375202
TN39CB8254,22 Ft XL,1933192693
HR55AL4886,32 Ft XXL,1.27493E+18
HR38T7087,32 Ft XL,2399895960
RJ14GH6089,32 Ft XL,1.27493E+18
TN52AC7588,32 Ft XXL,1.27493E+18
DL1MB0607,22 Ft XL,1303781298
UP56AT0890,32 Ft DXL,3504217824
HR38AF2210,34 Ft XL,1210061991
HR55AM4253,22 Ft XL,4262854756
MH01DR6411,32 Ft XL,2526486597
TN33BZ4377,32 Ft XXL,3292122617
HR55AN7674,17 Ft DXL,3152392946
JH12J5111,32 Ft XXL,4172966421
HR73A6923,32 Ft XL,1512299865
RJ06GD0074,32 Ft XXL,876196564
HR58B7349,30 Ft DXL,2818151988
HR55AE0850,32 Ft XXL,1.34095E+18
RJ32GD1795,32 Ft XL,356233306
RJ32GD1797,32 Ft XL,356233306
MH40CM2230,32 Ft XL,2962862464
HR55AN2414,32 Ft XL,1590686214
MH04KU9916,32 Ft XL,2984689483
MH04JU7625,20 Ft XL,18476183
DD01Q9913,32 Ft XXL,1784565714
HR38AH8234,34 Ft XL,3908165514
NL01AB0942,32 Ft XXL,1168052891
RJ32GC1442,32 Ft XL,3729315915
RJ14GR2831,32 Ft XL,845964656
HR38AA0799,32 Ft XL,1995526937
WB05A2857,32 Ft XL,1080031028
NL01AB5695,32 Ft XXL,1465082562
HR38AB6792,32 Ft XL,2111733133
MH48AY2117,32 Ft XXL,366655056
NL01AE6908,32 Ft XXL,1.27493E+18
NL01AA7923,32 Ft XL,1233510629
KA02AD5965,32 Ft XXL,1.29971E+18
HR55AH8326,32 Ft XL,267942975
MH04LQ6871,22 Ft XL,3422966385
MH04KF9866,32 Ft XL,3678859715
MH04KU7639,20 Ft XL,263294038
HR38AB6624,32 Ft XXL,3488081982
KA53AB2577,32 Ft XL,3073368300
MH16CD5893,32 Ft XXL,954731846
HR55AC0740,32 Ft XL,2885354458
MH01DR6410,32 Ft XL,2526486597
TN18AU9290,20 Ft XL,3417567565
HR55AT5399,22 Ft XL,20079860
HR55AK8743,32 Ft XXL,1.27493E+18
HR55AL2016,22 Ft XL,3658889535
MH04LQ4582,20 Ft XL,1883232132
RJ32GC9828,32 Ft XL,4127046060
RJ01GC7784,36 Ft XXXL,3298518857
TN23CY9799,32 Ft XL,1.41741E+18
HR55AB5462,32 Ft XL,1868373273
NL01AG7335,36 Ft XXXL,533252639
MH04KU4010,32 Ft XL,573747521
HR38AD2882,32 Ft XXL,1042108344
HR55AH7705,32 Ft XXL,2674354055
GJ18AX9800,32 Ft XL,1234535242
NL01AG4120,32 Ft XL,1.27493E+18
TN28BJ1222,32 Ft XXL,185880506
TN28BH6424,32 Ft XXL,106157341
HR38AF2699,32 Ft XL,3908165514
RJ23GC3264,32 Ft XL,2325798148
NL01AE8253,32 Ft XXL,1618676713
RJ52GB9311,32 Ft XXL,20414419
HR38U0195,34 Ft XL,1017497294
MH12HD6104,32 Ft XXL,1407618984
MH43CE4277,32 Ft XL,4276784851
TN28BK2712,32 Ft XXL,2094080645
DL1MB0472,20 Ft XL,4258461434
MH48CB1191,20 Ft XL,1083855552
HR55AR5779,32 Ft XL,3787560362
GJ01DY7089,32 Ft XL,752912893
HR56B5149,32 Ft XL,2597813754
TN28BK7341,32 Ft XL,1.37437E+18
RJ09GB0729,32 Ft XXL,1.27493E+18
HR55AQ8248,32 Ft XL,1.27493E+18
TN16V4286,32 Ft XXL,739682132
RJ09GB0728,32 Ft XXL,1.27493E+18
HR55AQ7528,32 Ft XXL,1.27493E+18
HR38AE0538,32 Ft XL,512034430
TS08UF8452,32 Ft XXL,1.41812E+18
RJ14GN1949,32 Ft XL,3261373768
TN46X2961,22 Ft XL,106075174
RJ01GC5885,34 Ft XXXL,676113216
NL01AC7037,32 Ft XXL,3456101104
MH04LE5770,20 Ft XL,1593331139
NL01AG9544,32 Ft XL,3104138433
RJ32GD5598,32 Ft XXL,1813276820
NL01AF1454,32 Ft XL,956831550
NL01L6911,32 Ft XXXL,1.34396E+18
MH04KU3706,20 Ft XL,3484041280
MH43BP4782,32 Ft XXL,1.37249E+18
RJ01GC2337,40 Ft DXL,2472847994
MH03CP9757,20 Ft XL,4143037193
TN52J3210,32 Ft XXL,1.37286E+18
RJ14GK3301,32 Ft XXL,1.29422E+18
MH04KU9914,32 Ft XL,2984689483
MH04LE4807,20 Ft XL,2767863383
TN88U8700,32 Ft XXL,2277738971
HR58C9775,40 Ft DXL,2818151988
GJ12BX6207,36 Ft XXXL,1649101344
HR55AN3510,32 Ft XXL,3146373301
HR55AQ1025,32 Ft XL,4112769211
TN52K4461,32 Ft XXL,1118642408
MH15DK5955,32 Ft XL,2952203357
WB05A2874,32 Ft XL,1080031028
UP21AN0645,32 Ft XL,1.27493E+18
HR62A6160,32 Ft XL,2549420806
HR74B9166,32 Ft XXL,1219188435
TN18AV2059,32 Ft XL,3895487410
TN09DE1299,32 Ft XXL,4068831523
RJ40GA2492,20 Ft XL,616191173
MH40CM1208,20 Ft XL,3064508562
TN28BJ3254,32 Ft XXL,3536538517
MH46BF2611,20 Ft XL,3413902153
KA52B6369,22 Ft XL,680838193
TN21BP5524,32 Ft XXL,1579965946
MH12MV6197,32 Ft XL,2938149582
GJ27V9133,32 Ft XL,444046435
HR47C6082,32 Ft XXL,2797242166
MH04LQ6368,20 Ft XL,1357148650
HR55AF3977,32 Ft XXL,3648094054
NL01AF9899,32 Ft XL,3731347356
RJ14GT2450,32 Ft XXL,2128109245
NL01AA2430,32 Ft XL,274759906
TN28BH9649,32 Ft XXL,61479122
NL01Q4673,32 Ft XL,2400238471
HR55AK6570,22 Ft XL,1.27493E+18
RJ14GR3225,32 Ft XXL,3300087504
TS29TB6779,32 Ft XXL,4112484380
NL01AD3321,32 Ft XXL,4065038712
MH49AT7376,20 Ft XL,1636512490
UP70FT9799,26 Ft DXL,3504217824
NL01AB1172,32 Ft XL,1996182883
PB13BE2478,32 Ft XL,1.27493E+18
MH04HD3226,20 Ft XL,1505730134
GJ01JT5784,30 Ft XL,2870844706
NL01AG1721,36 Ft XXXL,2059618537
HR38AG9479,34 Ft XL,183624329
MH04KF7384,32 Ft XL,1647748010
RJ14GQ2086,32 Ft XL,1.27493E+18
MH04KF5526,32 Ft XXL,795547115
MH04LQ4361,32 Ft XL,1470923263
TN23DX7565,32 Ft XL,516468939
NL01AG0455,34 Ft XXXL,2059618537
HR55AE5312,32 Ft XXL,892999977
MH04HD6546,20 Ft XL,1423870850
RJ10GB7681,32 Ft XL,3355589905
GJ12BW7710,40 Ft DXL,1608917745
TN99B1773,20 Ft DXL,1317871552
HR55AL6214,32 Ft XXL,1.29422E+18
HR55AM7004,32 Ft XL,3642497143
WB11D8550,32 Ft XXL,3456101104
RJ21GD3194,34 Ft XXXL,1450163480
RJ14GN1948,32 Ft XL,3261373768
TN34AJ4738,32 Ft XL,3536538517
MH04LQ8456,20 Ft XL,3429163546
RJ32GD3596,32 Ft XL,2463724394
NL01AE3956,32 Ft XL,2994594257
NL01AF1095,32 Ft XL,90395567
TN30BD1210,32 Ft XXL,1.3083E+18
MP13GB2115,32 Ft XXXL Ft XXXL,1168052891
HR38AD2902,34 Ft XL,856211950
NL01AH1703,32 Ft XL,3104138433
HR55AM2693,32 Ft XL,896229230
HR55AG5607,20 Ft XL,4005802236
HR845792,32 Ft XXL,4122073968
NL01AE8615,32 Ft XXL,1.27493E+18
NL01AC0321,32 Ft XXL,674609754
MH04HD1359,20 Ft XL,4171518573
MH40CD7684,20 Ft XL,1951043402
NL01AG6198,32 Ft XXL,1393868493
MH46BU3256,20 Ft XL,3413902153
MH41AU1521,32 Ft XXL,1.29383E+18
KA01AJ8199,32 Ft XL,2062158598
TN52AD4988,32 Ft XXL,1.37286E+18
HR38AC6707,32 Ft XL,1599883026
DD01Q9084,32 Ft XXL,1784565714
NL01AG4595,30 Ft DXL,2115237033
HR55X7801,32 Ft XL,1.36953E+18
HR55AH7853,17 Ft XL,1.27493E+18
KA01AM6343,20 Ft XL,3598520858
TN30BL9257,32 Ft XXL,199731044
RJ52GA6022,32 Ft XXL,1895681445
MH04LY0873,32 Ft XXL,973970333
GJ15AT0619,32 Ft XXL,779853357
MH46BU7439,32 Ft XL,2999718571
TN88AZ3800,32 Ft XXL,2277738971
RJ14GQ8786,32 Ft XXL,2181936324
MP09HH3225,22 Ft DXL,2079706338
HP12J7411,32 Ft XXL,166075944
NL01AB7964,32 Ft XL,1209239541
NL01AB8791,22 Ft XL,1.27493E+18
GJ12BV7977,40 Ft DXL,3361710212
TN88L3103,32 Ft XXXL,3511626596
MH04JU1277,32 Ft XXL,1.27493E+18
GJ05BX1837,32 Ft XL,1429787151
RJ32GD0404,32 Ft XL,2546199617
RJ14GP8437,32 Ft XL,3310646587
MH01DR7197,32 Ft XXL,2526486597
PB13BB2014,32 Ft XXL,834023770
GJ12BX6316,36 Ft XXXL,1649101344
NL01Q2226,32 Ft XXXL,1.34396E+18
UP14LT4666,22 Ft XL,2401196734
NL01AB2443,32 Ft XXL,1.27493E+18
HR55Y0934,32 Ft XXL,3648094054
TN12P1413,32 Ft XXL,3192085304
MH04KU6511,20 Ft XL,162849997
RJ02GC6621,32 Ft XXL,3202025075
NL01AE7363,32 Ft XL,157134406
HR38AA1574,34 Ft XL,3703281834
TN88U8728,32 Ft XXXL,4152150427
HR38AD4053,32 Ft XL,1.27493E+18
HR38AC3215,32 Ft XL Ft XL,531682090
TN37CK3850,20 Ft XL,1.27493E+18
NL01AE6950,32 Ft XXL,1.27493E+18
MH46CL0252,34 Ft XL,3823404355
HR38AC8258,22 Ft XL,2715031614
NL01Q7407,32 Ft XL,1.27493E+18
TN52J2767,32 Ft XXL,1.37286E+18
NL01AF8589,32 Ft XL,1980459104
TN99S2949,20 Ft XL,2788541048
TN88K9797,32 Ft XXXL,4290163489
UP16FT0942,19 Ft XL,2226737947
MH04GR0053,32 Ft XXL,3862635773
HR55AQ1142,32 Ft XL,2594083566
DD01L9376,32 Ft XL,723912061
MH46CL2270,32 Ft XXL,3436619519
DL1MB1419,22 Ft XL,2875367520
TN28BH8732,32 Ft XXL,1.29634E+18
NL01AH5592,32 Ft XXL,1617854670
KA51AJ5431,32 Ft XL,1726171411
HR55AT8389,24 Ft XL,754668218
MP09GH0547,32 Ft XL,667083889
HR55AC1814,32 Ft XXL,1.34095E+18
UP54T9329,26 Ft DXL,3504217824
KA51C7867,32 Ft XXL,902512755
RJ10GB8082,32 Ft XXL,459124687
UP53HT5822,32 Ft XXL,3914731708
NL01N1372,32 Ft XXL,1.27493E+18
HR47C5403,32 Ft XXL,3234395569
HR38AD7328,22 Ft XL,254798499
RJ10GB7673,32 Ft XL,3874504844
TN30BP7891,32 Ft XXL,1.27493E+18
HR55AM0934,32 Ft XXL,1.27493E+18
GJ27TT6901,32 Ft XXL,2547172608
MH04LQ6148,32 Ft XXL,1647748010
PB13AW1270,32 Ft XXL,2322689137
HR38V7345,34 Ft XL,2929007958
RJ10GC0576,32 Ft XXL,1.28515E+18
TN52AC2688,32 Ft XXL,1.27493E+18
HR55AJ7792,32 Ft XXL,1.27493E+18
RJ32GC3591,32 Ft XL,2569825664
TN58AE7861,32 Ft XXL,2006839430
HR55AL5736,17 Ft XL,1.27493E+18
NL01AB2360,32 Ft XXL,1168052891
TN39DY5443,20 Ft XL,3946541699
HR38W5334,34 Ft XL,2144723344
HR55AP4799,32 Ft XXL,2746782088
MH04LY0178,32 Ft XL,2138848803
NL01AF7311,32 Ft XXL,1147749398
HR55AM7247,32 Ft XXL,1.27493E+18
HR55AL4918,32 Ft XL,2710583951
RJ32GC5778,32 Ft XL,602294473
RJ40GA6196,32 Ft XXL,2002687540
NL01AE7598,32 Ft XXL,1.27493E+18
RJ10GB1676,32 Ft XXL,2057164780
HR55AK3399,22 Ft XL,909131034
TN90B3574,32 Ft XXL,1.31302E+18
HR46F7816,40 Ft DXL,615687181
HR55AN2217,32 Ft XL,3961557537
TN31BS6079,22 Ft XXL,3527797965
NL01AC4980,32 Ft XXL,3155944960
HR38Z7628,20 Ft XL,554587856
TN88AY1699,32 Ft XXL,144129327
HR55T6938,32 Ft XL,3000356243
NL01N2548,32 Ft XXL,1355641096
MH04KF2967,20 Ft XL,454815988
MH48CB6739,32 Ft XXL,1726747407
UP70KT9051,32 Ft XXL,461454717
NL01AF5194,24 Ft XL,2794462599
HR47E2639,32 Ft XXL,858282445
HR58D1133,32 Ft XL,4251333778
MH04KU5553,20 Ft XL,3364112379
HR55AC5653,22 Ft XL,267942975
HR38W4063,32 Ft XL,1152643775
HR68B9647,32 Ft XXL,2838899538
RJ14GN1805,32 Ft XL,2005079660
MH04LQ1639,32 Ft XL,200509188
HR55W0791,32 Ft XXL,4003659567
OD11L8482,32 Ft XXL,560318007
HR68B5685,32 Ft XXL,2838899538
HR61E2638,32 Ft XL,304341086
NL01AG1923,34 Ft XL,1324027201
BR06GE5549,32 Ft XL,1675607123
RJ11GC6324,32 Ft XXL,643540762
KA52C3814,22 Ft XL,679759812
WB73G1531,32 Ft XL,3525417847
PB65AA9056,32 Ft DXL,3504217824
TN42AH9421,20 Ft XL,1173058418
RJ14GR0492,32 Ft XXL Ft XXL,1093938573
MH04HY2126,32 Ft XXL,3413832098
NL01AD4417,32 Ft XXL,10029311
RJ09GD4932,32 Ft XL,2259263522
MH06CP1446,32 Ft XL,3749361327
KA07B6189,22 Ft XXL,3098121998
NL01AE8686,32 Ft XXL,1.27493E+18
HR848688,32 Ft XL,623569956
MH12VT9459,32 Ft XXL,4240028878
HR47D1048,32 Ft XL,4065014065
MH43CE2319,22 Ft XL,162849997
MH04KF7296,32 Ft XL,3678859715
NL01AD6132,32 Ft XL,1647748010
MH12SX3947,32 Ft XL,4100923775
MH43BG2279,32 Ft XXL,1.27493E+18
HR38Y7082,32 Ft XXL,3247839583
TN87E6237,20 Ft XL,1908930337
MH46BU0338,22 Ft XL,1400814806
RJ40GA4721,32 Ft XXL,1.29422E+18
MH42AQ9289,32 Ft XL,782972864
TN18BF5702,20 Ft XL,2845509112
HR55AH0325,32 Ft XL,1209239541
NL01AD8414,32 Ft XL,2994594257
HR55AK3192,22 Ft XL,107508280
GJ12BW9771,36 Ft XXXL,1649101344
RJ23GD8711,32 Ft XXL,1454141714
HR38AD8456,32 Ft XL,4203907520
GJ12BZ3544,40 Ft DXL,3106825274
MH04KU7363,32 Ft XXL,1.37247E+18
MH04LQ6611,22 Ft XL,3035918602
MH04KU6161,20 Ft XL,612144592
MH43BP6725,32 Ft XXL,1.37249E+18
WB05A4186,32 Ft XL,1080031028
HR55AE7833,32 Ft XXL,3624319895
HR55AU5252,22 Ft XXL,495198545
MH04GR2967,20 Ft XL,454815988
NL01Q5942,32 Ft XL,4185265074
KA52B4929,32 Ft XL,1851269370
GJ36T8596,32 Ft XL,2791720922
TN12AE3723,20 Ft XL,1908930337
PB65BD1120,20 Ft XL,1807992685
KA52B6597,32 Ft XL,2966058994
TN42AD5830,24 Ft XL,3748473302
TN70Z5188,20 Ft XL,3742945665
HR55AJ0443,32 Ft XL,1.36953E+18
MH43BX3217,32 Ft XXL,1.37249E+18
RJ09GD9974,30 Ft XXL,3310019958
MH46F4568,34 Ft XL,2066449745
KA569141,32 Ft XXL,3287624297
RJ52GA6879,32 Ft XXL,3509917328
HR38W8794,32 Ft XXL,753939644
UP21CT2460,32 Ft XXL,34820065
MH04JU3073,32 Ft XXL,3862635773
MH04LQ1896,32 Ft XL,573747521
RJ11GC4101,32 Ft XXL,3076107935
CH01TB4001,32 Ft XXL,2838899538
MH04MH2551,22 Ft XL,3387547965
HR55AJ2430,32 Ft XL,265122025
TN79K9608,20 Ft XL,2747729400
WB05A2050,32 Ft XL,1080031028
DD01F9953,20 Ft XL,2963006445
GJ27TT5911,32 Ft XL,2171578430
UP58T5161,20 Ft XL,2069124165
HR843614,22 Ft XL,718481859
GJ12BY6852,40 Ft DXL,361831879
GJ18BV0349,32 Ft XL,3805031758
MP09HG9906,32 Ft XXL,3686599518
TN28BK1377,32 Ft XXXL,1579060235
HR55AK9357,32 Ft XXL,1.27493E+18
NL01AF7794,32 Ft XXL,154705261
TN12Y9221,32 Ft XXL,395208720
WB05A0513,32 Ft XL,1080031028
NL01AE9915,32 Ft XL,1.27493E+18
NL01AC4758,32 Ft XL,611100283
PB11CJ3530,32 Ft XXL,2322689137
RJ32GD3928,32 Ft XL,2124614750
RJ11GB6964,32 Ft XXL,795144702
TN36BS6428,32 Ft XXL,1976321926
KA529161,32 Ft XL,570434649
HR63D8943,32 Ft XL,1748235747
HR55AF6877,32 Ft XXL,3648094054
TN54V7396,20 Ft XL,1.29308E+18
MH46AR4829,32 Ft XL,3064863068
HR74A7553,32 Ft XXL,1339074655
RJ14GN2886,32 Ft XL,2783829460
RJ32GD1755,32 Ft XL,2463724394
HR55AL6308,32 Ft XL,234476758
UP81FT6972,32 Ft XL,3171490925
MH01DR4435,32 Ft XXL,1982357314
HR38AB1802,32 Ft XL,2219265497
MH40CM3403,20 Ft XL,2898795827
MH48BM8462,20 Ft XL,1108906863
RJ19GH1324,32 Ft XL,3782819293
HR61D6455,32 Ft XL,2498711935
TN85Q4854,22 Ft XL,1305186439
WB23C5207,32 Ft XL,3356478158
TN37EW7727,20 Ft XL,1908930337
MH46AR3323,32 Ft XXL,2278699910
MH14FT1357,20 Ft XL,3659672563
TN28BK4437,32 Ft XXL,1582231546
HR55AE8054,32 Ft XXL,365818776
TN45BF8230,32 Ft XXL,2661233880
TN52AA1797,32 Ft XXL,3722235971
HR55AE0477,32 Ft XL,1.27493E+18
UP54T9598,26 Ft DXL,3504217824
TN36BS7313,32 Ft XXL,12546475
HR38AC0272,32 Ft XL,1868373273
HR55U4477,32 Ft XL,1788205992
KA566866,32 Ft XXL,1473433051
RJ14GK3282,32 Ft XL,1208027135
NL01AF0452,32 Ft XXL,1.27493E+18
MH02ER8047,20 Ft XL,3946627381
NL01AA5874,32 Ft XL,1251697427
KA567514,32 Ft XXL,152244778
RJ14GG6312,40 Ft DXL,4255940877
HR55AC9595,32 Ft XL,2637171806
GJ18AX9968,32 Ft XL,4196710372
HR38AF2176,34 Ft XL,3158106272
RJ40GA5709,32 Ft XL,1206131433
HR55AE5404,32 Ft XXL,1.34095E+18
MH12LT6327,32 Ft XL,641754499
RJ32GC8950,30 Ft XL,1.27493E+18
KA53AA7485,20 Ft XL,3397109511
TS08UF9808,32 Ft XXL,2045484468
NL01AF8719,32 Ft XXL,1622177116
NL01AG1057,32 Ft XXXL,2309716914
HR47C8084,32 Ft XL,2360715924
MH04KU4681,20 Ft XL,1883232132
HR55AL4917,24 Ft XL,905144903
MH04KF3686,20 Ft XL,2545997179
KA01AM1627,20 Ft XL,1.28381E+18
HR61E8914,32 Ft XL,3164399253
MH14JL9266,32 Ft XXL,340441395
TN39CU3831,32 Ft XXL,3248162065
HR55S4947,32 Ft XXL,3234395569
HR66B0509,32 Ft XXL,823897004
HR55AP9493,22 Ft XXL,3298225934
HR55AL1603,32 Ft XL,2211193487
HR55AT1517,22 Ft XL,307838769
MH46BU4542,32 Ft XL,2652225535
UK06CC8003,32 Ft XXL,337207618
MH04JU5162,32 Ft XL,1763251974
TN84Q4520,20 Ft XL,3322124713
JH12P8862,32 Ft XL,364996340
MH44U9766,32 Ft XL,218478830
NL01AC5689,32 Ft XXL,1.27493E+18
RJ18GB2277,32 Ft XXXL,2586781197
RJ14GJ9662,32 Ft XXXL,1868373273
MH04KU1549,20 Ft XL,798371888
RJ32GC8464,32 Ft XL,1242574798
UP21BN3720,30 Ft DXL,2261330358
TN34MB1599,32 Ft XXL,3160359729
MP09HJ2355,32 Ft XXL,1.27493E+18
MH04LY9184,20 Ft XL,1955780821
RJ32GC1571,32 Ft XL,3146373301
MH04KU7793,32 Ft XL,3946627381
TN88H8545,32 Ft XXL,611573202
TN58BA5190,32 Ft XL,3573613894
RJ14GH1862,32 Ft XXL,2050215225
MH04LE2578,20 Ft XL,2215068666
TS12UD8766,24 Ft XL,2865529757
RJ18GB4897,32 Ft XXL,1.33805E+18
MH43BG9642,32 Ft XXL,508628337
RJ14GN8616,32 Ft XXL,475520936
GJ15AT9320,32 Ft XL,2299281860
HR47D4436,24 Ft XXL,2866879391
WB05A2238,32 Ft XXL,1080031028
HR55AH8509,32 Ft XXL,1.27493E+18
TN64V3016,22 Ft XL,3212293393
HR55AG2499,32 Ft XL,1.36953E+18
MH04LE2966,32 Ft XXL,66625116
HR55AL3892,22 Ft XL,2345315178
NL01AF7782,32 Ft XL,1763251974
KA39A2470,32 Ft XXL,275320548
RJ18GB8466,32 Ft XXL,3212501677
HR55AC9766,30 Ft DXL,2261330358
NL01K9963,32 Ft XL,3990353183
RJ11GD3801,32 Ft XXL,21951928
HR38AG6450,34 Ft XL,1888575939
NL01AB2357,32 Ft XXL,1168052891
TN28BH5059,32 Ft XXL,2965101781
HR58B1807,30 Ft DXL,2818151988
MH01DR2217,32 Ft XL,2526486597
HR55AP3974,22 Ft XXL,3139241246
NL01AA8686,32 Ft XXL,1.27493E+18
RJ32GD4624,32 Ft XL,2757784359
DD01X9965,32 Ft XL,2412338830
RJ14GN7831,32 Ft XL,769699355
HR47F5394,32 Ft XXL,4030502194
HR38V3415,34 Ft XL,108619419
RJ11GC1038,32 Ft XXL,2252295024
KA51AJ6325,22 Ft XL,2655206995
KA51AJ4162,24 Ft XXL,4089801887
RJ14GK7721,32 Ft XXL,1.36388E+18
MH04LQ5243,32 Ft XL,3946627381
KA01AN8667,32 Ft XL,684657335
TN28BF7583,32 Ft XXL,630446376
MH12LT9098,32 Ft XL,832429393
RJ10GB2114,32 Ft XXL,4036142650
MH46BB7567,32 Ft XXL,2672315371
NL01AE7597,32 Ft XXL,1.27493E+18
NL01AF2166,32 Ft XL,1763251974
HR38AE1578,34 Ft XL,183624329
RJ18GB4245,32 Ft XXL,677579724
GJ12BZ8498,36 Ft XXXL,361831879
MH04HS1058,20 Ft XL,2042883326
RJ14GP9685,32 Ft XXL,4005448948
UP51AT4697,32 Ft DXL,3504217824
TS09UD9135,32 Ft XXL Ft XXL,755757593
HR38AG9804,32 Ft XL,3908165514
TN86F8326,32 Ft XXL,938811256
HR55AH5337,32 Ft XXL,1.28455E+18
TG12T2641,32 Ft XL Ft XL,2904170378
MH43BG5583,32 Ft XXL,104415644
PB13AR6302,32 Ft XXL,2322689137
MH12LT8199,32 Ft XL,2671813342
HR55AV9307,32 Ft XL,3961557537
KA09C2890,32 Ft XXL,1.29034E+18
RJ47GA5925,36 Ft XXXL,4255940877
NL01AG8122,34 Ft XL,842767169
MH04KU5852,20 Ft XL,3707764688
MH05DK8307,22 Ft XL,18476183
MH40CT4394,20 Ft XL,3526396359
KA51AJ3212,32 Ft XXL,1419639143
HR66A4735,32 Ft XL,515545083
HR55AW9166,32 Ft XXL,660306089
MH16CD5198,20 Ft DXL,3465567339
HR38AF8345,32 Ft XL,3908165514
HR55AB7370,20 Ft XL,1.35842E+18
CH01TB4519,32 Ft XL,2838899538
HR38AC0137,22 Ft XL,70598964
MH04LQ7036,32 Ft XL,2521587979
HP12R5452,32 Ft XXL,1897135976
WB11F6292,32 Ft XXL,3523648269
KA52B3607,20 Ft XL,4216619109
MH04EL1062,32 Ft XXL,3862635773
NL01Q4046,32 Ft XL,1.27493E+18
RJ32GD4674,32 Ft XL,356233306
RJ11GC1098,32 Ft XXL,2718940235
TN18BQ8133,32 Ft XXL,3270056237
MH46AF7521,20 Ft XL,1839097813
MP09GH0996,32 Ft XL,667083889
UP78FN7191,32 Ft XL,2718456997
HR55V7892,24 Ft XL,3113581642
MH04KF8239,20 Ft XL,2545997179
AP05TN0764,32 Ft XXL,24808201
HR55AQ2021,22 Ft XL,2514232031
TN04AQ8022,20 Ft XL,1908930337
HR55AQ1882,32 Ft XL,1179273343
MH04LY2266,32 Ft XXL,66625116
KA53AA8546,32 Ft XL,1.27493E+18
DL1MA8567,20 Ft XL,1843032663
HR55AK8146,32 Ft XXL,1.27493E+18
UP81FT6510,32 Ft XL,1698857278
KA01AL1456,20 Ft XL,773382346
UP13AT3030,32 Ft XL,1310073092
HR55AF8461,32 Ft XL,267942975
MH03CV3715,22 Ft XL,18476183
MH04KU7392,20 Ft XL,4143037193
HR47F4670,32 Ft XL,1116160635
HR38AD1566,22 Ft XL,528477028
HR55AR9455,32 Ft XXL,1.29422E+18
RJ02GC0041,20 Ft XL,314389732
MH46CU0850,34 Ft XL,1261369310
TN85P2351,22 Ft XL,1.41632E+18
TN66R9237,22 Ft XL,3204176877
MH04HD3561,32 Ft XXL,2186892581
HR38AC8447,32 Ft XXL,2111733133
NL01Q4192,32 Ft XXL,1475910947
KA51AJ2898,32 Ft XL,1.29971E+18
NL07AA4050,32 Ft XL,1993271565
HR38AH8384,32 Ft XL,1790931984
RJ32GC8733,32 Ft XL,4073191017
BR10GC3536,22 Ft XXL,3693402045
HR38X1877,32 Ft XXL,3858824810
MH04LE7508,20 Ft XL,3963283725
MH14HU1695,32 Ft XL,2516929878
JH12G4245,32 Ft XXL,4172966421
MH16CD6483,32 Ft XXL,2966378718
MH04KU5177,20 Ft XL,3724025144
MH42AQ9954,32 Ft XL,1199087743
MH40CT0147,32 Ft XL,761325456
RJ32GC9152,32 Ft XL,265122025
HR55AN0183,32 Ft XL,1668670859
HR55AS6098,32 Ft XL,2710583951
HR38X4750,32 Ft XL,4023146082
HR46E6350,32 Ft XL,3469807626
GJ27TD4899,32 Ft XL,2498711935
NL01AB7979,32 Ft XL,1890778991
HR55AL2480,32 Ft XL,3556676147
MH12QW7378,30 Ft DXL,3954209148
NL01AG0463,34 Ft XXXL,2059618537
MH14BJ0082,20 Ft XL,3151002558
NL01AG8409,32 Ft XL,2903670965
HR55AH5571,32 Ft XXL,1.27493E+18
NL01AF7795,32 Ft XXL,154705261
MH04JK1040,32 Ft XXL,929016104
TS07UE2645,32 Ft XXL,3829683448
HR38Z1966,32 Ft XL,2842289734
HR38AF7316,34 Ft XL,1599883026
KA51D5435,32 Ft XXL,2626679146
HR38AB4362,32 Ft XL,1868373273
TN19AS0223,20 Ft XL,1062491747
KA51AG8740,32 Ft XL,297848648
NL01AD6979,32 Ft XL,3759915411
HR38AG0738,22 Ft XL,554587856
WB19G6828,20 Ft XL,2008676863
TN52H9306,26 Ft DXL,722363753
TN32BE4244,20 Ft XL,1908930337
KA52B7561,32 Ft XXL,2966058994
HR61C1598,32 Ft XXL,3002953019
NL01AH2482,32 Ft XL,2914938575
MH04LE2805,32 Ft XXL,1.37247E+18
GJ06AU5201,32 Ft XL,104156937
RJ14GR4411,32 Ft XL,1124239491
RJ11GC8128,32 Ft XXL,3329704728
HR38W3283,32 Ft XXL,1297437708
MH04LQ5038,22 Ft XL,808900181
MH42AQ6056,32 Ft XL,1168052891
HR55AL7886,32 Ft XL,1253470403
HR55AK9457,32 Ft XL,3642497143
RJ32GD4203,32 Ft XL,1993271565
MH20GC8297,32 Ft XL,1575234037
NL01AC9821,32 Ft XL,586056444
HR38AC2684,30 Ft XL,2275596032
KA51AJ5433,32 Ft XL,1726171411
TN88F7651,32 Ft XXL,1096970933
RJ11GB8965,32 Ft XXL,3438199769
HR55AF8765,32 Ft XL,3139241246
HR55AQ5753,22 Ft XL,3383706013
HR38V4736,32 Ft XL,2820743978
HR55AC0510,32 Ft XL,2410293208
HR38AA0403,32 Ft XL,856211950
DD01Y9895,32 Ft XXL,559712815
MH04KU3118,20 Ft XL,484342666
TN42AH8199,32 Ft XL,1.27493E+18
NL01AE7602,32 Ft XXL,1.27493E+18
HR38AA8007,34 Ft XL,2399895960
UP11CT0144,32 Ft XXL,3211344353
TN52AA7888,32 Ft XXL,1.27493E+18
MH43BX0686,32 Ft XXL,1.37249E+18
KA01AJ0034,24 Ft XXL,1.28381E+18
MH12UM4544,32 Ft XL,350259233
RJ14GR4865,32 Ft XXL,154705261
DD01U9163,20 Ft XXL,1133569185
MH43BP6523,20 Ft XL,2126873029
KA51AK3202,32 Ft XXL,154705261
HR63E0552,32 Ft XXL,1.27493E+18
MH46BB4930,20 Ft XL,2126873029
WB11D7952,32 Ft XXL,3746169806
TN28BK8969,32 Ft XXL,3795468966
UP63BT0469,22 Ft DXL,3666291754
NL01AG7693,36 Ft XXXL,533252639
HR38Z8345,32 Ft XL,1806953019
HR55AM5596,22 Ft XL,3378060670
HR55AS7509,32 Ft XL,4224261776
MH20DE4347,32 Ft XL,2880141006
MH04KF5541,32 Ft XXL,795547115
GJ12BZ3836,40 Ft DXL,3977723563
TN28BH7620,32 Ft XXL,1.3391E+18
NL01AA5873,32 Ft XL,3003097865
MH12NX0502,32 Ft XXL,2927018714
TN88K9127,32 Ft XXL,638422165
TN28CX3434,32 Ft XXL,1805481833
MH04KU1470,32 Ft XL,2984689483
HR55AL8628,32 Ft XL,234476758
HR55Y9953,32 Ft XXL,1.27493E+18
TN34Y0473,32 Ft XXL,1.27493E+18
HR55W6364,32 Ft XL Ft XL,115612260
UP23T6759,32 Ft XXL,1897334415
MH03CV9758,20 Ft XL,880297532
KA51AC5252,32 Ft XXL,2626679146
RJ31GA5487,32 Ft XL,815098367
HR68B4286,32 Ft XL,2838899538
UP14HT8455,20 Ft DXL,1569159639
RJ32GC9149,32 Ft XL,356233306
MP09DP6111,32 Ft XL,547416547
HR55AS1414,22 Ft XL,1768193902
DD01M9605,22 Ft XL,1700279954
MH12HD5937,32 Ft XL,4056982736
NL01AG2178,32 Ft XXL,2260064567
NL01AD8846,32 Ft XXL,1.27493E+18
HR55V9107,32 Ft XXL,1.27493E+18
HR38AD9481,34 Ft XL,1017497294
HR55AJ4392,22 Ft XL,1.27493E+18
GJ12BZ2461,40 Ft DXL,3746909028
TN11P2265,32 Ft XXL,299615325
KA51AK1111,32 Ft XXL,56537515
MH04LY0165,32 Ft XXL,3179876767
HR55AM0806,22 Ft XL,3251427046
WB11C6841,32 Ft XXL,803928448
HR63C5517,32 Ft XL,3497881716
MP09DX7390,32 Ft XXL,3706224517
HR38AD3477,34 Ft XL,2858977521
NL01AB1697,32 Ft XL,694678537
RJ32GD0957,32 Ft XL,356233306
KA52B6370,22 Ft XL,680838193
MH43BP5302,32 Ft XXL,1.37249E+18
TN12BA9164,32 Ft XL,447128245
TN28BF2169,32 Ft XXL,3195117847
HR69F6912,32 Ft XL,707705214
RJ10GB1772,32 Ft XL,1806535522
TN88J3677,32 Ft XXL,2100804389
HR55AC2152,32 Ft XXL,149166325
HR47D3370,32 Ft XXL,4004548899
HR47F1920,32 Ft XL,312411188
RJ14GQ0599,32 Ft XL,1.27493E+18
MH14JP3499,32 Ft XL,589546240
RJ11GC9207,32 Ft XXL,2821549532
TN83S6436,20 Ft XL,3800919864
HR47E4854,32 Ft XL,4242867162
DL1GC5791,32 Ft XXL,667083889
MH04GR5945,32 Ft XL,2753562616
TN88K8484,32 Ft XXL,3926192934
WB05A3834,32 Ft XXL,1080031028
MH04HD8932,32 Ft XL,2526486597
RJ14GP6697,32 Ft XL,2553882112
PB13BK7974,32 Ft XL,2410293208
KA52B9142,22 Ft XL,4023857966
NL01Q6862,40 Ft DXL,3364769651
HR55AL7115,32 Ft XL,4112769211
RJ18GC5280,32 Ft XL,1620241690
JH15U5822,32 Ft XXL,1077479138
GJ15AV5898,32 Ft XXL,2188263491
HR61D5368,32 Ft XL,2057164780
MH14EM9359,32 Ft XXL,2671813342
UK07CD5145,32 Ft XXXL,215964506
NL01AH8732,34 Ft XL,17667683
HR55AL0569,22 Ft XL,818100544
TN52R9959,32 Ft XXL,1.37286E+18
MH14HU4499,32 Ft XL,589546240
NL01AF8907,32 Ft XXL,1425998709
HR55AL4641,32 Ft XL,4289047710
NL01AF2034,32 Ft XXL,1.27493E+18
MH01DR7195,32 Ft XXL,2526486597
NL01AG3701,32 Ft XL,1219188435
HR55AM6355,32 Ft XXL,1.27493E+18
TN28BH9393,32 Ft XXXL,1238227901
MH04GR2077,32 Ft XXL,1631527110
HR38AF4649,32 Ft XXL Ft XXL,2028375202
RJ11GC8838,32 Ft XXL,3329704728
MH04LQ3106,22 Ft XXL,1107853999
KA51AG6969,20 Ft XL,2851902913
HR55AJ4676,32 Ft XL,2236468660
KA01AL7211,32 Ft XXL,2964666076
HR55AC4454,32 Ft XL,660306089
TN52AB4590,32 Ft XXL,2463131370
RJ14GR2647,32 Ft XXL,3300087504
HR38U8363,34 Ft XL,955834925
HR55W7970,20 Ft XL,25443168
HR55AN7401,22 Ft XL,3160752292
MH46CL7429,32 Ft XXL,163511175
HR38W2088,32 Ft XL,4165400860
KA51AG7209,20 Ft XL,1788446187
MH42BF6537,34 Ft XL,1131876453
TN28BK2953,32 Ft XXL Ft XXL,1920931969
HR38AA8750,32 Ft XXL,3852901159
MH14GU1526,32 Ft XXL,2671813342
RJ18GA2257,32 Ft XXL,1.28515E+18
HR63E6631,32 Ft XXL,1573419948
MH46BB5928,32 Ft XL,2564900610
UP78GT8427,32 Ft XXL,3053775769
TN05BY3724,20 Ft XL,2056925208
WB11D3453,32 Ft XXL,3683333023
UP82AT2848,30 Ft DXL,2115237033
HR47D0798,32 Ft XL,4168537585
NL01Q6326,32 Ft XL,514621679
HR38AD5314,32 Ft XXL,4203907520
HR55AK9118,32 Ft XL,3000356243
MH04HD8828,32 Ft XXL,4130665628
MH05DK7105,22 Ft XL,18476183
HR55AJ7512,32 Ft XL,1.36953E+18
MH04LY2905,32 Ft XXL Ft XXL,3933117663
UP14MT0803,32 Ft XL,2560064429
MH04LE0198,32 Ft XL,2627105505
NL01AE1597,32 Ft XL,2459640882
HR38AE3006,34 Ft XL,2858977521
DD03P9845,32 Ft XXL,1.27493E+18
RJ32GD1045,32 Ft XL,2463724394
RJ30GB0137,32 Ft XXL,2527028872
NL01Q6283,32 Ft XXL,1.27493E+18
HR74B7722,32 Ft XL,1790840599
HR38W2024,32 Ft XXL,1297437708
NL01AG5495,34 Ft XL,611100283
KA52B6173,32 Ft XXL,2966058994
MH24AU7954,20 Ft XL,225061503
HR38AC0409,34 Ft XL,1149351257
TN12AR6579,22 Ft XL,1.41632E+18
UP78CT5266,32 Ft XL,1875902270
HR61E6036,32 Ft XXL Ft XXL,2324326255
NL07AA4823,32 Ft XL,1181632531
NL01AF7435,32 Ft XL,1.27493E+18
TN25CD8898,32 Ft XXL,199731044
HR55AN6055,32 Ft XL,1.27493E+18
NL01N8906,32 Ft XXL,779853357
NL01AG8273,32 Ft XXL,3194110022
NL01AB6842,32 Ft XL,2250116825
HR55AG1133,32 Ft XXL,1.27493E+18
RJ18GC9094,32 Ft XXL,3212501677
RJ10GB0916,32 Ft XL,2100646698
HR55AH8722,32 Ft XL,267942975
MH31FC5269,20 Ft XL,2322831403
HR55S7447,32 Ft XL,2188263491
PB13BG0520,32 Ft XL,3680034111
MH31FC5886,32 Ft XL,2322831403
TN39DW4180,32 Ft XL,1.30119E+18
RJ14GL0297,32 Ft XXL,3976597424
HR55AN7280,20 Ft XL,3363528157
MH44U3397,32 Ft XXL,1622030892
HR55AP0963,24 Ft XL,20079860
MH46BB3641,20 Ft XL,1323381085
RJ02GB1214,32 Ft XXL,2119005627
TN23CQ8424,20 Ft XL,2792696434
HR38AA3071,32 Ft XL,481817470
MH04KU8920,20 Ft XL,346024543
MH46AR4347,32 Ft XL,4155638782
HR55AV6836,22 Ft XL,1843032663
HR55AG4401,32 Ft XXL,1.27493E+18
NL01AG1609,32 Ft XL,1038921782
MH04KU1804,20 Ft XL,4082660028
TN28BD1386,32 Ft XXL,2792505996
RJ14GR4381,32 Ft XL,1645396204
MH04GR9755,32 Ft XXL,3957299046
HR55AE0166,32 Ft XXL,1750554841
HR56C7083,32 Ft XL,1365561012
HR55AE7120,32 Ft XXL,3234395569
HR55AA2947,32 Ft XL,208449432
KA04AC5059,32 Ft XL,3442279203
KA595750,32 Ft XL,3189752954
NL01AH0044,20 Ft XL,17667683
RJ11GC1297,32 Ft XXL Ft XXL,196887764
GJ15AT1355,32 Ft XL,1135931905
TN52H7104,32 Ft XXL,3771460155
NL01AE1169,32 Ft XL,3261373768
HR45D5121,36 Ft XXXL,2028315697
UP85CT0097,32 Ft XL,2081056071
HR55AM4111,32 Ft XL,3672102456
MH04JU0584,20 Ft XL,2462877883
MH43BG3119,32 Ft XL,1.37249E+18
TN28BD8165,32 Ft XXL,1.37437E+18
BR02GA4543,26 Ft DXL,3504217824
TN39DZ9322,32 Ft XXL,1.27493E+18
TN42AD1055,32 Ft XL,1.27493E+18
PB11CJ3536,32 Ft XXL,2322689137
MP09GH6641,32 Ft XL,667083889
MH43BX3606,32 Ft XXL,1.37249E+18
NL01N2816,32 Ft XXL,1355641096
MH48AY5012,32 Ft XXXL,1037128075
MH46BM9082,32 Ft XXL,2160159070
KA596451,32 Ft XL,957599466
MH20EL6288,22 Ft XXL,1575234037
HR55AN6645,32 Ft XL,1.27493E+18
NL01AE8280,32 Ft XXL,1.29422E+18
HR38AA8457,32 Ft XXL,1806953019
KA51AJ4029,32 Ft XXL,1.27493E+18
HR55AP0519,22 Ft XL,4262854756
MH04LQ4250,32 Ft XL,1496954475
HR55AL4418,14 Ft XL,3000356243
MH04LQ0128,32 Ft XL,2127818749
TN36BS7583,32 Ft XXL,730313617
MH43BX3262,32 Ft XL,2126873029
BR01GL9811,32 Ft XXL,3198442396
RJ10GB7857,40 Ft DXL,3760833799
BR28GA1758,32 Ft XXL,2993117073
MH04JK1628,20 Ft XL,3413902153
NL01L6905,24 Ft XXL,1.34396E+18
RJ11GC0039,32 Ft XXL,1.27493E+18
HR47C5200,32 Ft XL,1431040845
RJ32GD1757,32 Ft XL,2463724394
MH04JU7051,32 Ft XXL,2984689483
TN28BK8866,32 Ft XXL,1806063760
NL01AH5594,32 Ft XXL,1617854670
UP67AT0711,30 Ft DXL,3401821785
NL01AG5165,32 Ft XL,3914731708
RJ11GC0831,32 Ft XXL,796246557
MH40CM8879,32 Ft XL,3568260721
AP39UB7070,20 Ft XL,1931874061
TS08UJ3485,32 Ft XL,3164210946
KA01AH1167,32 Ft XXL,387829813
TN52C8104,32 Ft XXL,4224017268
KA01AK3732,32 Ft XL,727275022
RJ11GC0628,32 Ft XXL,3849711929
TN52J2290,32 Ft XXL,1.27493E+18
MH46BM8335,20 Ft XL,2173719893
HR55AR0471,32 Ft XXL,1.29422E+18
HP12R6531,32 Ft XXL,980592438
NL01AB2480,32 Ft XXL,710281795
UP21BN1975,32 Ft XL,3578335794
UP78GT2481,32 Ft XL,3251962340
HR55Y1277,32 Ft XL,1788205992
UP53GT2695,32 Ft XL,807951713
TS08UB0992,32 Ft XXL,3829683448
MH46F6124,32 Ft XXL,2278699910
TN28BK4178,32 Ft XXL,1.37437E+18
WB19L1299,32 Ft XXL,560318007
KA52B6664,22 Ft XL,1436605487
NL01AE5646,32 Ft XXL,1.33853E+18
HR55AM9393,32 Ft XL,2153189426
HR55AG7058,32 Ft XL,1.27493E+18
HR46D7045,32 Ft XXL,705261543
HR39E6982,20 Ft XL,894758664
RJ10GC0578,32 Ft XXL,1.28515E+18
JH05BZ8244,32 Ft XXL,1850948041
NL01AC2633,32 Ft XL,2005079660
NL01AC4903,32 Ft XXL,3193912759
TN28BK8257,32 Ft XL,1.3391E+18
TN12AR8760,20 Ft XL,744933130
HR55AT7616,32 Ft XL,3104138433
UP78CT7931,32 Ft XL,3251962340
HR47D7879,32 Ft XL,3394530554
RJ09GB6162,32 Ft XXL,2374041767
GJ06BT0332,32 Ft XL,1527684631
HR55AE1291,32 Ft XL,1.3653E+18
HR55AC6682,32 Ft XXL Ft XXL,1617854670
HR55AG2328,22 Ft XL,1.27493E+18
HR55AL4830,32 Ft XL,1.36953E+18
RJ09GC4643,32 Ft XXL,1183707012
HR46E7189,30 Ft DXL,2818151988
UP23T9934,32 Ft XL,4073261277
MH04KF7813,32 Ft XL,573747521
RJ32GC1052,32 Ft XXL,465412840
MH31FC6101,20 Ft XL,2322831403
HR55AJ2736,32 Ft XL,2058958247
HP12L7455,32 Ft XXL,423539271
HR55AT8043,22 Ft XL,20079860
KA01AM2218,24 Ft XL,957599466
HR55AL1639,14 Ft XL,3000356243
KA51AF6552,32 Ft XXL,570434649
NL01AF8618,32 Ft XL,3796565763
NL01AF8493,32 Ft XXL,2459640882
HR38S5983,32 Ft XXL,1719619942
TN77E0506,32 Ft XXL Ft XXL,1685857711
PB65AX1099,20 Ft XL,1328369028
NL01N1231,32 Ft XXL,1355641096
HR55AS9419,32 Ft XL,374678490
UP14KT9236,21 Ft DXL,2501125102
HR37E4548,30 Ft DXL,3409271104
RJ10GB4728,32 Ft SXL,3497881716
NL01AG7323,36 Ft XXXL,533252639
HR55AP1477,32 Ft XXL,3234395569
UK06CB3098,32 Ft XL,1165942946
TN10BU1049,20 Ft XL,379120559
GJ06BT6928,22 Ft XL,2967857427
RJ10GB4984,32 Ft XL,1038921782
HR37D3718,22 Ft XL,3643179006
KA568196,32 Ft XXL,4269945867
TS07UB0325,20 Ft XL,2319926946
HR73A2307,23 Ft DXL,1827468929
RJ11GC0833,32 Ft XXL,1.27493E+18
TN88L2489,32 Ft XXXL,2262956076
MH04JU2350,32 Ft XL,3420929383
TN28BH6395,32 Ft XXL,3137532712
TN13Z5067,24 Ft XL,904967090
UK06CB5309,32 Ft XL,2432246931
WB11F7257,24 Ft XXL,2296239721
MH46BM9084,32 Ft XXL,2160159070
HR38AE6245,22 Ft XL,3926885167
TN88V1899,32 Ft XXXL,3454225073
HR55AF7237,32 Ft XL,267942975
MH04LE7206,20 Ft XL,205398239
NL01AD8850,32 Ft XXL,1.27493E+18
RJ18GB1492,32 Ft XXL,1.27493E+18
MH24BW1576,32 Ft XXL,4221398926
MH04JK1627,20 Ft XL,3664646179
MH46AR7540,32 Ft XL,3178848370
MH04JU2181,32 Ft XXL,848368649
MH04LE8477,20 Ft XL,547525069
HR47C9545,32 Ft XL,1090881001
NL01AH9347,32 Ft XXL,2638422073
NL01AG7967,32 Ft XL,949846854
GJ18AZ9709,32 Ft XL,2717088160
NL01AF4824,32 Ft XXL,1008222599
NL01AA0998,32 Ft XL,2108985170
NL01AE8688,32 Ft XXL,1.27493E+18
KA01AR2399,32 Ft XL,1788446187
TN88H6369,32 Ft XXL,3926192934
RJ32GD7126,32 Ft XL,192183297
MH04JU2632,20 Ft XL,2215068666
NL01AG0468,34 Ft XXXL,2059618537
HR55AK1346,24 Ft XL,3658889535
CH01TB1916,32 Ft XXL,2838899538
KA22C7684,20 Ft XL,739291280
HR55AM1039,24 Ft XXL,505128322
HR46F5071,40 Ft DXL,3703984338
HR55AR9148,24 Ft XL,20079860
TN63BP4957,32 Ft XXL,2275692280
HR55AR3606,24 Ft XL,1.27493E+18
MH04KU5283,32 Ft XL,1675607123
MH16CD9891,32 Ft XXL,1057721690
NL01AF4238,32 Ft XL,1708392131
KA51AG8089,22 Ft XL,2649589112
MH12PQ9901,32 Ft XL,4017744926
NL01AG7231,32 Ft XL,1984404527
HR66A6070,32 Ft XXL,2733485050
HR55AF4667,32 Ft XL,2250116825
HR55AT2265,32 Ft XL,3104138433
MH48CB7604,22 Ft XL,3666291754
RJ14GQ8575,32 Ft XL,1448998512
GJ15AV5381,32 Ft XL,3066126867
HR46E5771,32 Ft XL,3888426839
KA03AK5550,20 Ft XL,1893840531
KA51AG9596,32 Ft XL,1.29971E+18
HR55AC3485,32 Ft XL,149166325
TN88F2264,32 Ft XL,1.287E+18
HR38AD5645,24 Ft XL,3663373573
GJ12BZ3561,40 Ft DXL,3106825274
KA52B3723,24 Ft XL,1553660681
RJ10GB2201,32 Ft XXL,2975591973
TN05CE4792,20 Ft XL,1908930337
TN09DH9517,20 Ft XL,3835492458
HR74B2504,32 Ft XL,1316849815
HR55AA3174,32 Ft XL,208449432
PB11DA0128,24 Ft XL,1816174169
TN04AW5752,32 Ft XXL,1271043962
HR38AB2763,32 Ft XL,1599883026
TS07UG0296,32 Ft XXL,3706224517
NL01L6541,32 Ft XXXL,1.34396E+18
MH04JK1584,32 Ft XXL,2697384642
UP72AT1188,30 Ft DXL,2818151988
HR68B1026,32 Ft XL,2838899538
MH43BX0922,32 Ft XXL,1.37249E+18
PB11AY7840,32 Ft XL,1995526937
NL01N8246,32 Ft XXL,2459640882
TN88K6993,32 Ft XXL,3172923935
NL01Q3562,32 Ft XL,1209239541
KA02AH2524,20 Ft XL,3278069371
TN34AF3755,32 Ft XXXL,3713489878
RJ14GP6614,32 Ft XXL,3300087504
HR55AL6476,20 Ft XL,3658889535
TN30CV6469,32 Ft XXL,2636212601
NL01Q4239,32 Ft XL,3117739931
NL01AB0086,32 Ft XXL,1.27493E+18
RJ01GC7496,40 Ft DXL,2472847994
KA51AG9700,22 Ft XXL,2751276406
HR55AP7567,32 Ft XXL,4251333778
KA51AH8524,32 Ft XL,1.29971E+18
HR38AD5742,34 Ft XL,1017497294
HR47G8564,32 Ft XXL,1.29422E+18
MH12SX5958,20 Ft XL,2379992776
MH04KU2694,20 Ft XL,3106952913
HR55AM5527,22 Ft XL,1181632531
MH02FG3467,24 Ft XXL,1504749533
JH10CJ5633,20 Ft XL,3793431552
NL01AG0016,32 Ft XXL,2638422073
MH46BB5593,32 Ft XXL,2396252632
HR55AM0596,22 Ft XL,2596039234
MH04GF8893,32 Ft XXL,2062614801
RJ14GJ7841,32 Ft XL,1804682592
TN11AX5029,20 Ft XL,3353757267
TN88AY1599,32 Ft XXL,3752398088
NL01AD6087,32 Ft XXL,3984391540
MH04LE1274,20 Ft XL,1470923263
HR39F4410,32 Ft XL,3787560362
TN85Q1199,32 Ft XXL,1.31421E+18
DD01K9930,32 Ft XL,2412338830
GJ12BX2925,40 Ft DXL,3106825274
UP81DT5651,32 Ft XL,1698857278
HR38AA0465,34 Ft XL,1995526937
TN88U8696,32 Ft XXXL,1514556212
HR63D8823,32 Ft XL,291465903
RJ11GB7574,32 Ft XXL,2492852780
MH04KU6512,20 Ft XL,162849997
MH04LQ3179,20 Ft XL,3042182368
MH43BP3205,32 Ft XXL,1.37249E+18
UP53GT8771,32 Ft XXL,3914731708
PB13BE2822,32 Ft XXL,1.41783E+18
HR38AB3975,34 Ft XL,3941577843
TN29BJ0390,32 Ft XXL,1.27493E+18
HR55AN1918,32 Ft XXL,267942975
HP64A6992,32 Ft XXL,2132726553
KA566897,32 Ft XXL,3745362445
MH04HD7784,32 Ft XL,2526486597
HR628765,32 Ft XXL,325838392
NL01AA3290,32 Ft XXL,1627850310
TN88U8174,32 Ft XXL,104156983
UP21CN8736,32 Ft XXL,2755996298
TN12AS4194,32 Ft XXL,4160358410
HR55AF3340,20 Ft XL,1668670859
RJ14GR9618,32 Ft XL,1142481406
NL01AG1856,32 Ft XL,1121804932
TN28BH7966,32 Ft XXL,2117522071
WB05A2417,32 Ft XXL,1080031028
HR38W3937,32 Ft XL,3682873328
UP21DT0019,32 Ft XL,516612843
MH04LE3579,20 Ft XL,3413902153
TN36BT6320,32 Ft XXL,1976321926
HR55AS1897,32 Ft XL,3104138433
TN36BS7202,32 Ft XXL,12546475
NL01AG4130,32 Ft XL,1.27493E+18
HR55AH2275,32 Ft XXL,1.27493E+18
MH04HS0385,32 Ft XL,3525027442
NL01AF4113,34 Ft XL,3731347356
TN88K4577,32 Ft XXXL,1579060235
RJ11GB9678,32 Ft XXL,2060987246
HR69D8348,20 Ft XL,4274074126
MH43BX8393,32 Ft XL,1.37249E+18
DL1MB3492,22 Ft XL,4026302309
HR55AC2050,32 Ft XXL,3648094054
NL01AH8914,40 Ft DXL,4255940877
HR55AL8623,32 Ft XL,3117739931
TN88J3884,32 Ft XXL,532262418
TN28BD8763,32 Ft XXL,1819346120
HR55AR9477,32 Ft XL,3104138433
HR73B9537,32 Ft XL,2892768975
MH14KQ7931,32 Ft XXL,1266604876
HR55AL5383,32 Ft XL,4112769211
RJ32GD5780,32 Ft XL,2594083566
UP78FT7827,32 Ft XXL,3053775769
HR61E0930,32 Ft XL,1245280875
MH46CL8335,20 Ft XL,2173719893
NL01N1214,30 Ft XL,1355641096
KA01AF4249,32 Ft XXL,3935052635
BR24GB2375,30 Ft DXL,3504217824
GJ01CT1760,32 Ft XL,752912893
NL01AD7749,32 Ft XL,1906804136
MH14EM7501,20 Ft XL,3194110022
MH04LE5391,32 Ft XL,2545997179
HR55AT9672,22 Ft XL,307838769
MH04LE2587,32 Ft XXL,1427582194
NL01AB4875,32 Ft XXL,1.27493E+18
GJ27TF4004,32 Ft XL,2498711935
RJ14GQ1863,32 Ft XL,1.27493E+18
UP85CT0197,32 Ft XL,2081056071
MH04JK7434,32 Ft XL,1036596673
NL01Q4058,32 Ft XL,1.27493E+18
DL1MB0252,22 Ft XL,3778897167
TN37DA5951,22 Ft XL,1.27493E+18
MP04HE4561,32 Ft XXL,2353840607
KA02AH2523,20 Ft XL,3278069371
NL01AF2820,32 Ft XXL,2524529930
MH04LE5744,32 Ft XXL,405100793
MH12LT8969,24 Ft XL,2938149582
WB11D3657,32 Ft XXL,3812551316
MP09ZP5255,32 Ft XXL,547416547
WB11D4082,32 Ft XL,1896775425
NL01AC3559,32 Ft XXL,10029311
HR38W4402,32 Ft XL,1772711426
HR55U6388,32 Ft XL,1.27493E+18
MH04KU9566,32 Ft XXL,66625116
DL1MA8871,20 Ft XL,147569176
HR38V6979,34 Ft XL,4281343464
HR38AF5001,32 Ft XL,1995526937
NL01AF3280,32 Ft XXL,3944964191
RJ11GB9604,32 Ft XXL,3080242868
MH05DK5049,32 Ft XXL,2553660092
UP32RN5988,32 Ft XXL,1459236843
RJ10GB7663,32 Ft XL,93434900
HR55AM2098,32 Ft XL,2360715924
TN52R5379,32 Ft XXL,2463131370
UP81DT9475,30 Ft DXL,2115237033
HR55AR9247,32 Ft XXL,1.27493E+18
NL01AE7223,32 Ft XXL,1.27493E+18
KA01AN0319,32 Ft XXL,4003659567
MH43Y4976,32 Ft XL,2736541600
HR38AE8941,22 Ft XL,572478139
NL01AH9345,32 Ft XXL,2638422073
HR47G1117,32 Ft XL,3584401640
NL01AB8026,32 Ft XL,3904425606
HR38X9801,22 Ft XL,1.28876E+18
MH04LE2481,20 Ft XL,2215068666
MH04LE3850,22 Ft XL,1973998608
HR55AJ8290,32 Ft XXL,1.27493E+18
MH04LE8721,32 Ft XL,618016159
HR47D6812,32 Ft XXL,4004548899
TN72CC6837,32 Ft XXL,1102788302
NL01AF1953,32 Ft XXL,2671813342
NL01AE7628,32 Ft XL,4112769211
HR74B0706,22 Ft XL,1410084679
HR38AB6644,32 Ft XL,1.32428E+18
KA09D6316,32 Ft XXL,1617854670
NL01AF0414,32 Ft XXL,1.27493E+18
KA566547,32 Ft XXL,3634303802
HR47D0422,32 Ft XXL,892999977
NL01AD8995,32 Ft XXL,1750554841
MH04JU1532,20 Ft XL,312428173
KA52A0499,32 Ft XXL Ft XXL,2227836433
MH04LQ3927,32 Ft XXL,973970333
HR55AP3625,32 Ft XL,2211193487
RJ14GL6295,32 Ft XL,3261373768
HR47F2111,32 Ft XXL,3584401640
HR38W4557,32 Ft XL,2987626821
TN52R5688,32 Ft XXL,1.37286E+18
MH47Y6998,24 Ft XXL,1403711368
NL01AE8613,32 Ft XXL,1.27493E+18
TN39CM9799,20 Ft XL,2715396251
MH46BU1550,32 Ft XL,815104678
MH04GC5062,32 Ft XXL,1844772152
MH43BX3290,20 Ft XL,2126873029
UK06CB4312,32 Ft XXL,1652900573
MH46BU9465,32 Ft XXL,3142727949
UK04CB5593,32 Ft XXL,3478782852
NL01N7477,32 Ft XXL,1168052891
TN12BB8789,20 Ft XL,533208363
MH04LE0197,20 Ft XL,2302146509
MH16CC3342,24 Ft DXL,3954209148
MH04LE7689,32 Ft XL,2047696331
MH04JU0612,20 Ft XL,859974101
PB13BP9835,32 Ft XXL,1.41783E+18
NL01AB0947,32 Ft XXL,1168052891
MH04LQ3745,32 Ft XL,2203763851
HR38AG4422,32 Ft XL,3908165514
NL01AH2181,32 Ft XXL,154705261
TN18BH9114,22 Ft XL,2188603636
MH04HD7057,20 Ft XL,2425593342
HR38AD4532,32 Ft XL,3908165514
KA09C9207,32 Ft XL,1.34034E+18
KA09AA0671,32 Ft XXL,1.29034E+18
KA566000,32 Ft XXL,2787015569
HR58B6242,32 Ft XXL,2198632009
HR61D8697,22 Ft XL,1.3775E+18
HR55AM4433,32 Ft XXL,1.27493E+18
TN42AF7866,22 Ft XL,223488297
NL01AD8859,32 Ft XXL,1.27493E+18
PB02EG7892,32 Ft XXL,95300342
BR24GB0812,30 Ft DXL,3401821785
MH43Y1202,26 Ft DXL,2760921535
RJ14GJ6986,32 Ft XXL,2449345237
MH43CE4882,32 Ft XXL,1.27493E+18
CH01TB7209,32 Ft XXL,2838899538
MH04LQ0948,32 Ft XL,1002062524
BR02GA6193,26 Ft DXL,3504217824
MH04KF2247,32 Ft XL,573747521
RJ09GC1240,32 Ft XXL,2374041767
HR46E0801,32 Ft XL,2637171806
RJ11GB2533,32 Ft XL,3807035747
KA03AK5485,20 Ft XL,1893840531
NL01AH9406,32 Ft XXL,3194110022
MH16CD5778,20 Ft XL,3458882033
HR38AB4791,34 Ft XL,1599883026
TN54V5801,20 Ft XL,3742945665
HR55AE6688,32 Ft XL,1234471197
TN42AJ5099,20 Ft XL,1.27493E+18
RJ10GB7672,32 Ft XL,93434900
MH01DR2214,32 Ft XL,2526486597
MH04LY5688,32 Ft XXL,1675607123
MH04KU7940,32 Ft XXXL,2641660360
NL01AE6939,32 Ft XXL,1.27493E+18
RJ10GA9895,32 Ft XXL,189371277
BR06GD8681,32 Ft XL,1675607123
MH23AU3461,20 Ft DXL,723912061
MH12SX3946,32 Ft XXL,4100923775
PB11BN9438,30 Ft DXL,3364769651
NL01N1117,32 Ft XL,2557748605
MH14GD3870,22 Ft XL Ft XL,2422776809
TS08UF8476,32 Ft XXL,2045484468
HR55AK8629,32 Ft XXL,1.27493E+18
NL01AH9946,32 Ft XXL,762560645
HR55AU9236,32 Ft XL,2349979998
HR38AH6474,32 Ft XL,4165400860
KA565835,32 Ft XXL,1315265540
RJ14GN9909,32 Ft XXL,3300087504
MH04KU7398,22 Ft XL,4143037193
MH04EB3700,32 Ft XXL,694341610
HR55AP2165,32 Ft XL,2594083566
MH12UM0864,20 Ft XL,1952041932
HR47G8289,32 Ft XL,337502529
HR38AD2487,32 Ft XL,4203907520
HR55AA4893,32 Ft XL,4015093222
RJ14GP1616,32 Ft XL,2180774793
MH40CT0704,22 Ft XXL,241228719
HR73A0758,20 Ft XL,3799698316
TN39DA8007,32 Ft XL,3084231828
GJ03BW7810,32 Ft XXL,3002944284
TN69BY3152,32 Ft XXL,1477162008
MH48BM2528,32 Ft XXL,1726747407
NL01AE7575,32 Ft XL,206958395
MH40CM1040,20 Ft XL,2754769429
UP82T9580,32 Ft XL,1542770824
KA01AJ9464,32 Ft XL,727275022
TN72DY4504,20 Ft XL,3359250587
HR55AA6370,32 Ft XL,660306089
HR61E0620,34 Ft XL,2480493238
RJ10GB1602,32 Ft XXL,187491857
UP74T5996,32 Ft XL,1962447906
HR55AH6067,32 Ft XXL,1.27493E+18
MH04KU9115,20 Ft XL,2781273681
KA51AD9299,32 Ft XL,1527983037
HR55AK5858,32 Ft XXL,1.27493E+18
OD02AX9457,32 Ft XL,3003097865
TN28BJ8134,32 Ft XXL,1238227901
TN18BF7701,32 Ft XL,2832708063
NL01AH2179,32 Ft XXL,154705261
HR55AK2870,24 Ft XXL,2778726045
HR55AS1830,32 Ft XL,3234395569
KA19AB1924,20 Ft XL,2573512203
UP16MT5311,22 Ft XL,3163586451
TN28BJ1116,32 Ft XXL,106157341
MH14LB4291,20 Ft DXL,723912061
RJ10GB4982,32 Ft XL,1038921782
HR38AC4703,32 Ft XL,1868373273
HR55AK4281,22 Ft XL,1.27493E+18
HR67A1025,32 Ft XXL,2269749278
MH04JK3579,20 Ft XL,2309501506
DL1MA6249,20 Ft XL,2315458595
TN12BE1492,20 Ft XL,581693137
KA52B2808,20 Ft XL,4216619109
HR47E7576,32 Ft XL,1116160635
WB11D4115,32 Ft XXL,1111699978
NL01AF0440,32 Ft XXL,3648094054
MH48AG8442,32 Ft XL,2039810350
NL01AE0233,32 Ft XXL,1.27493E+18
HR55AE6796,32 Ft XXL,1168052891
UP21BN0262,32 Ft XL,2382778043
MH46BB2997,32 Ft XXL,4194560430
KA51AF7258,32 Ft XL,1.29971E+18
HR55AC2492,32 Ft XL,660306089
HR55AH5829,20 Ft XL,4005802236
MH04LE0770,32 Ft XL,2984689483
TN32AK8399,20 Ft XL,1476903579
HR38Z5156,20 Ft XL,780813230
RJ14GP8753,32 Ft XXL,1.30839E+18
GJ27TF3352,32 Ft XXL,306700868
MH04LQ9031,32 Ft XL,573747521
MH04JU9710,32 Ft XXL,907115612
GJ15AV8153,32 Ft XL,242034592
MH04GR0773,20 Ft XL,2712136694
TS08UD7727,32 Ft XXL,3176493173
TN25CE3969,32 Ft XXL,735842829
MH04GR3735,32 Ft XXL,1635979899
HR55AL2053,32 Ft XXL,1.27493E+18
TN36BV8328,32 Ft XL,1976321926
MH04LY9340,20 Ft XL,2042883326
KA567184,32 Ft XXL,89434165
NL01AB6382,32 Ft XL,157134406
HR55AJ4337,22 Ft XL,3693967299
TN56S1278,32 Ft XL,1579908675
MH40CM4305,32 Ft XL,761325456
HR68B2924,32 Ft XXL,2838899538
GJ01DY7993,32 Ft XL,752912893
HR55X7768,32 Ft XXL,1297437708
RJ14GP8853,32 Ft XXL,1.30839E+18
RJ14GP8426,32 Ft XL,3310646587
NL01AG5136,34 Ft XL,2903670965
NL01N2767,32 Ft XXL,1355641096
GJ12BW6378,32 Ft XXL,1606375866
TN39DY9615,24 Ft XL,3779518540
MH04JK1705,32 Ft XXL,1242355690
MH24BW9233,32 Ft XXL,329336430
KA01AQ3114,32 Ft XXL,1.30119E+18
MH04LQ2575,32 Ft XL,4108214217
MH04JK1434,20 Ft XL,3413902153
HR47E4847,32 Ft XL,1.27493E+18
RJ18GB4960,32 Ft XXL Ft XXL,3857790213
KA52A4287,32 Ft XL,1127926498
HR55AB6362,32 Ft XL,1868373273
HR38Z7061,32 Ft XXL,1.41783E+18
RJ27GB9463,32 Ft XXL,2979921946
NL01N0507,32 Ft XL,2051275062
HR55AN9246,22 Ft XL,2786914631
RJ14GR4685,32 Ft XL,4246702836
HR38V5805,34 Ft XL,1995526937
HR61D1267,20 Ft XL,4179937475
MH04KF2245,32 Ft XL,573747521
HR38AB1411,32 Ft XXL,1.35843E+18
MH04JK9506,32 Ft XL,2984689483
TN37CV0371,32 Ft XXL,2286091161
HR55AK5501,22 Ft XL,1.3775E+18
NL01AC8837,32 Ft XXL,272918766
RJ09GB5553,32 Ft XXL,245207813
GJ19Y0459,32 Ft XXL,3634954514
GJ06BX2679,32 Ft XL,2707320324
NL01AB7978,32 Ft XL,1890778991
HR55AK6884,32 Ft XXL,1.27493E+18
TN39CV6694,20 Ft XL,2675178219
KA51AG0832,32 Ft XXL,3267183048
RJ11GC6810,32 Ft XXL,1.33805E+18
KA01AM9353,32 Ft XL,1.29099E+18
MH04MH5913,32 Ft XL,2047696331
HR55AC3140,32 Ft XXL,149166325
PB05AP2123,34 Ft XL,512034430
MH05DK1735,20 Ft XL,2035740689
HR55AE6157,32 Ft XXL,3648094054
MH04JK6152,22 Ft XL,3678859715
MH14KQ3286,24 Ft XL,3194110022
HR55AS6230,32 Ft XL,3234395569
MP09HH3623,32 Ft XXL,2884360290
TN39CY1003,32 Ft XXL,1892285855
TN88J4556,32 Ft XXL,672402363
MH40CD9155,32 Ft XXL,4093767920
KA51AA1744,32 Ft XL,957599466
HP72D9951,32 Ft XL,562972689
DD01A9678,22 Ft XXL,3188067656
RJ14GL9790,32 Ft XL,3296089010
KA51AH7257,32 Ft XXL,154705261
TN56J4957,32 Ft XXL,3857087399
NL01AG6315,32 Ft XXL,1080800009
HR47D3299,32 Ft XXL,1.3715E+18
KA52A4839,32 Ft XL,570434649
DL1GC5697,32 Ft XXL,817831524
HR61D3948,32 Ft XXL,1.27493E+18
KA52B8568,22 Ft XL,3993520811
HR55AG7674,32 Ft XL,4065014065
HR68A8512,32 Ft XXL,2838899538
NL01AG9172,22 Ft XL,3421384006
RJ11GB6317,32 Ft XXL,2512967465
KA590822,32 Ft XL,957599466
HR55AK0868,20 Ft XL,646781416
TS08UJ8962,32 Ft XXL Ft XXL,762560645
HR56B8791,23 Ft DXL,1374872036
HR38AE8760,34 Ft XL,4066216907
HR55AL1001,32 Ft XXL,3480904393
HR55AE0363,32 Ft XXL,1737129507
TN10BU1309,20 Ft XL,379120559
MH40CT2583,32 Ft XL,3551431110
MH04LQ6036,32 Ft XL,2521587979
MH43BX0689,32 Ft XXL,1.37249E+18
MH46CL4716,20 Ft XL,3413902153
MH43CA1799,32 Ft XXL,589546240
UK06CB5286,32 Ft XL,2845904092
RJ18GB4682,32 Ft XL,3573345416
UP16GT4236,32 Ft XL,1240647876
NL01AJ0314,32 Ft XL,181972057
TN42AK7557,32 Ft XL,223488297
TN11V2587,20 Ft XL,302226008
HR55AL6557,22 Ft DXL,3990027585
NL01AD1202,32 Ft XXXL,1675607123
MH04KF8238,20 Ft XL,2545997179
HR55AL2338,32 Ft XXL,1.27493E+18
MH16CC9342,24 Ft DXL,3954209148
TN10BR5029,32 Ft XL,2591512186
MH43BG7206,20 Ft XL,205398239
MH04HD7990,32 Ft XL,1763251974
UP14GT1471,30 Ft DXL,2115237033
TN37CJ6240,20 Ft XL,1.27493E+18
HR55AB2427,32 Ft XL,4168537585
HR47D6190,32 Ft XXL,3234395569
BR01GM1604,32 Ft XXL,1918404566
TN39CA8245,22 Ft XL,3292405910
MP09GH0548,32 Ft XXL,667083889
MH04HD9341,32 Ft XXL,1.27493E+18
RJ11GB5386,32 Ft XXL,2285897423
NL01AF3964,32 Ft XXL,2459640882
NL01AB6830,32 Ft XL,2938149582
HR46D6294,32 Ft SXL,3805993097
RJ11GB6797,24 Ft DXL,3504217824
MH04KU4943,20 Ft XL,911651372
WB176026,24 Ft XXL,4065038712
NL01AF3897,40 Ft DXL,3023042143
GJ01ET7744,32 Ft XXXL,1538347218
KA567260,32 Ft XXL Ft XXL,75202623
RJ14GK9469,32 Ft XXL,1237006672
KA51AJ0199,32 Ft XL,1654145397
UP53HT1525,32 Ft XXL,3914731708
HR55AK5014,22 Ft XL,1.27493E+18
TN34X3688,32 Ft XXL,454346142
HR38V6185,34 Ft XL,4281343464
MH46AR5898,32 Ft XXL,632606191
DL1LAF5053,14 Ft XL,1749568162
RJ32GD4361,32 Ft XL,1993271565
MH04KU2683,20 Ft XL,425966486
NL01AD8959,32 Ft XXL,1.31389E+18
MH46BB8245,32 Ft XL,960632885
MH40BG8349,32 Ft XXL,3251689406
HR38AC6234,32 Ft XL,1599883026
MH43BP3405,20 Ft XL,2126873029
HR55AH2296,32 Ft SXL,267942975
WB41J9276,32 Ft XXL,3766410643
RJ14GQ8988,34 Ft XL,1017497294
UP11BT9701,32 Ft XXL,3211344353
TN88AZ4686,32 Ft XXL,1.3095E+18
HR38AF6567,34 Ft XL,4023146082
HR55AH2683,32 Ft XL,267942975
MH48T8289,32 Ft XL,4045897604
MH46AR7619,32 Ft XL,956587098
NL01AE9519,32 Ft XL,3649503109
KA01AF9481,32 Ft XXL,1930959888
MH04HY6218,32 Ft XL,1763251974
WB11F8657,32 Ft XL,2296239721
KA51AH3483,32 Ft XXL,2744315801
MH43BX0688,32 Ft XXL,1.37249E+18
MH44U9770,32 Ft XL,3621902350
MH50N3704,20 Ft XL Ft XL,1654458811
TN70S3859,20 Ft XL,3758515936
WB05A4124,32 Ft XL,1080031028
MH43BP6992,20 Ft XL,2126873029
RJ14GR9553,24 Ft XL,3433847032
NL01AG1929,32 Ft XL,90395567
MH43BP6524,20 Ft XL,2126873029
UP16HT4916,32 Ft XXL,1168052891
MH48AY1887,32 Ft XL,2039810350
MH46BF6522,32 Ft XL,1.27493E+18
TN37CL5789,24 Ft XL,1.27493E+18
MP09GH4071,32 Ft XL,1714356723
NL01AG0965,32 Ft XXL,1111699978
TN28BJ3818,32 Ft XXL,3821008100
TN88J3750,32 Ft XXL,4238416586
PB11CF5617,21 Ft DXL,3504217824
NL01AF8902,32 Ft XXL,1425998709
TN12AU7569,32 Ft XXL,4225747090
NL01N7867,32 Ft XL,3353596425
MH43BP9991,32 Ft XL,1253211923
MH46CL3673,32 Ft XXL,2793079243
DL1MB0471,20 Ft XL,4258461434
TN12BE1321,20 Ft XL,581693137
MH04LQ0134,32 Ft XXL,2811610218
DD01R9057,32 Ft XXL,1784565714
MH04HD5819,32 Ft XL,2639299434
TN85Q4883,20 Ft XL,1305186439
DL1MA8056,20 Ft XL,1320164124
RJ52GA4879,32 Ft XXL,4005448948
TN12P1463,32 Ft XXL,395208720
HR68B8719,32 Ft XL,2838899538
HR55AC5273,20 Ft XL,2060987246
HR55AH9599,32 Ft XXL,1.27493E+18
TN52J2133,32 Ft XXL,1.27493E+18
MH46BF0649,32 Ft XL,3178848370
HR55AK1251,32 Ft XL,3000356243
NL01AG0018,32 Ft XXL,2638422073
MH40CD8655,32 Ft XXL,4093767920
NL01AF0412,32 Ft XXL,1.27493E+18
MH43CE4025,20 Ft XL,2126873029
TN85P5209,20 Ft XL,1.27493E+18
NL01AH9971,32 Ft XXL,423846012
HR55AN5203,32 Ft XL,3940858001
HR38W7062,32 Ft XL,726052560
DD01R9198,22 Ft XL,2007886218
GJ18AX9878,32 Ft XL,2426796238
TN865425,20 Ft XL,2715396251
RJ40GA4128,32 Ft XL,1995297462
KA51AF8520,32 Ft XL,1068934149
WB172154,32 Ft XXL,4065038712
HR55AK7419,22 Ft XL,2596039234
MH04JK2939,32 Ft XXL,1242355690
WB05A1634,32 Ft XL,1080031028
KA52B8898,32 Ft XL,2015174976
MH04LE2441,20 Ft XL,3946627381
HR63F9807,32 Ft XXL,2400234572
MH04JK8437,20 Ft XL,1791364903
HR55AA0672,32 Ft XXL,1.27493E+18
HR47E0819,32 Ft XL,1.27493E+18
HR68B1882,32 Ft XL,2838899538
NL01AC6962,32 Ft XXL,4064930658
MH46AF6706,20 Ft XL,1259620876
WB23F9318,32 Ft XL,2161117233
BR02GA7697,32 Ft DXL,3504217824
HR38AA8823,34 Ft XL,1995526937
MH04JK1613,20 Ft XL,1.3775E+18
HR38Z0817,34 Ft XL,1017497294
TN38DD8563,26 Ft DXL,1095640172
PB13BF9413,32 Ft XXL,879719268
RJ40GA2582,32 Ft XXL,4217818
HR61D7592,32 Ft XL,706916410
MH43BX3390,20 Ft XL,1698960924
TN28BM9919,32 Ft XXXL,2888929706
RJ11GB9732,32 Ft XXL,1.33805E+18
NL01N1220,32 Ft XXL,1355641096
HR38AD3461,34 Ft XL,1017497294
MH04KU9550,20 Ft XL,763253440
HR65A5463,21 Ft DXL,3504217824
HR39E7712,22 Ft XL,1073628303
PB11CJ3531,32 Ft XXL,2322689137
MH23AU1592,24 Ft XL,465191334
MH12TV7675,20 Ft XL,2751847758
BR02GC6777,30 Ft DXL,3401821785
UK06CB6465,32 Ft XL,3265680534
NL01AG7689,36 Ft XXXL,533252639
NL01AA1211,32 Ft XXL,3556104208
HR38Z2242,34 Ft XL,2448102391
WB59B3569,32 Ft XL,3525417847
UP32NN9089,20 Ft XL,1933894296
MH43BP2360,32 Ft XL,838265691
NL01Q3536,32 Ft XXL,4154186524
MH04LQ9740,20 Ft XL,2042883326
MH43BX3212,32 Ft XXL,1.37249E+18
HR55AL0639,32 Ft XXL,1.27493E+18
MH46BU4543,32 Ft XL,2652225535
AP02W8705,24 Ft DXL,3699797569
DL1MB1470,22 Ft XL,408028715
TN52AC2588,32 Ft XXL,1.27493E+18
NL01AB0502,32 Ft XXL,2459640882
TN39BR6541,32 Ft XXL,1.33841E+18
TN23DX1893,32 Ft XL,516468939
GJ12BZ3613,40 Ft DXL,3106825274
MH43BG2062,32 Ft XXL,1.37249E+18
TN28BL0846,32 Ft XXL,368763850
KA51AH3907,32 Ft XXL,2782874388
KA01AN4660,32 Ft XL,1886532612
HR74A5849,32 Ft XL,1806953019
NL01AC2865,32 Ft XL,277791374
NL01AD0784,32 Ft XL,1647748010
NL01AG4805,32 Ft XL,277791374
NL01Q1744,32 Ft XL,1.27493E+18
UP16GT6731,32 Ft XXL,1.27493E+18
HR55AD3174,32 Ft XXL,3979395035
MH46BU0651,32 Ft XL,4155638782
HR55AN6229,22 Ft XL,1223217035
TN88K4177,32 Ft XXL,2888086694
TN18BP3774,32 Ft XL Ft XL,249240400
RJ32GC8519,32 Ft XL,554964493
MH43BG9869,20 Ft XL,3413902153
TS07UE2717,32 Ft XXL,3829683448
HR55AL7251,32 Ft XXL,1.27493E+18
MH46BM7203,32 Ft XL,335045382
NL01AB7878,32 Ft XL,1116160635
HR38X6256,32 Ft XL,191202966
MH04JU8344,20 Ft XL,556033639
KA12C3828,32 Ft XXL,3214209819
NL01N2790,32 Ft XXL,1355641096
RJ47GA3430,30 Ft DXL,4255940877
MH04FP3369,20 Ft XL,140546682
HR55AF4477,32 Ft XXL,3648094054
MH46BM7379,32 Ft XXL,2160159070
MH43BG9871,20 Ft XL,3413902153
HR38AF9703,32 Ft XL,1993271565
HR68B4356,32 Ft XL,2838899538
HR55AN8687,32 Ft XL,2594083566
TN39CL5742,32 Ft XXL,37099671
MH04KU4299,32 Ft XXXL,405100793
NL01AE7584,32 Ft XXL,1.27493E+18
TN52AA2355,32 Ft XXL,1.37286E+18
WB05B3869,32 Ft XXL,1080031028
RJ52GB3300,32 Ft XXL,1026069066
HR55AG6156,32 Ft XL,2023278004
KA51AF6228,32 Ft XXL,570434649
TN52J7870,32 Ft XXL,1.37286E+18
HR55AL1834,32 Ft XXL,1.27493E+18
NL01AB1686,32 Ft XL,3656125104
MH16CA0560,32 Ft XL,2670709282
NL02Q3680,32 Ft XL,1.27493E+18
HR38AG2558,32 Ft XL,3908165514
MH46BM9528,32 Ft XXL,2160159070
RJ14GP5652,32 Ft XL,2288705459
HR38X1925,32 Ft XL,2153189426
GJ19X3367,20 Ft XL,2598483152
RJ11GC5494,32 Ft XXL,4168757568
HR55AK7106,14 Ft XL,1.27493E+18
TN88U2559,32 Ft XXL Ft XXL,3635592094
GA04T0088,32 Ft XXL,1875429376
HR55AJ3361,20 Ft XL,3693967299
PB13BE5898,32 Ft XL,1029912788
NL01AH9486,32 Ft XXL,2609356868
MH46BF1144,32 Ft XL,2867748673
HR47C8231,32 Ft XXL,1341734251
PB13BE7954,32 Ft XL,3880150626
HR55AQ1351,20 Ft XL,3752336742
RJ10GB0730,32 Ft XXL,3887912970
TN52J9961,32 Ft XXL,46079408
KA51AK3199,32 Ft XXL,154705261
KA01AM1018,32 Ft XXL,1.28381E+18
KA51AK6895,32 Ft XL,2967100353
GJ06BV5220,32 Ft XXL Ft XXL,2331027583
HR55AK5324,22 Ft XL,1.27493E+18
HR55AK2525,32 Ft XL,3693967299
KA51AK3212,32 Ft XXL,154705261
RJ09GE2955,32 Ft XL,1938500835
MH04LE4173,20 Ft XL,312428173
MH46BB5581,32 Ft XXL,1982357314
RJ10GB7806,32 Ft XXL,1.28515E+18
PB11CM8076,30 Ft DXL,3364769651
MH46BB6693,20 Ft XL,2333134361
HR55AH4349,32 Ft XXL,1.27493E+18
TN28BF2127,32 Ft XXL,1.27493E+18
TN34AC8591,32 Ft XL,485057411
PB13BS2823,32 Ft XXL,1.41783E+18
GJ01HT0163,32 Ft XXL,275727868
HR55AQ4854,22 Ft XL,1607198032
TN18BM3825,32 Ft XXL,1.38545E+18
TN45BD6396,32 Ft XXL,3573179141
GJ01DV6022,32 Ft XXL,1355641096
HR38AD2872,32 Ft XL,3811649588
WB23G6349,32 Ft XXL,3281644032
MH46AR3455,32 Ft XXL,147647391
TN83E9252,20 Ft XL,1908930337
HR38AE9150,22 Ft XL,2823485846
UP21BN6311,32 Ft XXL,2351531909
HR55AB4435,32 Ft XXL,1.27493E+18
HR55AM1449,32 Ft XL,2400238471
MH04HY6216,32 Ft XL,1763251974
RJ32GD0236,32 Ft XL,2893806302
GJ06BV5888,32 Ft XL,2331027583
RJ10GB1826,32 Ft XL,2565296383
MH04HD4866,32 Ft XXL,1.37249E+18
HR55X8817,32 Ft XL,3829863930
DL1MA8085,22 Ft XL,3787560362
TN25BR8449,20 Ft XL,2119373447
TN09DE0758,32 Ft XXL Ft XXL,3511397879
RJ40GA4625,32 Ft XL Ft XL,2993117073
RJ11GC9469,32 Ft XL,536327987
UP21BN9651,32 Ft XXL,61109253
TN88U3979,32 Ft XXL,1.3095E+18
HR55AP5978,22 Ft XL,1406457446
HR69C8397,30 Ft DXL,2115237033
MH04HD5060,32 Ft XXL,1.37249E+18
HR55AN2389,32 Ft XL,1993271565
TN39CV7789,32 Ft XXL,4067552050
TN29BV5977,32 Ft XL,752715653
TS07UM3359,32 Ft XL,3649422397
KA51AH8784,32 Ft XXL Ft XXL,2749365991
TN88U5899,32 Ft XXL,1.3095E+18
HR55AP2204,22 Ft XXL,2414227282
HR47F5276,20 Ft XL,1024890800
NL01Q9502,32 Ft XL,4270636751
NL01AC3840,32 Ft XL,2005079660
HR55AM5897,22 Ft XL,3053163127
GJ03BY1074,22 Ft XL,3002944284
MH04KU9957,32 Ft XL,2984689483
MH04HD6281,32 Ft XL,1518948099
MH46BM6359,20 Ft XL,4133277105
MH46BF7410,20 Ft XL,4133277105
RJ11GC9314,32 Ft XXL,1.33805E+18
RJ14GL9702,32 Ft XXL,2778726045
TN12J2363,32 Ft XXL,2133472602
RJ11GB9358,32 Ft XXL,1427707618
DD01Q9750,32 Ft XXL,1784565714
GJ05AT2848,32 Ft XL,4067572575
MH43BG2217,32 Ft XXL,1.37249E+18
WB174102,32 Ft XXL,3540391324
TN28BH1396,32 Ft XXL,1.29634E+18
RJ32GD3986,32 Ft XL,717107948
HR55AP7355,32 Ft XXL,3234395569
MH04HD5886,20 Ft XL,1026647087
NL01AG7329,36 Ft XXXL,533252639
MH43BP6356,32 Ft XXL,1.37249E+18
TN24BB2994,20 Ft XL,1498787347
HR38AC7990,34 Ft XL,4239308576
HR55AT8490,24 Ft XL,20079860
MH04KU6602,32 Ft XL,2545997179
NL01AC8310,32 Ft XXL,2459640882
MH04KU4253,20 Ft XL,1168621851
HR55AR7665,22 Ft XL,307838769
RJ32GD5740,32 Ft XL,238962439
TN20DH5716,32 Ft XXL,2247350398
HR55AG3343,32 Ft XL,3030865807
HR65A2751,32 Ft XXL,3396738160
RJ14GN8562,32 Ft XL,892999977
MH12UM0116,34 Ft XL,3185182714
HR38AD6330,32 Ft XL,1599883026
NL01AE7268,32 Ft XXL,3251689406
HR38AA3362,32 Ft XL,1794922350
KA52A3284,24 Ft XXL,3141194182
PB13BA1687,32 Ft XL,1.36953E+18
MH26BE9234,20 Ft XL,1196481918
HR55AN9853,32 Ft XL,3940858001
TN31CF7119,34 Ft XXL,3881233246
MH46CL6413,32 Ft XL,2793079243
MH02ER5692,22 Ft XXL,303515083
MH04JU6612,20 Ft XL,3413902153
MH04LQ5042,32 Ft XL,3045574443
TN25CA2839,32 Ft XXL,169616334
NL01AG1725,34 Ft XXXL,2059618537
PB05AP1679,34 Ft XL,512034430
MH43BP4230,20 Ft XL,2126873029
KA51AH7445,24 Ft XL,1.29971E+18
WB23G8349,24 Ft XXL,3281644032
NL01AG3481,32 Ft XXL,3164210946
HR38AB1501,32 Ft XL,183624329
NL01AF9898,34 Ft XL,3731347356
TN88U8759,32 Ft XXL,1.38589E+18
DL1MA9795,22 Ft XL,3811649588
HR55AM5210,32 Ft XL,3642497143
TN88U1699,32 Ft XXL,1.41705E+18
HR55U9801,32 Ft XL,3883407184
GJ01CT5912,32 Ft XL,687789597
MH04LY3793,20 Ft XL,3413902153
NL01AG5357,32 Ft XL,163362128
RJ32GC6689,32 Ft XL,265122025
WB19L7676,32 Ft XL,4108083635
RJ11GB8960,32 Ft XXL,4264701543
TN19BA8388,20 Ft XL,3952374763
HR55AL8531,22 Ft XL,676049093
RJ32GD0425,32 Ft XL,1846249468
TN36BS0439,32 Ft XXL,12546475
HR55AF9361,32 Ft XL,267942975
DD01J9756,32 Ft XL,92539438
HR55AL0752,32 Ft XL,4238104735
MH14DM3612,20 Ft XL,3322373701
MH04LE4310,20 Ft XL,1470923263
NL01Q6517,32 Ft XXL,2459640882
TN52J3924,32 Ft XXL,1.27493E+18
KA51AG8926,32 Ft XL,2987626821
CH01TB2186,32 Ft XL,2838899538
MH04KF7939,20 Ft XL,620207144
TN39CH6639,32 Ft XXL,2543964962
MH04JU7240,20 Ft XL,3099155016
TN36CZ0117,32 Ft XXL,730313617
NL01AC2432,32 Ft XL,1.27493E+18
RJ32GC9998,22 Ft DXL,645486872
MH43BP4784,32 Ft XXL,1.37249E+18
HR55X9417,32 Ft XL,3104867191
MH12VT3385,32 Ft XL,3185182714
KA51AH7254,32 Ft XXL,2741874244
HR55AL6614,32 Ft XL,1933894296
NL01AC8752,32 Ft XL,1708392131
TN46X4674,20 Ft XL,87455394
MH43BP1283,32 Ft XXL,104415644
HR55AK0790,32 Ft XL,616191173
HR55X3421,32 Ft XXL,1115169021
TN28BK3177,32 Ft XXXL,1579060235
MH12RN9270,32 Ft XL,1467224590
RJ06GC3993,32 Ft XXL,1.3715E+18
TN28BF2390,32 Ft XXL,1976321926
HR55AP5206,22 Ft XL,797046859
TN88K3522,32 Ft XXL,3827473860
RJ10GA6753,32 Ft XL,1897513286
NL01AH2577,32 Ft XXL,1.27493E+18
NL01AG5170,32 Ft XL,3914731708
MH14KQ6549,32 Ft XXL,1266604876
HR37E3777,30 Ft DXL,3836262919
HR38AE2955,32 Ft XL,789232929
RJ14GJ3819,32 Ft XXL,2351901470
HR38AD5981,32 Ft XL,1868373273
TN88H6372,32 Ft XL,1.3945E+18
RJ14GP5650,32 Ft XL,2288705459
KA01AL2425,32 Ft XL,3473183693
KA51AH6768,32 Ft XXL,1.29971E+18
RJ11GB6143,32 Ft XXL,646155831
WB05A1366,32 Ft XXL,1080031028
TN02BE3908,32 Ft XL,3905849175
TN85S2675,22 Ft XL,1758612405
RJ14GE2971,20 Ft XL,1035062741
TN30CE1199,32 Ft XXL,3592864251
HR55AN7363,32 Ft XL,645486872
TN28BJ4446,32 Ft XXL,2586240089
TN88L2415,32 Ft XXL,3197541102
RJ14GR6034,32 Ft XXL,975491569
MH04LE3811,32 Ft XXL,405100793
HR55AR6675,32 Ft XL,1.3653E+18
HR55W2856,32 Ft XXL,714576834
HR47D6532,32 Ft XL,2866879391
HR38Z2434,32 Ft XXL,1.41783E+18
HR55T6463,32 Ft XL,1.27493E+18
TS07UG9706,32 Ft XXL,1.27493E+18
NL01AE2788,32 Ft XL,2250116825
DL1MA6359,22 Ft XL,4093642513
NL01AE6936,32 Ft XXL,1.27493E+18
MH12QW4719,34 Ft XL,509883995
NL01AF3281,32 Ft XXL,3944964191
GJ06BT4327,24 Ft XL,3951367130
NL01AD2420,32 Ft XL,4063429927
GJ12BY9410,40 Ft DXL,1608917745
MH05DK9246,20 Ft XL,1245280875
TN88U5299,32 Ft XXL,1.31636E+18
HR66C8169,32 Ft XL,1960149178
HR38AF6731,34 Ft XL,3300148230
HR61C8006,32 Ft XL,4154186524
KA52A4929,32 Ft XL,570434649
KA592439,20 Ft XL,2035918744
NL01AH7283,34 Ft XXXL,945597649
MH04LY5737,20 Ft XL,119219026
DN09S9143,32 Ft XL,2000176526
HR38AF7268,20 Ft XL,4097777150
MH43BG2060,32 Ft XXL,1.37249E+18
HR55W9072,32 Ft XXL,2121045712
TN39CV6348,32 Ft XL,4125775703
WB177699,22 Ft XL,2949079549
HR55AR0695,22 Ft XL,2514232031
DD01J9877,32 Ft XXL,3032577129
TN973687,32 Ft XL,1.27493E+18
MH16CD7531,34 Ft XL,3113893200
NL01AF8905,32 Ft XXL,1425998709
HR68B7706,32 Ft XXL,2838899538
DD01R9362,32 Ft XL,23061505
MP04HE7860,32 Ft XXL,2804062220
DD01H9111,20 Ft XL,755454948
NL01AE5653,32 Ft XL,1763251974
HR69B6967,32 Ft XL,1748235747
MH04KU5692,20 Ft XL,2648421154
MH04KU3289,20 Ft XL,3456233110
HR55AF7144,32 Ft XL,208449432
UP80DT9532,32 Ft XL,3664210927
UP24AT0678,30 Ft DXL,2818151988
CH01TB4131,34 Ft XL,2838899538
GJ12BZ3182,36 Ft XXXL,1649101344
NL01AD9333,32 Ft XL,1219188435
HR47E8708,22 Ft XL,4188411454
HR55AQ9973,32 Ft XL,3484443326
TN01AK2864,32 Ft XL,1.2884E+18
HR38AF2246,32 Ft XL,1995526937
HR74B0607,20 Ft XL,1921398566
GJ12AZ3010,40 Ft DXL,361831879
RJ18GB1221,32 Ft XXL,1969436309
MH04LQ4030,32 Ft XL,2542183528
HR55AL8383,22 Ft XL,2037549557
MH12NX5513,32 Ft XXL,2938149582
KA51AF7257,32 Ft XL,1.29971E+18
TN88L5018,19 Ft DXL,442265331
HR55AM0715,32 Ft XXL,2657042234
HR55AK1823,22 Ft XL,1.27493E+18
TN38DB5088,32 Ft XL,4125775703
NL01AF0011,32 Ft XXL,1.27493E+18
HR55AK2297,32 Ft XXL,1.27493E+18
KA52B8634,22 Ft XL,679759812
TN01AJ5527,32 Ft XL,1296407281
HR55AB4588,32 Ft XL,1.27493E+18
HR55U0540,32 Ft XL,2885354458
NL01AD5000,32 Ft XL,1647748010
MH40BL0575,20 Ft XL,364517373
HR38W6291,32 Ft XXL,1152643775
MH43BP0797,32 Ft XXL,1982357314
TN39CR6599,22 Ft XL,1821256662
RJ09GB5539,32 Ft XXL,1498094060
KA01AQ6362,32 Ft XXL,900619015
MH23AU1591,32 Ft XL,465191334
HR55AS7277,32 Ft XL,3104138433
RJ14GR8368,32 Ft XL,1162046115
UP54T3604,23 Ft DXL,3504217824
TN34MB0992,32 Ft XXL,3590451473
HR47D8626,24 Ft XL,1671426137
HR55AK3271,22 Ft XL,1530629691
RJ40GA4681,32 Ft XL,1206131433
HR55AL9326,32 Ft XL,1.36953E+18
HR38AB4491,32 Ft XL,1562663088
RJ11GC2402,30 Ft DXL,3720023400
RJ11GB9319,32 Ft XXL,2492852780
MH14HG9411,32 Ft XXL,508365964
HR46E3576,32 Ft XL,3888426839
KA53AA6762,20 Ft XL,3485077577
HR47C2349,32 Ft XL,1.27493E+18
MH43BG8273,32 Ft XXL,954676025
HR55AH4015,32 Ft XXL,1.27493E+18
HR55AL9566,32 Ft XXL,3234395569
GJ12BT1213,40 Ft DXL,1608917745
RJ27GD1280,32 Ft XXL,2879396515
WB11F4277,32 Ft XXL,3746169806
HR56A9209,32 Ft XL,2493192888
MH46BU0650,32 Ft XL,4155638782
MH04KF7487,32 Ft XL,573747521
BR02GA8397,30 Ft DXL,3401821785
HR55AB6139,32 Ft XL,267942975
RJ31GB7171,32 Ft XXL,3792397753
MH43BP4785,32 Ft XXL,1.37249E+18
PB11CL9891,30 Ft DXL Ft DXL,3364769651
TN39CF9199,32 Ft XXL,2864269134
NL01AF7996,32 Ft XXL,3796565763
WB05A3036,32 Ft XL,1080031028
GJ12AY6774,40 Ft DXL,1608917745
MH46BF6371,32 Ft XL,1.27493E+18
TN52R9266,32 Ft XXL,1.37286E+18
TN52H6494,20 Ft XL,3481667783
TN28BF8296,32 Ft XXL,2293179056
UP21BN2819,32 Ft XXL,3649518602
PB11DC9757,30 Ft DXL,3364769651
NL01Q1406,32 Ft XXL,952918089
NL01AD8849,32 Ft XXL,1.27493E+18
WB05A2182,32 Ft XL,1080031028
MH05AM3257,20 Ft XL,3413902153
KA53AB8368,22 Ft DXL,3465567339
RJ52GA6836,32 Ft XXL,418533805
MH44U2204,34 Ft XL,3847367877
NL01AE1615,32 Ft XL,611100283
NL01AH2176,32 Ft XXL,154705261
HR38AC8496,32 Ft XL,2906035098
NL01Q8891,32 Ft XXL,2943443968
GJ27TF6323,32 Ft XL,1875281957
MH43BX2541,32 Ft XXL,1.37249E+18
DL1MA1820,20 Ft XL,1843032663
WB11F4498,32 Ft XXL,2726999087
TN870443,32 Ft XXL,1.31421E+18
TN58BC0997,32 Ft XL,3573613894
KA01AH2228,32 Ft XL,891647125
TN14T2053,20 Ft XL,2607393497
MH12VT1091,34 Ft XL,1280581805
HR55AP9281,32 Ft XL,1873564887
MH12NX4804,32 Ft XXL,641754499
UK06CB0479,32 Ft XXL,3478782852
MH14GD1812,32 Ft XL,1251745391
PB08EJ3528,32 Ft XL,2009703278
NL01AG1881,32 Ft DXL,3672428114
DD01L9266,32 Ft XL,1.27493E+18
MH46BM3548,32 Ft XL,4058092887
MH12MV5512,32 Ft XXL,1253080572
TN68AF7030,20 Ft XL,2559025613
MH04LE0769,32 Ft XXL,2160159070
TN52L2812,32 Ft XL,626256173
HR47F6065,32 Ft XL,3046828630
MH04LQ6755,32 Ft XXL,1117261611
MH04KU6604,32 Ft XL,2545997179
NL01AF3091,32 Ft XL,4242867162
KA52B4965,22 Ft XL,679759812
HR62A2511,30 Ft DXL Ft DXL,2115237033
MH43BG2224,32 Ft XXL,1.37249E+18
TN28BH6760,32 Ft XXL,4111273090
TN34AE9587,32 Ft XXL,4020536950
RJ32GD1461,32 Ft XL,1.27493E+18
RJ09GC4642,32 Ft XXL,1183707012
MH15FV7531,24 Ft DXL,3954209148
MH04KU7415,32 Ft XXL,1.37247E+18
DD01M9822,32 Ft XL,1251745391
RJ14GQ6171,32 Ft XL,1142481406
MH15FV8829,32 Ft XXL,1654148810
MH04HD7794,32 Ft XL,2526486597
HR38V4931,32 Ft XL,2454344845
PB13BD0165,32 Ft XXL,1.41783E+18
RJ14GQ6228,32 Ft XL,4108629306
HR45C9640,40 Ft DXL Ft DXL,2028315697
UP42CT3848,32 Ft XXL,3811649588
NL01AF1485,32 Ft XXL,3653471012
MH14HU1395,32 Ft XL,2516929878
HR55AR4968,22 Ft XL,2514232031
NL01AG5195,32 Ft XL,3914731708
HR55AL8910,32 Ft XL,1.36953E+18
HR55AK2783,22 Ft XL,3630080344
BR26GB7680,24 Ft XL,1593227794
HR55Y5966,32 Ft XXL,1.27493E+18
HR55AK9541,32 Ft XL,3951664672
TN30BM0642,20 Ft XL,1908930337
MH04LQ8065,22 Ft XL,2845067733
KA03AH5124,24 Ft XL,2062445951
KA51B7594,32 Ft XXL,902512755
NL01N7906,32 Ft XXL,1.27493E+18
GJ12BZ0731,40 Ft DXL,1199572047
HR65B5003,30 Ft DXL,3504217824
HR38X6877,32 Ft XL,3981557579
TN36BS0429,32 Ft XXL,12546475
MH43BP4521,20 Ft XL,2126873029
RJ52GB0829,32 Ft XL,20414419
MH43BG3115,32 Ft XL,1.37249E+18
KA01AJ6054,32 Ft XL,3836686102
MH04KU7710,32 Ft XL,573747521
NL01AB9007,32 Ft XL,3731347356
HR38X2182,32 Ft XL,894334680
BR03GB6839,32 Ft XXL,2158874376
NL01AE6756,32 Ft XXL,2459640882
MH46BB2869,32 Ft XL,2321627227
HR61E6421,32 Ft XL Ft XL,1803790852
DD01M9598,32 Ft XL,23061505
WB23B6861,32 Ft XL,3525417847
HR61D1422,34 Ft XL,1599883026
HR55AJ3717,22 Ft XXL,617115225
RJ32GC2629,32 Ft XXL,3300087504
HR38AC0763,20 Ft XL,1045902365
TN77T4576,32 Ft XXL,1630571408
MH04JU7503,32 Ft XL,2984689483
NL01AC8013,32 Ft XXL,4065038712
NL01AC3420,32 Ft XXL,694678537
HR47C6784,32 Ft XXL,4108629306
NL01Q7072,32 Ft XL,3525417847
NL01AC7183,32 Ft XL,1.27493E+18
NL01AG1063,32 Ft XL,3155944960
HR39F2548,22 Ft XL,1431959554
HR45B5676,36 Ft XXXL,2028315697
MH01DR3513,32 Ft XL,2526486597
RJ14GP9402,32 Ft XXL,4005448948
MH14EM7498,20 Ft XL,3194110022
WB11C6544,32 Ft XXL,3746169806
HR55AK0186,22 Ft XL,2745718270
RJ18GB7403,32 Ft XXL,4189004592
MH46BU7136,20 Ft XL,1883476832
KA52B4926,32 Ft XL,1851269370
TN28BD9946,32 Ft XXL Ft XXL,1312282199
MH04LE3642,32 Ft XXL,2889685985
MH46CL4485,32 Ft XXL,163511175
NL01AG7075,34 Ft XL,291465903
HR55AN2721,22 Ft XL,2361980912
HR55AT9694,22 Ft XL,1.3775E+18
UP66AT4607,32 Ft XL,3953849676
DL1MA7717,22 Ft XL,3453772077
TN37DR7675,32 Ft XL,1.27493E+18
WB11D3285,32 Ft XXL,1077479138
HR55AL1596,22 Ft XL,2479197465
HR38AD2316,32 Ft XL,2111733133
TN67BM3210,20 Ft XL Ft XL,3962597282
RJ14GR9019,32 Ft XL,2180774793
HR55AB7371,32 Ft XXL,1.27493E+18
NL01AF2981,32 Ft XXL,1.27493E+18
MH24AT8158,20 Ft XL,609750096
KA51AG5781,32 Ft XXL,3423810953
KA01AP5328,32 Ft XXL,1431985334
TN52AB3455,32 Ft XXL,1.37286E+18
UP84AT2345,32 Ft XL,3113179312
TN28BL4725,32 Ft XXL,1819346120
HR39F6906,32 Ft XL,579953003
DD03P9355,32 Ft XXL,1.27493E+18
HR55AH5322,20 Ft XL,3000356243
MH44U9966,32 Ft XL,2888162663
HR38AA0946,32 Ft XL,2987626821
NL01AD6952,32 Ft XL,1627276385
DD01P9470,20 Ft XL,3462500894
HR38AF8213,22 Ft XL,1558659267
HR38W2662,32 Ft XL,1.27493E+18
KA594166,32 Ft XL,957599466
RJ14GP1469,32 Ft XXXL,3509917328
TN88AY1939,32 Ft XXL,1.38545E+18
NL01AG5132,34 Ft XL,2903670965
MH14LL8355,22 Ft DXL,4189342624
RJ47GA3802,40 Ft DXL,4255940877
HR55AF8587,32 Ft XL,267942975
KA01AM7292,34 Ft XXL,2711565514
HR38V2693,34 Ft XL,3839642213
TN48BU6193,32 Ft XXL,1004953925
HR55AU3410,32 Ft XL,3556676147
TN28BE2473,32 Ft XXL,1819346120
RJ10GB0995,32 Ft XXL,3011755205
TN55BH6501,22 Ft XXL,3856818289
KA21A3880,32 Ft XL,1930959888
NL01AF2880,32 Ft XXL,1.27493E+18
HR38AB0924,32 Ft XL,3043447502
TN73AK8974,32 Ft XXL,2817258603
KA51AK3207,32 Ft XXL,154705261
WB11G0564,32 Ft XL,4108083635
MH04LE1841,14 Ft XL,1470923263
RJ40GA4426,32 Ft XL,1206131433
MH42AQ9989,32 Ft XXL,1681868499
MH46BU5475,32 Ft XXL,2160159070
DL1MB0873,22 Ft XL,794937755
RJ14GH4470,32 Ft XXL,1751227168
NL01AJ3704,32 Ft XXL,945597649
NL01AD2924,32 Ft XXL,1.27493E+18
MH48CB1190,20 Ft XL,1083855552
TN29CC0073,32 Ft XXL,3089520401
RJ32GC1736,32 Ft XXL,3553993300
HR55AC2065,32 Ft XXL,1.34095E+18
HR47C2357,32 Ft XL,1.27493E+18
RJ14GL8657,32 Ft XL,2783829460
TN88W4899,32 Ft XXL,1.27493E+18
HR55AK0367,22 Ft XL,3654861895
GJ27TF1072,32 Ft XXL,4246959960
MH42BF7790,32 Ft XL Ft XL,2382330444
TN28BK6854,32 Ft XXXL,857428917
HR55AK4148,22 Ft XL,680522859
MH04LQ3924,32 Ft XXL,973970333
RJ32GC7253,32 Ft XL,265122025
RJ11GB2131,24 Ft DXL,3504217824
HR47G5253,22 Ft XL,1523259264
TN20CQ7340,20 Ft XL,3497218137
NL01AG8133,32 Ft XL,949846854
WB05A1474,32 Ft XL,1080031028
RJ01GB5875,36 Ft XXXL,3073151949
RJ18GB3684,32 Ft XL,3955957614
RJ32GD6593,32 Ft XL,334548386
HR55U0388,32 Ft XXL,1.27493E+18
MH43BX9641,32 Ft XXL,300477655
HR55T2718,32 Ft XXL,3234395569
HR38AD8253,32 Ft XL,183624329
MH43BP9640,20 Ft XL,509634398
MH46BF9307,32 Ft XL,1847180982
MH43BP9402,20 Ft XL,4066882493
TN39CC6081,32 Ft XXL,1812879046
MP41ZF8991,32 Ft XL,2228526791
HR38AE7852,22 Ft XL,572478139
MH43BX0685,32 Ft XXL,1.37249E+18
TN36AP2247,32 Ft XXL,1096548070
UP22AT8212,32 Ft XXL,2229847095
HR55AK7390,32 Ft XXL,1.27493E+18
HR55AK7799,22 Ft XL,1419577435
NL01AA6487,34 Ft XXL,2459640882
MH46BM7097,32 Ft XL,1847180982
AS01NC3573,32 Ft XXL,2791051512
GJ12BY5156,32 Ft XXXL,3298518857
RJ14GQ6180,32 Ft XL,1142481406
TN88H7915,32 Ft XXL,3195117847
HR55Y2659,32 Ft XXL,1.27493E+18
HR55AK3545,22 Ft XL,3658889535
TN36BS0372,32 Ft XXL,12546475
TN88J9390,32 Ft XXL,1561790973
PB05AP5488,34 Ft XL,512034430
HR55AN7392,32 Ft XL,3751013683
RJ10GB1806,32 Ft XXL,3887912970
KA01AN2317,32 Ft XXL,2711565514
BR06GF1852,32 Ft XL,1675607123
TN88U9597,32 Ft XXL,4290163489
TN12BA8539,32 Ft XL,3616466844
KA52B4617,20 Ft XL,1987486583
KA01AM4670,22 Ft XL,2150446544
TN12X3859,20 Ft XL,533208363
HR55AK4488,32 Ft XL,3732342199
HR47C6391,32 Ft XXL,3234395569
MH12LT4052,32 Ft XL,2938149582
TN30CF7374,32 Ft XXL,3592864251
KA01AP6381,32 Ft XXL,1431985334
HR55AS0947,32 Ft XL,3104138433
NL01L6539,32 Ft XXXL,1.34396E+18
RJ47GA3306,36 Ft XXXL,4255940877
TN88AZ7959,30 Ft XXL,1.31636E+18
RJ11GC8273,32 Ft XXL,3124606462
RJ32GC9832,32 Ft XL,1.27493E+18
TN70AU0768,32 Ft XL,4251612375
KA51D5438,32 Ft XXL,552888187
RJ20GC3809,32 Ft XL,3073571164
NL01AF2396,32 Ft XL,1.27493E+18
MP09GH5162,32 Ft XL,667083889
KA04AC5055,32 Ft XL,3442279203
HR39E8471,22 Ft XL,1933894296
NL01Q1457,32 Ft XL,1.27493E+18
TN12AW6955,32 Ft XXL,2286091161
MH04LQ2481,32 Ft XL,1544115913
MH04JK7653,20 Ft XL,844649569
NL01L6544,32 Ft XXXL,1.34396E+18
UP78GN8861,32 Ft XL,3251962340
TN52K5943,32 Ft XXL,1.38589E+18
TN38BV1155,20 Ft XL,3368178048
UP21CN6645,32 Ft XL,2382778043
HR55AD1119,32 Ft XXL,879719268
RJ10GB2338,32 Ft XL,1557514845
NL01AB2050,32 Ft XXXL,1675607123
MH14KQ8864,32 Ft XL,2467758476
DL1MA7407,22 Ft XL,882214106
RJ14GP2464,32 Ft XL,3554142728
TN28BJ6780,32 Ft XXL,3825710874
WB05A3308,32 Ft XXL,1080031028
MH46BF0623,20 Ft XL,3413902153
MH48AG5880,32 Ft XL,674679096
TN39DD2848,32 Ft XXL,3493610581
NL01AG0578,34 Ft XL,17667683
MH05AM1968,32 Ft XXL,1197203513
HR46F2702,40 Ft DXL,3092069304
TN52AB3388,32 Ft XXL,1.27493E+18
MH43CE0761,32 Ft XL,2126873029
DD01C9212,32 Ft XL,1127346228
NL01AG0650,32 Ft XL,3155944960
NL02Q9487,32 Ft XXL,690336119
HR55AK3239,32 Ft XXL,1.27493E+18
KA01AJ0032,32 Ft XL,1.28381E+18
NL01AB6562,20 Ft XL,548066073
TN12AU8199,32 Ft XXL,4225747090
RJ32GC9155,32 Ft XL,265122025
RJ32GC8910,32 Ft XL,3630080344
MH12VF0366,32 Ft XXL,1057721690
HR55AN2647,32 Ft XL,739195893
MH46CL7211,32 Ft XXL,3596259537
NL01AG0649,32 Ft XL,3155944960
MH04LE2588,32 Ft XXL,1427582194
DD01R9322,32 Ft XXL,1784565714
GA05T6542,32 Ft XXL,4235552173
UP78CT7929,30 Ft DXL,3836262919
TN28BH3799,32 Ft XXL,1987092537
NL01AG8410,34 Ft XL,2903670965
PB13BH9927,32 Ft XL,3019533618
HR55AN6650,32 Ft XXL,2605562883
HR68B9739,32 Ft XL,2838899538
RJ32GC7618,32 Ft XL,265122025
UP24BT1354,32 Ft XL,2636799997
WB05A2515,32 Ft XXL,1080031028
RJ32GC3279,32 Ft XL,2738786517
HR55AR1959,32 Ft XXL,1.27493E+18
NL01AG1140,34 Ft XXXL,2059618537
RJ52GB1991,32 Ft XL,3070966650
KA52B4727,20 Ft XL,4186992177
RJ40GA5445,32 Ft XL,1206131433
AS01SC2542,30 Ft DXL,3518046265
HR55AR4924,32 Ft XXL,1.29422E+18
RJ32GD4133,32 Ft XL,3771353794
UP78FT7647,32 Ft XL,2970396637
KA01AQ8899,32 Ft XL,2062158598
MH44U9779,32 Ft XL,4208050264
TN29BB7967,22 Ft XL,1.27493E+18
TN39CM1251,32 Ft XXL,1271043962
TN12AF4935,20 Ft XL,485057411
TN34AX7709,20 Ft XL,1662246328
NL01AD8841,32 Ft XXL,1.27493E+18
TN22EC6697,32 Ft XL,3228623696
MP09GH5091,32 Ft XL,667083889
NL01AA0003,32 Ft XL,3829863930
MH01DR3773,32 Ft XL,1.37249E+18
KA52B8064,22 Ft XL,246389642
KA01AM6218,22 Ft XL,3216889181
MH05DK8066,20 Ft XL,4271677758
HR69D4013,32 Ft XXXL,2292498585
HR38AF9895,32 Ft XL,1995526937
MP41GA1683,20 Ft XL,421520670
MH05DK3065,20 Ft XL,4171568488
HR38Z8754,32 Ft XL,1806953019
NL01AH8736,34 Ft XL,17667683
HR46F6372,24 Ft XXL,2757888850
BR24GC1935,19 Ft XL,4124192155
TN34AH5969,32 Ft XXL,302597895
MH12VF1936,32 Ft XL,4276448811
GJ01JT8481,32 Ft XXL,3947458529
UP78CT9721,32 Ft XL,2382778043
TN39CW2098,32 Ft XL,1.30119E+18
HR38AG9539,32 Ft XL,3908165514
RJ09GE0371,32 Ft XL,2663887007
GJ12BX9731,30 Ft XL,2009961632
MH46AR6431,32 Ft XXL,2276104663
KA52B5237,22 Ft XL,2222256497
TS07UM0685,32 Ft XL,2856471318
MH48CQ8489,32 Ft XL,3985273770
RJ52GA7450,32 Ft XXL,1147749398
NL01AF2739,32 Ft XL,4112769211
KA52B8587,20 Ft XL,2719415289
HR38AD8177,32 Ft XL,346898820
RJ07GD8745,32 Ft XXL,657787772
UP82AT1132,30 Ft DXL,2115237033
NL01AG2291,32 Ft XL,3731347356
TN88W7299,32 Ft XXL,1.41705E+18
NL01AG9541,32 Ft XL,3104138433
TN36BZ1687,20 Ft XL,1908930337
RJ11GC7883,32 Ft XXL,1.35843E+18
TN88H6746,32 Ft XXL,1.287E+18
RJ14GL8655,32 Ft XL,2783829460
MH14GU1528,32 Ft XXL,3194110022
MH46BF6517,20 Ft XL,1542855253
HR38X7699,32 Ft XL,1806953019
KA52B6177,32 Ft XXL,2966058994
MH04LE7755,20 Ft XL,3035918602
HR47D6314,32 Ft XL,3261854116
TG29T1919,32 Ft XXL,4112484380
NL01AF1768,32 Ft XXL,3796565763
TN52AA6193,32 Ft XXL,1579965946
MH43BX6707,32 Ft XXL,2160159070
HR38AE3207,34 Ft XL,1017497294
HR845460,32 Ft XXL,4122073968
NL01AC4133,34 Ft XL,2938149582
HR61E7916,32 Ft XXL,1.27493E+18
NL01Q4057,32 Ft XL,1.27493E+18
HR55AP7721,32 Ft XL,586056444
DD01F9251,32 Ft XXL,1.27493E+18
TN88L3899,32 Ft XXL,1976321926
KA02AH6513,20 Ft XL,2035918744
MH04GR9725,20 Ft XL,4230054381
RJ14GG6844,32 Ft XL,649243359
TN20DD8753,32 Ft XL,2247350398
NL01AH2183,32 Ft XXL,154705261
HR38W7470,32 Ft XL,268471704
DN09R9380,32 Ft XL,3445692610
MH43BG3236,32 Ft XXL,1.37249E+18
RJ11GC5442,32 Ft XXL,149347528
RJ32GC8252,32 Ft XL,1626143952
TN34AH0274,20 Ft XL,3536538517
NL01AE1170,32 Ft XL,3261373768
HR38Z2938,34 Ft XL,3216817949
HR63D6358,32 Ft XL,3897150789
NL01Q4042,32 Ft XL,1.27493E+18
MP09HJ0171,32 Ft XXL,1784565714
TN52AD2097,32 Ft XXL,2463131370
MH02FG3412,20 Ft XL,3946627381
TS07UG2159,32 Ft XXL,3706224517
HR38AB1666,32 Ft XL,2111733133
GJ27TD7363,32 Ft XXL,2630155482
GJ09Y8227,32 Ft XL,1002224970
KA01AJ1906,32 Ft XL,727275022
RJ11GC9249,32 Ft XL,1188774641
NL02N1351,32 Ft XXL,690336119
HR55AE4895,32 Ft XL,539372227
BR01GK4231,32 Ft XL,2058958247
TN52AA0666,32 Ft XXL,1.37286E+18
TN58AJ1756,20 Ft XL,381592855
MH04LQ7215,22 Ft XL,35760143
MH31FC6089,20 Ft XL,2322831403
MH12MV7288,32 Ft XXL,2260064567
HR38V0075,32 Ft XL,1.27493E+18
MH04KU1530,32 Ft XL,2984689483
HR55AL0939,32 Ft XXL,1.27493E+18
WB05A3349,32 Ft XXL,1080031028
MH04JU1101,32 Ft XXL,2984689483
GJ15AV1979,32 Ft XL,4067572575
UP78HT2227,32 Ft XXL,3053775769
KA06AC3422,32 Ft XL,3598520858
MH46BF9688,32 Ft XL,2440221538
HR47C3143,32 Ft XL,1.27493E+18
RJ32GC7619,32 Ft XL,265122025
KA51AJ0283,22 Ft XXL,1156158231
HR38U0842,34 Ft XL,2995672182
RJ31GB7172,32 Ft XXL,3792397753
KA52A5377,30 Ft XXL,1962303682
MH46BF8058,32 Ft XL,3735662695
MH48AG2720,32 Ft XL,395223959
UP13AT5858,32 Ft XL,1310073092
PB13AW8553,32 Ft XL,1.36953E+18
MH04FU2231,32 Ft XL,419895302
TN39BR6579,32 Ft XXXL,3454225073
UP16GT5357,32 Ft XL,3404567956
MH46CL9650,32 Ft XL,1261369310
HR55AP9198,32 Ft XL,1073628303
DL1MA4618,20 Ft XL,1843032663
MH12SF1906,32 Ft XL,1280581805
HR55AC8245,32 Ft XL,267942975
TN39DX3633,32 Ft XXL,2417566671
GJ39T7385,40 Ft DXL,1649101344
HR38AF4762,32 Ft XL,346898820
HR37E9609,32 Ft XL,1487578275
GJ27T0309,32 Ft XXL,522595781
RJ14GJ5112,32 Ft XXL,782744564
TN39CP6599,32 Ft XXL,2952193960
MH04JU2893,32 Ft XXL,1477332237
HR38V9549,32 Ft XL,2897610068
NL01Q2584,32 Ft XXL,2993117073
HR38T2532,32 Ft XL,2858977521
HR55AA4402,32 Ft XL,660306089
HR38AB0603,32 Ft XL,744933130
MH46BB4054,32 Ft XXL,1812459262
NL01AF7312,32 Ft XXL,1147749398
NL01Q4085,32 Ft XL,1.27493E+18
GJ18AX9926,32 Ft XL,1421544235
HR38AD6633,30 Ft XL,2275596032
TN39CP7317,32 Ft XXL,1271043962
TN34AH4947,26 Ft DXL,722363753
MH14GD3405,34 Ft XL,611100283
NL01AB0943,32 Ft XXL,1168052891
WB73F9155,32 Ft XXL,3587204810
UP13CT1769,20 Ft XL,761325456
TN25CF8669,32 Ft XXL,1350442366
HR55AE6158,32 Ft XXL,3648094054
MH24AU7538,20 Ft XL,4261734409
NL01AG1898,34 Ft XL,1324027201
HR55AH4197,32 Ft XXL,1.27493E+18
HR63E6863,32 Ft XXL,1164729439
HR55AE9749,32 Ft XXL,2512967465
HR55AR7513,32 Ft XXL,1.29422E+18
NL01AG1584,32 Ft XXL,3155944960
RJ14GR9614,32 Ft XL,1142481406
RJ02GC6821,32 Ft XXL,3202025075
MH04LE1801,32 Ft XL,573747521
HR55AL9889,32 Ft XL,3951664672
HR38AC5175,22 Ft XL,3239702900
TN88J6175,32 Ft XL,1317062825
NL01AG1145,34 Ft XXXL,2059618537
TN88K9792,32 Ft XXL,863134033
TN77D9835,32 Ft XXL,1.41743E+18
HR63C1321,32 Ft XXL,1573419948
HR55AM7525,32 Ft XL,3000356243
HR55V8821,32 Ft XL,267942975
HR55AD3706,32 Ft XXL,2715223503
MH46BM9451,32 Ft XXL,878491648
RJ40GA6112,32 Ft XXL,940870303
HR55AB4459,20 Ft XL,3387547965
HR47D0231,32 Ft XL,858282445
MH40CT0357,20 Ft XL,2898795827
TN12AT5881,32 Ft XXL,533208363
GJ01JT2250,32 Ft XL,2622524935
DL1MA8182,20 Ft XL,1386549961
MH43BP3409,32 Ft XXL,1.37249E+18
RJ11GC2037,32 Ft XXL,3832632332
HR38AD1668,34 Ft XL,2399895960
MH14GD2037,32 Ft XL,2671813342
KA03AL0403,20 Ft XL,1893840531
DL1MA1528,20 Ft XL,1044538109
HR68B5808,32 Ft XXL,2838899538
RJ10GB6656,32 Ft XL,1219188435
CH01TB6466,32 Ft XL,2838899538
GJ27TD5605,32 Ft XL,2571005689
MH46BU9651,32 Ft XXL,878491648
HR55AR1551,32 Ft XXL,1.27493E+18
HR63F6725,32 Ft XL,1475081516
HR55AK5624,32 Ft XL,3398053050
NL01AE7934,32 Ft XXL,1.27493E+18
HR38AC6834,32 Ft XL,1599883026
HR55AM6656,32 Ft XXL,1.27493E+18
KA51AH8520,32 Ft XL,3073368300
TN88J3373,32 Ft XXL,1341137421
MP04HE6078,32 Ft XXL Ft XXL,4097179350
MH04LQ9755,20 Ft XL,712439304
RJ52GB0443,32 Ft XL,1578059336
RJ22GB5647,32 Ft XXL,3522418087
TN97E2745,24 Ft XXL,3495071381
HR68B7203,32 Ft XXL,2838899538
HR55AM3782,32 Ft XL,1933894296
NL01N3936,32 Ft XL,2861709397
MH04KF7486,32 Ft XL,573747521
RJ18GA9982,32 Ft XXL,2127455586
TN12AR4557,20 Ft XL,4187085442
TN88H8276,32 Ft XXL,2790055459
KA51AH6611,32 Ft XXL,3267183048
KA01AM1749,32 Ft XL,1527983037
HR55AL3719,32 Ft XL,1.36953E+18
HR55AE8036,32 Ft XL,3139241246
HR68B8141,32 Ft XXL,2838899538
NL01AF4833,32 Ft XXL,1008222599
KA21B2187,22 Ft XL,2769763337
TN88J0193,32 Ft XXL,1096970933
RJ14GQ2083,32 Ft XL,1.27493E+18
HR55AK7447,32 Ft XXL,1.27493E+18
MH04LQ7544,32 Ft XL,573747521
MH15FV5229,32 Ft XXL,1654148810
HR55AL8251,14 Ft XL,3000356243
WB23E4109,32 Ft XL,560318007
WB05A2876,32 Ft XL,1080031028
NL01AD9396,32 Ft XL,481817470
NL01AD2919,32 Ft XXL,1.27493E+18
MH46BU5140,32 Ft XL,3823797128
MH46BB6351,32 Ft XXL,2001354312
NL01N7453,30 Ft XXL,1355641096
NL01AE7813,32 Ft XL,3117739931
HR38AD0921,32 Ft XL,292837692
RJ14GR9018,32 Ft XL,2180774793
HR47C1900,32 Ft XXL,1507374815
MH43BP9802,32 Ft XXL,104415644
RJ27GC0747,32 Ft XL,2146623208
HR47D1171,32 Ft XL,1.27493E+18
RJ32GD4116,32 Ft XL,238962439
TN88U9779,32 Ft XXL,3454225073
MH48AG2722,32 Ft XL,395223959
TS08UF6400,32 Ft XXL,3176493173
NL01Q4601,32 Ft XXL,2801034619
PB11BY1765,32 Ft XL,3601019969
HR74B0960,32 Ft XXL,1316849815
DL1LAB1451,14 Ft XL,146335248
NL01AG6586,32 Ft XXL,2715223503
HR55X2790,32 Ft XL,3829863930
DD01N9079,32 Ft XXL,163511175
HR69D7178,32 Ft XXL,3193912759
MH04HY6967,32 Ft XL,1763251974
GJ23AT5310,32 Ft XL,934762229
TN30AT6361,32 Ft XL,2570274621
TN52J9788,32 Ft XXL,1.37286E+18
HR55AG2946,32 Ft XL,1399514005
HR38AB1437,32 Ft XL,3706224517
HR55AT7286,32 Ft XL,1993271565
TN55CT2194,20 Ft XL,3028745086
HR38AD0836,34 Ft XL,1017497294
MH40CM5847,32 Ft XXL,761325456
HR38AG4035,32 Ft XL,2447723031
MH04GF8861,32 Ft XXL,2062614801
MH46BB9441,32 Ft XL,1323381085
HR55AF2742,32 Ft XXL,3234395569
MH46AF5160,20 Ft XL,4115532120
MH04JK3342,20 Ft XL,3940096407
NL01AB4291,32 Ft XL,611100283
MH04JK8902,32 Ft XXL,1573407155
MH46BB8781,32 Ft XL,3325070755
HR55Y8899,32 Ft XL,1.35908E+18
DD01R9737,32 Ft XL,2008158030
MH42BF8755,20 Ft XL,3503617954
TN52AB5377,32 Ft XL,1.29099E+18
MH43BX0679,32 Ft XXL,1.37249E+18
KA01AQ0954,32 Ft XL,1.32425E+18
MH46BF2874,32 Ft XL,4136868482
HR61E1676,32 Ft XL,931793188
RJ10GB1876,32 Ft XXL,4285472463
MH04LQ6872,22 Ft XL,1394843809
KA01AM1029,32 Ft XXL,1.28381E+18
DD01J9467,32 Ft XL,1495002572
WB174337,32 Ft XXL,517914104
MH20EG0631,32 Ft XXL,1631527110
TN05CM4227,32 Ft XL,23845928
HR38W3933,34 Ft XL,2448102391
DD01P9698,32 Ft XL,3539489649
WB25G8687,20 Ft XL,3114406974
NL01AH2190,32 Ft XXL,154705261
KA51AF3247,22 Ft XL,4236569486
MH46BU8511,32 Ft XXL,2382993103
NL01AF7352,32 Ft XL,2146623208
RJ32GC8539,32 Ft XL,2546199617
TN39CS1416,34 Ft XXXL,1271043962
NL01AF2395,32 Ft XL,1.27493E+18
NL01AG0013,32 Ft XXL,2638422073
DL1MA8949,20 Ft XL,3612892130
HR55AJ9628,32 Ft XXL,1.27493E+18
RJ01GC3755,40 Ft DXL,1363389184
HR66B9603,32 Ft XXL,823897004
KA51AC4374,32 Ft XL,3689497474
RJ11GC1523,32 Ft XXL,663241981
MH40CM4304,32 Ft XL,761325456
NL01AD2921,32 Ft XXL,1.27493E+18
HR66B6993,32 Ft XL,1242574798
NL01AG6587,32 Ft XXL,2715223503
MH04LE6139,32 Ft XL,1647748010
MH04LQ4924,22 Ft XL,4108214217
MH46BM1839,32 Ft XL,3828730693
MP09HH3196,32 Ft XXL,3706224517
MH43BX2540,32 Ft XXL,1.37249E+18
NL01AE7231,32 Ft XXL,1.27493E+18
NL01AE5838,32 Ft XL,1763251974
TN05CJ3627,32 Ft XL,23845928
MH46AR2064,32 Ft XXL,3154981282
RJ52GA6872,32 Ft XXL,3509917328
TN28BD9718,32 Ft XXL,1.27493E+18
TN39CT9078,32 Ft XXL,1189346497
TN96H2048,32 Ft XXXL,3803493155
NL01AE0231,32 Ft XXL,1.27493E+18
HR55AS7672,32 Ft XL,2766089958
MH04JK8926,32 Ft XL,1763251974
PB11CN4897,32 Ft XXL,1.30221E+18
RJ32GC1048,32 Ft XXL,3553993300
PB13AZ9996,32 Ft XL,960632885
HR55AK6790,32 Ft XXL,44833150
HR55AL8670,32 Ft XL,1253470403
MH04LY5983,32 Ft XL,1219120877
HR55AQ2016,32 Ft XL,1744554132
TN39CU6944,20 Ft XL,310681829
TN54S7825,20 Ft XL,4289283464
HR38AA1463,32 Ft XL,1276811597
TN52P8656,32 Ft XXL,2463131370
NL01AH0565,32 Ft XL,2337111323
NL01AC0322,32 Ft XXL,674609754
TN30BD1641,32 Ft XXL,3573179141
KA01AN1607,22 Ft XL,4186992177
HR38W0920,20 Ft XL,4005802236
HR55AB5427,32 Ft XXL,1.27493E+18
MH04MH1275,22 Ft XL,2845067733
TN34AC6914,32 Ft XL,3536538517
HR38AE5785,22 Ft XL,1558659267
HR55AH1413,20 Ft XL,3000356243
HR55Y0425,32 Ft XXL,3648094054
HR61E6948,32 Ft XL,3000670204
HR55S2727,32 Ft XL,1.27493E+18
KA01AH4657,32 Ft XL,1.30119E+18
TN30BD1630,32 Ft XXL,1629157730
PB13AW9483,20 Ft XL,578101994
KA01AM1686,22 Ft XL,4186992177
DD01E9261,32 Ft XL,2841375013
RJ14GT0488,32 Ft XXL,2503455934
HR55AM9856,22 Ft XL,3387547965
HR55AJ6919,32 Ft XL,1.36953E+18
HR55AP5269,32 Ft XL,3782184908
MH12SX1749,20 Ft DXL,723912061
CH01TB4831,32 Ft XXL,2838899538
MH04KU6528,20 Ft XL,3088539230
HR55AC8282,32 Ft XXL,149166325
MH03CP4472,32 Ft XXL,1875429376
GJ27TD4456,32 Ft XXL,3118177014
RJ14GN4266,32 Ft XXL,3592248843
RJ14GR8869,32 Ft XL,2778726045
MH04KU7381,32 Ft XXL,1.37247E+18
TN88H5781,32 Ft XL,568275804
MH04JK0480,20 Ft XL,346024543
RJ14GQ2686,32 Ft XL,1142481406
HR55AN7666,32 Ft XL,3117739931
HR841351,32 Ft XXL,3524332192
KA51D2606,32 Ft XXL,902512755
HR55AA4586,32 Ft XXL,1.34387E+18
NL01N2834,32 Ft XXL,1168052891
HR55AA3119,32 Ft XL,2612215395
HR38U5246,32 Ft XL,4133929115
NL01AJ4203,40 Ft DXL,4255940877
MH46BU4885,32 Ft XXL,2160159070
NL01AH6022,32 Ft XXL,2459640882
HR37D7925,32 Ft XXL Ft XXL,2384027914
KA51AG4087,32 Ft XXL,3267183048
HR55AM2373,32 Ft XXL,769874695
HR55AL3682,22 Ft XL,3654861895
HR47F3038,22 Ft XL,2188882136
TN33AQ6499,32 Ft XL,765680457
TN46Y8376,20 Ft XL,106075174
HR55AF0325,32 Ft XL,1234471197
NL01AD1209,32 Ft XXL,1.27493E+18
DN09S9729,32 Ft XL,172906540
NL01AD9749,34 Ft XL,3731347356
HR55AK6352,22 Ft XL,3160752292
HR55AR0995,22 Ft XL,2572859129
DL1MA7014,20 Ft XL,2371588793
HR38Y2349,32 Ft XL,2275596032
HR55AB4687,32 Ft XXL,1.27493E+18
TN56R7149,32 Ft XXL,2314125170
HR38AA2542,34 Ft XL,1995526937
HR38V5156,32 Ft XL,1806953019
MH43BX3823,20 Ft XL,2126873029
GJ12AZ2999,40 Ft DXL,361831879
KA51AH7256,32 Ft XXL,154705261
DD01P9296,32 Ft XL,2725092042
TN30CB8077,32 Ft XXL,2227836433
TN42AC4044,32 Ft XL,1.27493E+18
DD01L9115,20 Ft XL,1133569185
MH05FJ2011,20 Ft XL,2525804104
GJ12BY5138,40 Ft DXL,1967006236
BR02GD5574,26 Ft DXL,3504217824
HR55AL0997,32 Ft XXL Ft XXL,1.27493E+18
MH43BX2542,32 Ft XXL,1.37249E+18
KA01AG8337,32 Ft XXL,776111238
HR38AD0995,32 Ft XXL,4203907520
TN52AB3933,32 Ft XXL,1.37286E+18
HR61D6880,32 Ft XXL,2072286350
NL01AC4689,32 Ft XXL,1.29422E+18
HR38AE2578,34 Ft XL,2399895960
TN16V4169,32 Ft XXL,1350442366
DL1GC9686,22 Ft XXL,4093642513
MH04LE1051,32 Ft XXL,725706556
TN30CB9801,32 Ft XXL,3592864251
RJ14GG8163,32 Ft XXL,3032333235
HR39E4007,20 Ft XL,561123748
DL1MA9290,22 Ft XL,1728887769
BR02GD9819,32 Ft DXL,3504217824
RJ14GK6871,32 Ft XL,1142481406
KA01AQ0953,32 Ft XL,1.32425E+18
TN88U9397,32 Ft XXL,4290163489
JH05DN0197,32 Ft XL,2567909942
HR55AN9157,22 Ft XL,1359407873
NL01AC0386,32 Ft XXL,1.27493E+18
KA02AH8386,22 Ft XL,131772426
MH04HS1559,20 Ft XL,3050340648
TS12UE4499,32 Ft XXL Ft XXL,1617854670
HR55AE5926,32 Ft XXL,3234395569
MH14EM8900,32 Ft XXL,1.27493E+18
HR38AC9064,34 Ft XL,1599883026
NL01L7044,32 Ft XXL,575644567
TS07UM5211,32 Ft XL,3649422397
MH04JU4614,20 Ft XL,108749163
HR55AA1590,32 Ft XL,208449432
MH46BF7796,32 Ft XL,2248536119
MH04LY1830,32 Ft XXL,2496854578
HR38W1990,32 Ft XL,183624329
MH04JU5390,32 Ft XL,1763251974
NL01AH4307,32 Ft XXL,1.29422E+18
HR47D8952,32 Ft XL,4274074126
HR62A4468,32 Ft XL,959619212
TN11P2832,32 Ft XXL,1.4178E+18
TN88J5758,32 Ft XXL,1.41263E+18
MH43BX0929,32 Ft XXL,1.37249E+18
HR55V1572,32 Ft XL,1.27493E+18
MH04LE1803,32 Ft XL,573747521
HR38AC1125,22 Ft XL,3139241246
MH43BP4231,20 Ft XL,2126873029
HR63C6035,32 Ft XL,1310073092
HR55AP2387,32 Ft XL,2023278004
RJ09GC2032,32 Ft XXL,1183707012
HR55AS6396,22 Ft XL,1768193902
DD01R9387,32 Ft XL,2008158030
RJ14GQ2615,32 Ft XXL,3261373768
NL01AD3470,32 Ft XL,1810559494
TN79D0319,24 Ft XL,863995787
MH04KF0537,20 Ft XL,844649569
RJ10GB2377,32 Ft XXL,2734507495
HR55AC3373,32 Ft XXL,881402851
WB05A1730,32 Ft XL,1080031028
MH40CD2706,20 Ft XL,411122398
NL01AG0020,32 Ft XXL,2638422073
HR55AK0439,32 Ft XXL,1.27493E+18
GJ01KT3509,32 Ft XL,351731271
HR847717,32 Ft XL,718481859
GJ01DT6277,32 Ft XL,4043925110
KA53D3583,17 Ft XL,516095192
NL01AJ3589,32 Ft XXL,903693003
DL1MA6413,32 Ft XL Ft XL,3891668866
MH46AF0528,20 Ft XXL,1259620876
HR55AK8831,20 Ft XL,2710936753
MH42AQ6053,32 Ft XL,1168052891
UP78FT8006,20 Ft XL,2069124165
TN88J0232,32 Ft XL,4081329227
HR63D7879,32 Ft XL,1846249468
MH04LE8374,20 Ft XL,1589787266
RJ09GB8437,32 Ft XXL,2374041767
KA52B3299,22 Ft XL,2222256497
WB23J3563,34 Ft XL,1896775425
WB05A2695,32 Ft XL,1080031028
HR45D6571,40 Ft DXL,2028315697
MH46AF4821,32 Ft XL,1518948099
RJ32GD3270,34 Ft XL,1029912788
HR38S7521,32 Ft XXL,744933130
TN88AZ8209,32 Ft XXL,915329855
HR55Y0938,32 Ft XXL,3648094054
HR55AK6668,32 Ft XXL,1482464153
NL01AC3592,32 Ft XXL,2459640882
RJ14GG3509,34 Ft XXL,1017497294
TN28BH6360,32 Ft XXL,3137532712
TN52AB9873,32 Ft XXL,1.32425E+18
HR55AT0766,32 Ft XL,2605562883
HR56B1545,32 Ft XXL,3121727294
MH43BG3117,32 Ft XL,1.37249E+18
TN39DD2809,32 Ft XXL,3493610581
MH48CQ6526,22 Ft XL,2709739130
GJ01HT6303,32 Ft XL,752912893
HR61D4860,20 Ft XL,2963006445
RJ14GH0336,32 Ft XXL,1780897230
TN12AU2095,32 Ft XL,3657913855
HR55AR0362,32 Ft XL,3951664672
TN88AZ4579,32 Ft XXL,4224789296
MH43BP3116,32 Ft XXL,2213555593
NL01AF0648,32 Ft XXL,1998098341
RJ14GQ1832,32 Ft XXL,372281998
NL01AG8411,34 Ft XL,2903670965
TN39DD4056,32 Ft XXL Ft XXL,3493610581
TN22DE8475,20 Ft XL,1703427975
MH43BX5273,32 Ft XXL,1982357314
HR55AA3182,32 Ft XL,208449432
MH43BX0687,32 Ft XXL,1.37249E+18
RJ32GD3090,32 Ft XL,356233306
HR55AR7093,32 Ft XL,660306089
HR55AL1956,22 Ft XL,1732868091
NL01AE7912,32 Ft XXL,1.27493E+18
RJ32GB9271,32 Ft XXL,1.27493E+18
HR61E9742,22 Ft XL,2667832329
MH43BG3136,32 Ft XXL,1.37249E+18
MH43BX3227,32 Ft XXL,1.37249E+18
RJ32GD1689,32 Ft XXL,3425893686
MH14JP6499,32 Ft XL,589546240
RJ52GB1881,32 Ft XXL,2400234572
RJ18GA3887,32 Ft XL,2594083566
HR68C7092,32 Ft XL,2838899538
HR55AK1643,32 Ft XXL,3648094054
KA53AA8853,32 Ft XL,1.27493E+18
WB05B3284,32 Ft XL,1080031028
HR55AM9385,32 Ft XXL,2657042234
NL01Q9337,32 Ft XXL,1052533081
KA51AG4379,20 Ft XL,1823495677
MH14JL6422,32 Ft XL,2543797088
HR55AH0825,32 Ft XXL,1.27493E+18
TN12AR4293,32 Ft XXL,1308237041
TN52AA2288,32 Ft XXL,1.27493E+18
HR55AF4171,32 Ft XL,157134406
UP16HT4914,32 Ft XXL,1168052891
HR38U8028,32 Ft XL,1.27493E+18
MH48CB7463,20 Ft XL,2709739130
TN37EX9291,20 Ft XL,415450706
WB05A1668,32 Ft XL,1080031028
TN84A7440,20 Ft XL,3576275308
GJ27U9171,24 Ft XL,2760994774
TN28BH6386,32 Ft XXL,3137532712
HR38AB0619,34 Ft XL,1599883026
HR55T1504,32 Ft XXL,3234395569
HR55AJ2643,32 Ft XL,2853112797
TN36BV7627,32 Ft XXL,1701426074
MH04FP2748,20 Ft XL,3314012324
HR38AD6300,32 Ft XL,2144723344
HR69D9120,32 Ft XXL,3300087504
TN59DC8795,20 Ft XL,1619213589
TN25BT3535,32 Ft XXL,2373761617
HR55AP7784,32 Ft XL,1498765415
HR55AQ9425,22 Ft XL,201046077
KA52B8236,22 Ft XL,2154408635
TN22DX9081,20 Ft XL,4104498696
HR38AD7043,34 Ft XL,4239308576
HR55AP3154,32 Ft XXL,3234395569
GJ15AV6549,32 Ft XL,1135931905
MH26CH1306,20 Ft XL,345395991
TS08UB0911,32 Ft XXL,3829683448
MH12RN3722,32 Ft XL,3720707301
JH05BV1715,22 Ft XXL,997453790
TS07UL3289,32 Ft XXL,1473433051
UP25CT6194,32 Ft XXL,430803039
RJ32GD3929,32 Ft XL,2124614750
MP09GG6782,20 Ft XL,2439808669
MH04LQ3706,32 Ft XL,1470923263
KA51AJ4025,32 Ft XXL,1.27493E+18
GJ01KT3323,32 Ft XL,3805031758
KA53AA9289,32 Ft XL,404927654
DD01Y9439,32 Ft XL,789232929
TN52AB2827,32 Ft XL,1.32425E+18
NL01AF7986,32 Ft XL,3796565763
RJ11GB6098,24 Ft DXL,3504217824
MH04JU2752,32 Ft XXL,2669242085
MH24AB8299,24 Ft DXL,3954209148
TN04BA1683,32 Ft XL,2685505536
HR55AD4601,32 Ft XXL,149166325
HR55Y0422,32 Ft XXL,1.34095E+18
NL01L6034,32 Ft XXL,1111699978
NL01N0317,32 Ft XXL,1355641096
NL01AC0251,32 Ft XL,1116160635
MH42AQ7776,32 Ft XL,1.27493E+18
NL01AJ2607,32 Ft XL,3104138433
MH04KF9334,32 Ft XL,1283746260
KA22D5411,20 Ft XL,837901335
NL01AB8854,32 Ft XXL,3300087504
MH46CL0188,32 Ft XXL,3944964191
MH04HD6284,32 Ft XL,3232857736
RJ11GC2806,32 Ft XXL,1.3095E+18
KA04AC6835,20 Ft XL,1588812120
RJ11GC5092,32 Ft XXL,135479099
DD01U9895,32 Ft XL,2073318870
TN15MA2727,32 Ft XXXL,34333609
TN88K6493,32 Ft XL,1317062825
MH46AR6826,32 Ft XXL,1695120916
GJ12BX3149,36 Ft XXXL,1649101344
NL07AA4834,32 Ft XL,1181632531
BR29GC5009,40 Ft DXL,3504217824
TN52J5685,25 Ft DXL,722363753
HR55AL0933,32 Ft XL,4112769211
RJ14GP4943,32 Ft XXL,802021661
GJ15AX0015,32 Ft XL Ft XL,3157731917
PB10ES4562,32 Ft XL,1.27493E+18
MH04KU7453,20 Ft XL,33648528
TN07BE4674,20 Ft XL,1908930337
MH04HY4823,22 Ft XL,51644182
UP30BT2617,32 Ft XL,3393466958
MH43BX3216,32 Ft XXL,1.37249E+18
DL1MA7400,20 Ft XL,2072733907
RJ11GC8000,32 Ft XXL,892765382
HP12H0573,32 Ft XL,2132726553
HR47G9111,32 Ft XXL,3584401640
UP21CT9995,32 Ft XXL,614429144
RJ11GC5730,32 Ft XXL,1.33805E+18
TN88W3479,32 Ft XXL,1271043962
DL1MB2800,22 Ft XL,4152824840
HR66C3480,20 Ft XL,1707116498
MH43BX7165,20 Ft XL,2126873029
HR55AF4835,32 Ft XL,265122025
MP09HH3649,32 Ft XXL,2050479127
MH04KU7974,22 Ft XL,3630080344
TN88U5779,32 Ft XXL,1817509820
HR55AL3805,32 Ft XXL,1.27493E+18
DD01Q9177,32 Ft XL,4188950607
HR55AK8514,22 Ft XL,3425196473
MH04KU7365,32 Ft XXL,1.37247E+18
DD01R9452,32 Ft XXL,1784565714
MH43BP6998,20 Ft XL,2126873029
HR55T6256,32 Ft XL,4035112810
HR38AA7401,32 Ft XL,3764175617
RJ23GC2262,32 Ft XXL,2562173761
GJ27TD8253,32 Ft XL,3190063275
NL01AB5422,32 Ft XXL,769874695
TN88J3942,32 Ft XXL,2361821579
HR55AE1006,32 Ft XXL,3234395569
TN88U6939,32 Ft XXL,1.38545E+18
HR55AS9691,32 Ft XL,2514232031
RJ11GB6217,32 Ft XXL,3832632332
MH04JK0463,32 Ft XL,2661071443
NL01AF0380,32 Ft XXL,3155762556
HR55AK9571,32 Ft XXL,1.27493E+18
TN52L0722,32 Ft XXL,3857087399
MH04LY2779,32 Ft XXL,2496854578
DD01M9853,22 Ft DXL,54612708
WB39B3478,32 Ft XL,1336031627
MP09DX7318,32 Ft XXL,3706224517
MH04LQ9733,32 Ft XL,844649569
HR55AG8332,32 Ft XL,2349979998
UP66T7269,20 Ft XL,2448895262
TN39CT8987,32 Ft XXL,2685505536
MH46BF6615,32 Ft XL,4155638782
MH46BF3576,32 Ft XL,1645396204
RJ14GP8442,32 Ft XXL,3310646587
HR55AK3107,22 Ft XL,3053163127
TN28BJ3816,32 Ft XXL,4294030720
MH04HD7371,24 Ft XXL,3348034227
RJ47GA4316,32 Ft XXL,2532614300
NL01Q2783,32 Ft XL,806780729
HR55AN5544,32 Ft XXL,3234395569
PB13AW7113,32 Ft XXL,3952074745
NL01AH1696,32 Ft XL,3104138433
RJ52GB1814,32 Ft XXL,1573419948
NL07AA4828,32 Ft XL,1181632531
HR55AV2244,22 Ft XL,433689499
PB05AP1295,34 Ft XL,512034430
WB05A3301,32 Ft XXL,1080031028
MH12TV3676,32 Ft XL,2066449745
MH14HU4848,32 Ft XXL,1.27493E+18
RJ18GB9918,22 Ft XL,1.3775E+18
TN85S3670,22 Ft XL,3201071426
JH10CQ0841,20 Ft XL,3351277778
KA22D3143,20 Ft XL,3933475176
RJ40GA4813,32 Ft XXL,3919026023
HR61D2897,32 Ft XXL,1495002572
RJ14GP8417,32 Ft XXL,1147749398
TN52H4880,32 Ft XXL,1.27493E+18
RJ14GP8505,32 Ft XXL,1147749398
HR55AB0843,20 Ft XL,1.35842E+18
RJ40GA3395,32 Ft XXL,2993117073
GJ07YZ7674,32 Ft XL,275727868
HR38AD8615,32 Ft XL,2275596032
KA02AH4522,32 Ft XXL,2040112414
NL01Q1827,32 Ft XXL,4112769211
RJ41GA4243,32 Ft XL,1.27493E+18
HR55AU4532,32 Ft XL,2349979998
MH46BU9456,32 Ft XXL,3142727949
HR38X1307,32 Ft XL,2495468461
HR55AK2681,32 Ft XXL,1.27493E+18
MH04JK3892,32 Ft XL,2847498919
MH46BU2318,32 Ft XL,960632885
TN88AY2425,32 Ft XXL,1514556212
TN52M6275,32 Ft XXL,3154132979
NL01AD4261,32 Ft XL,1438030614
HR38AC4704,32 Ft XL,2399895960
NL01AE6912,32 Ft XXL,1.27493E+18
GJ01KT4074,32 Ft XL,1340117688
HR38V8502,34 Ft XL,4281343464
RJ32GC2561,32 Ft XXL,1960149178
WB11F2395,32 Ft XXL,3104428041
MH04LY5608,32 Ft XL,1544115913
MH04JU4923,20 Ft XL,2603827886
MH47AS0144,32 Ft XL,2219697164
HR38X8212,32 Ft XXL,3774299076
HR74B4923,24 Ft XXL,1921398566
RJ11GC2900,30 Ft DXL,3720023400
MH04LE1917,20 Ft XL,3227557528
MH43CK7199,32 Ft XXL,1242355690
TN52AC4303,32 Ft XXL Ft XXL,2881336242
HR38Z5566,32 Ft XL,890382056
NL01AG0812,32 Ft XXL,1407618984
MH04LE8951,32 Ft XXL,2496854578
KA595842,32 Ft XL,3189752954
RJ14GH3915,32 Ft XL,245875254
RJ11GB9192,32 Ft XXL,3145915931
UP78GN7527,32 Ft XXL,3053775769
HR55AJ4722,22 Ft XL,3693967299
MH43BP5255,20 Ft XL,1188107288
HR55AF3877,32 Ft XXL,1.34095E+18
KA02AG7245,20 Ft XL,3278069371
MH43BX0973,32 Ft XXL,1.37249E+18
GJ15AV6437,32 Ft XL,1240077323
MH04LE6142,32 Ft XL,1647748010
MH43CE6912,20 Ft XL,2126873029
HR55AM7917,32 Ft XXL,1.27493E+18
HR38AE2568,22 Ft XL,1558659267
RJ10GB2044,32 Ft XXL,187491857
RJ14GK3298,32 Ft XXL,1.29422E+18
HR38V7621,32 Ft XL,1.27493E+18
RJ14GP8459,32 Ft XXL,1147749398
NL01AC2580,32 Ft XL,4246702836
HR55AA4700,32 Ft XL,481817470
KA52B4640,20 Ft XL,3425071364
MH04LE9921,20 Ft XL,627544408
NL01AD9737,32 Ft XXL,1.27493E+18
MH04LY4090,32 Ft XXL,2003442314
DL1LAL2379,14 Ft XL,241939549
PB13BC0622,32 Ft XL,2215215103
RJ01GC9419,36 Ft XXXL,3298518857
HR55AE9490,32 Ft XXL,714576834
TN01BD5616,32 Ft XL,3268912921
KA51AJ5966,32 Ft XL,1726171411
HR55AK6893,22 Ft XL,818100544
OD11C8847,32 Ft XXL,657781817
TN34AF1209,32 Ft XXXL,1127926498
RJ19GG3507,34 Ft XXXL,2059618537
MH43BX5790,32 Ft XL,2396252632
TN70AP9724,22 Ft XL,724983716
OR11K9437,32 Ft XXL,560318007
NL01AC8694,32 Ft XXL,2263179590
HR67A9794,32 Ft XXL,3193912759
KA03AF9391,32 Ft XXL,2801295194
TN28AJ3915,32 Ft XXL Ft XXL,3521290384
TN54K5040,32 Ft XXL,3682268225
RJ14GJ6020,32 Ft XXL,1119100513
MH42AQ4751,32 Ft XL,2309589505
MH04JU1935,32 Ft XXL,1259620876
RJ52GB3113,32 Ft XL,1974258962
HR55AL8825,22 Ft SXL,3693967299
HR38AD3952,22 Ft XL,119628947
GJ01DY1685,32 Ft XL,3335723202
MH14FT1651,32 Ft XXL,4100923775
HR55AJ3894,22 Ft XL,1087332156
HR55AH1478,32 Ft XXL,1.27493E+18
MP06GA2444,32 Ft XL,2179168570
KA53AA8762,32 Ft XL,1.27493E+18
NL01AH5593,32 Ft XXL,1617854670
TN96H4218,20 Ft XL,608136210
MH04KU1045,32 Ft XL,1.3653E+18
MH46BU2173,20 Ft XL,2321627227
KA51AH6764,32 Ft XXL,1.29971E+18
TN52F7630,32 Ft XXL,1317871552
KA596810,20 Ft XL,3598520858
HR38X2392,32 Ft XL,2955837696
GJ15AT2629,32 Ft XL,3488192483
MH04FU7729,32 Ft XXL,2496854578
KA51AG5301,24 Ft XL,1861644730
NL01AB0326,32 Ft XL,4112769211
RJ14GN2433,32 Ft XL,2783829460
HR47G5473,32 Ft XXL,1592936837
RJ10GB7568,32 Ft XL,1219188435
NL01AE3955,32 Ft XL,2994594257
HR55AN2469,22 Ft XL,1223217035
HR55AK5115,20 Ft XL,1.3775E+18
HR47E3674,32 Ft XL,1.27493E+18
TN40AC4775,22 Ft XXL,2035918744
KA593547,32 Ft XL,3002720573
NL01AE8143,32 Ft XXL,1.27493E+18
MH04LQ7636,32 Ft XXL,2555712812
MH04KU5167,32 Ft XL,3852901159
PB02DU2363,32 Ft XXL,95300342
NL01AG0612,32 Ft XXL,1352940074
MH05DK6806,32 Ft XL,537878727
RJ11GB9117,32 Ft XXL,3106031340
HR47D4037,32 Ft XXL,1.3715E+18
KA01AJ2773,20 Ft XL,1.28381E+18
MH43BX0933,32 Ft XXL,1.37249E+18
HR65A3926,32 Ft XXL,2322689137
HR55AJ9064,22 Ft XL,1.35842E+18
NL01AH0045,34 Ft XL,17667683
RJ47GA3394,40 Ft DXL,4255940877
RJ32GD6816,32 Ft XL,1.27493E+18
HR55AE0849,32 Ft XXL,1.34095E+18
WB05A1831,32 Ft XL,1080031028
HR47D0444,32 Ft XL,4242867162
TS07UE4353,32 Ft XXL,3829683448
HR61D1203,20 Ft XL,1.27493E+18
TN20DH4923,32 Ft XL,2247350398
MH04HY2330,32 Ft XL,2055834171
GJ12BX9460,32 Ft XXL,3746909028
HR55AL4536,32 Ft XL,1253470403
DL1MA8210,20 Ft XL,3500860804
MH46CU0288,20 Ft XL,3413902153
TN25BW2434,32 Ft XL,1189346497
JH02BM0183,32 Ft XL,1419122396
RJ14GN4279,32 Ft XXXL,2492278967
NL01AE7222,32 Ft XXL,1.27493E+18
CH01TB1561,32 Ft XXL,2838899538
MH46AR7782,20 Ft XL,2173719893
MH04LQ7711,20 Ft XL,3035918602
TN52K4983,32 Ft XXL,700660184
KA52B6973,34 Ft XL,1498431023
KA01AK5104,32 Ft XL,4022575768
TN88K9581,32 Ft XXL,1.41813E+18
HR38AH2009,34 Ft XL,4083294091
HR55X0777,32 Ft XXL,3648094054
RJ09GE0499,32 Ft XXL,1183707012
TS08UF3766,32 Ft XXL,3176493173
KA51AG5782,32 Ft XXL,3423810953
HR55AW9384,32 Ft XL,3656125104
MH12PQ6953,32 Ft XXL,2671813342
TN28BK9402,32 Ft XXL,2606711601
MH12NX0374,32 Ft XL,1188994017
KA51AJ0920,32 Ft XL,3935052635
AS01NC9274,32 Ft XXL,2791051512
TN48BW3858,22 Ft XXL,4058164197
KA01AK3736,32 Ft XL,727275022
HR61E5315,40 Ft DXL,2096221715
HR46F2389,32 Ft XL,4220346851
TN28BJ8258,32 Ft XXL,2005080439
NL02Q3760,32 Ft XL,1.30119E+18
TN96F6802,32 Ft XXL,3803493155
NL01Q7782,32 Ft XL,3914731708
MH46CL1408,20 Ft XL,2806089954
HR55AL1870,32 Ft XXL,1.27493E+18
GJ27X6908,20 Ft XL,1518495408
TN52P2191,20 Ft XL,3174588582
MH04KU6678,32 Ft XL,3179876767
HR38X0975,34 Ft XL,2448102391
MH46BB7751,32 Ft XXL,878491648
HR55Y0940,32 Ft XXL,3648094054
HR38AC1796,32 Ft XL,2858977521
HR38AA5614,32 Ft XL,573222403
RJ32GD1340,32 Ft XL,1.27493E+18
HR55AK2960,20 Ft XL,2786914631
HR47D8267,32 Ft XXL,2254802433
HR55AM8377,32 Ft XXL,2657042234
TN18BD8708,20 Ft XL,2607393497
HR55AP8245,22 Ft XL,3335861161
HR55X5791,32 Ft XL,4217818
MH43BP7132,32 Ft XXL,508628337
MH05EL8094,22 Ft XL,407106004
HR47D7373,32 Ft XL,1817278670
NL01AB2816,32 Ft XXL,674609754
GJ15AT0173,32 Ft XL,1135931905
HR55AL5790,20 Ft XL,3630080344
MH04LY3420,32 Ft XL,3946627381
HR55AL8658,32 Ft XXL,1.27493E+18
MH47Y2647,20 Ft XL,599964622
MH46F3512,32 Ft XXL,325838392
HR47D4057,32 Ft XL,4262854756
HR55AJ7331,32 Ft XL,265122025
MH43BP2330,32 Ft XL,838265691
MH40CM3660,20 Ft XL,1240767765
RJ11GB4921,32 Ft XXL,2576064134
UP66AT2291,22 Ft XL,294131035
DN09R9381,32 Ft XL,3009755333
TN12BA9644,32 Ft XL,3616466844
MH04LE4254,32 Ft XL,2293096764
HR61D6955,32 Ft XL,3110199911
HR61F2051,22 Ft XL,147476654
WB23G0802,32 Ft XL,3543588710
MH43BX2998,32 Ft XXL,1.37249E+18
HR55AL7001,22 Ft XL,537489368
HR38AB6719,24 Ft XL,1816174169
HR55AD7822,32 Ft XXL,903693003
RJ23GD0511,32 Ft XXL,4116653121
HR55AP5410,32 Ft XXL,3234395569
NL01AG1617,32 Ft XXL,1038921782
KA39A2346,32 Ft XXL,2768506079
TN88U4939,32 Ft XXL,1.38545E+18
MH04LQ1897,32 Ft XL,573747521
GJ12BY6771,40 Ft DXL,361831879
MH47AS4053,20 Ft XL,1403711368
KA53AB2370,32 Ft XL,3073368300
MH04JU7644,22 Ft XL,3045574443
RJ14GN1439,32 Ft XL,2783829460
MH04LY1531,32 Ft XL,2047696331
HR55AL5448,22 Ft XL,616191173
HR38AH0540,32 Ft XL,3908165514
TN28BH3543,32 Ft XXL Ft XXL,3656630308
HR61D0220,22 Ft XL,4278614358
NL01AF7883,32 Ft XL,1708392131
DD01K9324,32 Ft XXXL,2412338830
NL01L1560,32 Ft XL,1.27493E+18
KA52A1756,32 Ft XL,1527983037
MH44U2632,32 Ft XL,131203207
KA01AJ8664,32 Ft XL,3905849175
UP78JN4933,20 Ft XL,2069124165
NL01AH4353,32 Ft XL,3155944960
KA01AP6157,32 Ft XL,4186992177
KA01AK3733,32 Ft XL,727275022
MH04MH5910,32 Ft XL,2047696331
RJ09GC3269,32 Ft XXL,270169527
HR55AK6682,22 Ft XXL,645486872
TN52AD4755,32 Ft XXL,1.37286E+18
MH40CT1989,32 Ft XXL Ft XXL,761325456
MH04KU5366,20 Ft XL,3678859715
HR38V5990,34 Ft XL,1874062980
HR55AM1293,32 Ft XXL,1.27493E+18
TN58BH6342,22 Ft XXL,3085035082
MH03CV3683,32 Ft XXL,1982357314
NL01N2807,32 Ft XXL,1168052891
HR55AC2056,32 Ft XXL,1.34095E+18
NL01AF0883,32 Ft XL,3112611121
HR38V4155,34 Ft XL Ft XL,2399253328
TN90J2785,32 Ft XXL,1682090650
HR63B8565,40 Ft DXL,2028315697
HR38V8354,32 Ft XL,1361492651
HR47C9558,32 Ft XL,10651475
HR55AN7545,32 Ft XL,3117739931
HR46F2978,32 Ft XL,3888426839
HR37E7870,30 Ft DXL,3518046265
MH48AG8440,32 Ft XL,2039810350
MH46BM8179,32 Ft XL,662067935
MH04KF7794,20 Ft XL,108749163
MH46BF6382,32 Ft XL,3178848370
MH04HD2183,30 Ft XXL,4279831489
KA01AN1588,22 Ft DXL,1921332508
HR45D3567,36 Ft XXXL,2028315697
HR38AD4320,22 Ft XL,2366488474
NL01AB2873,32 Ft XL,3656125104
NL01AB5839,32 Ft XL,1.27493E+18
HR45C1443,26 Ft DXL,3504217824
RJ14GK2386,32 Ft XXL,1733715727
MH46CL6924,32 Ft XXL,2562173761
HR55AM5009,32 Ft XL,3556676147
MH40CM6994,32 Ft XXL,268810517
TN88J8197,32 Ft XXL,1.3945E+18
HR47F8205,22 Ft XL,3823225000
MH04HY8671,20 Ft XL,3153733829
RJ14GQ8358,32 Ft XL,1448998512
HR47E3852,32 Ft XXXL,1.29422E+18
TN52W9934,20 Ft XL,1908930337
GJ12BX1839,36 Ft XXXL,1649101344
MH04LE4449,20 Ft XL,2882869930
NL01Q2232,32 Ft XXXL,1.34396E+18
NL01AG2650,36 Ft XXXL,2059618537
RJ14GN1522,32 Ft XL,3310646587
NL01AE8493,32 Ft XL,334477258
TN39CJ9903,32 Ft XXL,3052808029
RJ10GA9584,32 Ft XXL,3557494937
NL01AG7642,34 Ft XL,842767169
MH46CL1095,32 Ft XL,2898468466
NL01AG6917,32 Ft XL,1708392131
UP16HT8140,24 Ft XXL,4219310550
HR38AD2637,32 Ft XL,2993437593
NL01Q4243,24 Ft XL,3117739931
PB11CJ0194,32 Ft XXL,2322689137
UP53GT8773,32 Ft XXL,2306105150
HR55AC2055,32 Ft XXL,1.34095E+18
RJ14GP5551,34 Ft XL,875504629
MH04LE2815,32 Ft XXL,1.37247E+18
DL1MB0569,22 Ft XL,4258461434
HR55AC2986,32 Ft XXL,2072286350
HR55AP9839,32 Ft XXXL Ft XXXL,3234395569
TN18AP4612,20 Ft XL,844428257
HR55AF3277,32 Ft XXL,3648094054
HR39E6405,22 Ft XL,1933894296
TS07UG1926,32 Ft XXL,3706224517
TN15U3805,20 Ft XL,839533590
MH04LE1887,32 Ft XL,2407505610
GJ04AW0023,32 Ft XXXL,4289087350
JH05DM1637,32 Ft XL,3507035747
KA51AG9837,32 Ft XL,1.29971E+18
HR55AR0133,32 Ft XL,2971335053
TN52K6493,32 Ft XXL,1296903203
GJ12BX7763,30 Ft XXL,1649101344
KA51AJ5683,20 Ft XL,1.27493E+18
KA05AL4665,22 Ft XL,1864800108
HR55AV3293,22 Ft XL,1744554132
MH04LE1276,20 Ft XL,1470923263
UP14QT5269,22 Ft XL,2847125317
KA01AN3729,32 Ft XXL,2711565514
HR55AG2338,20 Ft XL,1103565692
HR55AK0025,22 Ft XL,3693967299
TN52AC9810,32 Ft XXL,2767191394
HR55AE6311,32 Ft XXL,3234395569
NL01N2799,32 Ft XXL,1168052891
RJ32GD3595,32 Ft XL,2463724394
DD01N9013,32 Ft XXL,2412338830
CH01TB3112,32 Ft XXL,2838899538
KA51AJ9881,32 Ft XXL,56537515
MH04KU9858,20 Ft XL,3963283725
HR55AK6775,22 Ft XL,3658889535
HR47E4707,22 Ft XL,4107449829
MH04KU6895,20 Ft XL,1894903865
UP82T7736,32 Ft XL,3036588471
HR38AA4956,22 Ft XL,128907010
TN34MB8366,32 Ft XXL,3916029955
KA01AR2359,32 Ft XL,1788446187
HR55AU7850,32 Ft XL,3556676147
HR55AB0180,32 Ft XXL,1.27493E+18
RJ11GC1447,32 Ft XXL,382383445
RJ32GC0586,32 Ft XXL,742281384
TN18BK4952,20 Ft DXL,2524487247
HR38AE0205,32 Ft XL,1.27493E+18
AS26AC1453,32 Ft XXL,1976776873
HR62A8741,32 Ft XL,959619212
RJ32GC7188,32 Ft XL,3729315915
HR55AL9925,22 Ft XL,545764211
HR55AK6692,24 Ft XL,649243359
HR55AN7285,22 Ft XL,882688568
KA51AF3742,32 Ft XL,3934919046
HR63D9539,32 Ft XL,3897150789
UP77AT7003,32 Ft XXL,2718456997
NL01AE7295,32 Ft XXL,3613740523
HR38W2034,32 Ft XXL,1297437708
HR46F0775,32 Ft XXXL,2252146783
HR38AE5581,34 Ft XL,2660410001
MH12UM8771,34 Ft XL,1280581805
MH04JU7308,32 Ft XXL,3877876989
RJ02GB3086,32 Ft XXL,1.27493E+18
MH04LE9740,20 Ft XL,2042883326
RJ14GQ5133,32 Ft XL,1625775589
MH04JU1077,32 Ft XXL,1.27493E+18
HR55AM4227,20 Ft XL,3000356243
NL01AF7251,32 Ft XL,1763251974
MH04KU5055,32 Ft XL,2984689483
RJ52GA7026,32 Ft XXL,698532114
HR55AJ0376,32 Ft XL,1.36953E+18
HR55AS8712,32 Ft XXL,3234395569
MH04KU4945,34 Ft XL,3045574443
NL01AH1856,32 Ft XXL,836748842
MH14KQ6812,32 Ft XXL,3114254455
DD01P9448,34 Ft XL,3263664083
TN88U2043,32 Ft XXL,902512755
HR55AK8051,22 Ft XL,3961557537
RJ32GD3088,32 Ft XL,356233306
RJ32GC3231,32 Ft XXL,1507374815
MH43BX0674,32 Ft XXL,1.37249E+18
HR63C3745,32 Ft XL,1310073092
NL01AF5695,32 Ft XL,1.27493E+18
MH04GR9724,20 Ft XL,4230054381
NL01AE7451,32 Ft XL,805447376
TN23DX0202,20 Ft XL,3848490174
NL01AE3510,32 Ft XL,1763251974
HR38X2450,32 Ft XL,3042341413
HR38AG2352,32 Ft XL,3908165514
HR45D6635,32 Ft XL,3410546706
RJ14GG1734,32 Ft XL,3829863930
NL01AG5231,34 Ft XL,2903670965
DD01S9487,32 Ft XXL,1473081180
HR55AF7238,32 Ft XL,4289047710
RJ32GD0810,32 Ft XL,265122025
NL02Q8943,32 Ft XXL,2857918086
HR38U3319,32 Ft XL,1317484428
MH46CL9590,32 Ft XXL,3633219397
HR61C7642,32 Ft XL,1635203667
KA52B0147,20 Ft XL,1206940531
MH04HY9252,22 Ft XL,3678859715
HR38AG4588,32 Ft XL,3908165514
WB19L9475,32 Ft XL,2013382695
NL01AD5033,32 Ft XXL,2225745508
KA51AG4502,32 Ft XXL,964210814
MH43BX2999,32 Ft XXL,1.37249E+18
NL01AE4004,32 Ft XL,1974152040
NL01AF7188,32 Ft XL,206958395
NL01Q3189,32 Ft XL,2992939102
BR06GE5240,32 Ft XL,1675607123
MH43BX1854,32 Ft XXL,508628337
MH04KF2318,20 Ft XL,3035918602
MP06GA2227,32 Ft XL,2897610068
RJ11GC0960,32 Ft XXL,3973019497
KA01AQ1444,32 Ft XL,570434649
DL1MA9312,22 Ft XL,20079860
MH04EL5333,32 Ft XL,3096582468
TN88J1323,32 Ft XXL,1520014162
RJ14GQ7878,32 Ft XXL,3554142728
NL01AF2168,32 Ft XL,1763251974
KA04AC7108,32 Ft XL,3442279203
KA51D8075,32 Ft XXL,2451833745
HR46F6676,32 Ft XL,4220346851
HR55AQ1053,32 Ft XXL,3234395569
UP50CT0555,26 Ft DXL,3504217824
MH14FT8586,32 Ft XXL,250650836
TN12BA9073,32 Ft XXL,3616466844
RJ32GD2977,32 Ft XL,3550206084
MH14HG8255,32 Ft XL,4189342624
HR38AD2622,22 Ft XL,1558659267
MH04HD7783,32 Ft XL,2526486597
TN52AB6611,32 Ft XXL,1.37286E+18
HR55AN9736,32 Ft XL,1361492651
MH28BB0573,32 Ft XXL,3566948945
NL01AB9017,32 Ft XXL,471894188
HR38AD2283,34 Ft XL,955834925
MH04LE1275,20 Ft XL,1470923263
RJ14GP8471,32 Ft XXL,1147749398
RJ14GG8766,32 Ft XL,3884452128
HR38AC6406,34 Ft XXL,2754522533
NL01AC3784,32 Ft XL,3703281834
NL01AC0375,32 Ft XL,2861709397
NL01AF0413,32 Ft XXL,1.27493E+18
HR38AD8858,22 Ft XL,1832643739
NL01AG1257,32 Ft XL,2048461383
TN39CY6639,32 Ft XXL,4278097753
GJ06AZ5122,20 Ft XL,3413902153
KA53AB5051,32 Ft XL,1023738083
MH48T7499,32 Ft XL,4045897604
TN14T4299,32 Ft XXL,1.29308E+18
RJ32GC0271,32 Ft XXL,1.27493E+18
UP84AT4794,32 Ft XL,3735124601
RJ11GC0922,32 Ft XXL,3810266555
NL01AG6915,32 Ft XL,1708392131
HR55AK0545,22 Ft XL,2466654178
TN52K4429,32 Ft XXL,2156055286
DL1MA7733,22 Ft XL,74507920
TN34MB2255,32 Ft XXL,1839531332
MH04LY0717,32 Ft XL,200838477
RJ32GD4319,32 Ft XL,22864725
MH04HD5032,32 Ft XL,101630071
TN21AT7980,32 Ft XXL,2681041367
TN52AD4677,24 Ft XL,153147850
RJ21GE2427,32 Ft XXL,450545805
MH04MH2289,20 Ft XL,2327458979
GJ08AU0154,32 Ft XL,2571005689
MH14HG1350,32 Ft XXL,1655424155
HR61E6316,22 Ft XL,4278614358
HR55AK2935,20 Ft XL,3000356243
KA03AL0402,20 Ft XL,1893840531
HR47E5655,32 Ft XL,1987930042
TN12AQ9267,32 Ft XXL,895407433
HR55AL2879,32 Ft XXL,1.27493E+18
NL01AF8564,34 Ft XL,1384182730
HR47D6986,32 Ft XL,2531384914
TN28BJ3865,32 Ft XXL,3821008100
HR55AJ8135,22 Ft XL,3693967299
HR55AR2414,32 Ft XL,158806673
HR55AH5167,20 Ft XL,505128322
HR38AE4857,34 Ft XL,3117296538
KA51AH9751,32 Ft XL,593206810
RJ14GK3513,32 Ft XXL,585093474
HR55AM3217,32 Ft XL,2219265497
MH12NX3349,32 Ft XXL,2927018714
HR55AH7792,32 Ft XXL,1.27493E+18
KA01AH7113,32 Ft XL,3473183693
MH16CD7827,32 Ft XXL,2933353464
RJ06GB6367,32 Ft XXL,757245866
HR842081,32 Ft XL,3635423802
MH04LY3417,32 Ft XL,3946627381
UP78DT6726,32 Ft XL,1305091623
MH14DM5794,20 Ft XL,1086100430
MH04JU4672,20 Ft XL Ft XL,4230054381
TN52H7355,32 Ft XXL,1.37286E+18
TN88H9165,32 Ft XXL,3413150142
WB37D5330,32 Ft XXL,1557107689
HR46F7627,32 Ft XL,3888426839
MH43BX0917,32 Ft XXL,1.37249E+18
HR55AK4305,22 Ft XL,234405474
MH43BX1360,32 Ft XL,3238430158
NL01AC8505,32 Ft XXL,3281644032
NL01AF9776,20 Ft XL,3538838358
TN52AA2388,32 Ft XXL,1.27493E+18
NL01AF0018,32 Ft XXL,1.27493E+18
UP72AT3651,22 Ft XL,3296089010
UP85CT2415,32 Ft XL,744933130
NL01L7292,32 Ft XXL,1111699978
TN28BD5600,32 Ft XL,1.27493E+18
HR38Y4378,32 Ft XL,795737352
TN18BC7750,20 Ft XL,1633381504
GJ27TD2616,32 Ft XL,752912893
KA594290,32 Ft XL,727307134
TN12AP2370,22 Ft XL,447128245
MH43BP0211,20 Ft XL,4227881439
MH12UM4167,32 Ft XL,1592761032
RJ14GQ2422,32 Ft XXL,769699355
TN52AB0044,32 Ft XXL,1.37286E+18
MH04HD7796,32 Ft XL,2526486597
KA01AK8640,20 Ft XL,1.28381E+18
NL01AE7494,32 Ft XXL,3251689406
HR55AJ6098,32 Ft XXL,1482464153
MH43BP3412,32 Ft XXL,1.37249E+18
MH43BG5663,20 Ft XL,307968888
HR47D9972,22 Ft XL,909201538
MH01DR2064,32 Ft XXL,1982357314
TN87E2511,20 Ft XL,377081304
MH46BF3076,32 Ft XL,2639299434
NL01AF8725,32 Ft XXL,1407618984
HR66B2660,32 Ft XXL,823897004
MH14KA8296,32 Ft XXL,3973082517
NL01AC3641,32 Ft XXL,1.33805E+18
HR38AC2269,32 Ft XL,2858977521
NL01AG7668,32 Ft XXL,2638422073
TN52AB2388,32 Ft XXL,3628925945
TN77A6077,20 Ft XL,3701091160
HR55AK8630,20 Ft XL,1.36745E+18
MH04LE4769,20 Ft XL,2765716352
MH04LQ1654,22 Ft XL,1015241790
KA52B2062,32 Ft XL,1571892267
NL01AE8131,32 Ft XXL,1.27493E+18
HR45C3971,32 Ft XXL,2523575791
HR61E8699,32 Ft XXL,2618248315
KA04AD2870,20 Ft XL,1588812120
RJ10GB0023,32 Ft XXL,2734507495
MH43BX0914,32 Ft XXL,1.37249E+18
KA51AB2406,32 Ft XXL,1.29971E+18
HR61E0956,22 Ft XL,233450446
HR46E4423,32 Ft XL,3888426839
MH04GF9164,32 Ft XXL,2062614801
NL01AE7009,32 Ft XXL,1.29422E+18
MH04LE2446,20 Ft XL,1481269623
HR66B4176,32 Ft XXL,4004548899
HR47C5110,32 Ft XXL,2866879391
RJ11GB9331,32 Ft XXL,177082232
HR61C2379,32 Ft XL,2057164780
RJ09GD1624,32 Ft XL,2663887007
HR47E5537,32 Ft XL,265122025
NL01AH9319,40 Ft DXL,3364769651
NL01AA6990,32 Ft XL,694678537
HR38AF3209,32 Ft XL,1036038890
HR38AA8080,32 Ft XL,7946147
MH04KF7489,32 Ft XL,573747521
HR55AE6382,32 Ft XXL,3648094054
RJ10GB7674,32 Ft XL,93434900
KA04AC7027,32 Ft XL,3442279203
NL01Q4054,32 Ft XL,1.27493E+18
MH43BX3218,32 Ft XXL,1.37249E+18
NL01AF9181,32 Ft XXL,154705261
TN28BJ3002,32 Ft XXL,1.3391E+18
RJ21GD5381,32 Ft XL,2216128743
KA05AC7094,20 Ft XL,3355219628
RJ11GD7801,32 Ft XXL,1144309619
RJ14GP5640,32 Ft XL,2288705459
NL01AF6807,32 Ft XL,1.27493E+18
NL01AF2502,32 Ft XL,1.27493E+18
HR38AC3458,32 Ft XL,2275596032
MH04GC2633,32 Ft XL,2001960130
NL01AG8416,34 Ft XL,2903670965
NL01AG3122,32 Ft XXL,2671813342
TN54Q7979,32 Ft XXL,1.29034E+18
GJ12BZ8308,36 Ft XXXL,361831879
HR55AR6904,32 Ft XXL,2148477730
OD01U8479,32 Ft XXL,2772362287
DD01J9037,32 Ft XL,2268549029
HR65B3331,32 Ft XXL,2523575791
RJ32GB8603,24 Ft XXL,826261488
HR47D7429,40 Ft DXL,1452426174
HR55AE3015,40 Ft DXL,1012754256
RJ32GD0908,32 Ft XL,1540654414
HR38AF6085,32 Ft XL,789232929
HR55AK6894,22 Ft XL,3483054124
MH43BG8958,20 Ft XL,2126873029
HR61C6786,32 Ft XXL,1540748078
RJ11GC2618,32 Ft XXL,4018501145
NL01AD8703,32 Ft XXL,1.27493E+18
MH04HD0899,32 Ft XXXL,3393575609
UP63AT5200,30 Ft DXL,3401821785
TN88U5059,32 Ft XXL,480382704
RJ14GP9686,32 Ft XXL,4005448948
KA52B0092,22 Ft XL,2396270916
TN88H8895,32 Ft XXL,1.287E+18
OR01Q3267,32 Ft XXL,2507316276
PB13AW0366,32 Ft XL,3407982548
MH46BM4213,20 Ft XL,1189264047
TS07UM5449,32 Ft XXL,1410838680
MH43BX2381,32 Ft XXL,1.37249E+18
MH48CB1170,20 Ft XL,2381660280
MH04KF8123,20 Ft XL,2595308234
MH15HH5959,32 Ft XXL,2423627008
HR38AB5784,22 Ft XL,1200850364
NL01L6891,24 Ft XXL,1.34396E+18
HR55AM9490,22 Ft XL,941842947
MH04LQ0888,20 Ft XL,4191919732
RJ22GB5472,32 Ft XXL,585859427
KA51AK3195,32 Ft XXL,154705261
MH16CD5713,32 Ft XXL,986786147
HR55W9795,32 Ft XL,1.27493E+18
GJ19Y3072,32 Ft XL,2923486914
WB059486,32 Ft XL,1080031028
TN34MB0910,32 Ft XXL,3590451473
RJ11GB3742,32 Ft XXL,3788447167
RJ32GD0223,32 Ft XL,4168537585
TN52J1622,20 Ft XL,2841041785
HR55AN7555,32 Ft XXL,372826177
RJ14GR3237,30 Ft XXL,2512967465
MH43BX1292,20 Ft XL,2126873029
NL01AF4109,32 Ft XL,3731347356
HP12P7469,32 Ft XL,3598616405
KA51AG0556,22 Ft XL,2905226544
WB11F7790,20 Ft XL,3021312461
RJ14GR3390,32 Ft XXL,124939735
OD01N6473,32 Ft XXL,1.37028E+18
NL01Q7117,32 Ft XL,1.27493E+18
MP09HH9725,32 Ft XXL,2562192132
TN39CQ3820,32 Ft XL,4067552050
MH46BB5985,32 Ft XL,4155638782
JH02AR3706,30 Ft DXL,3401821785
NL01N2542,32 Ft XXL,1355641096
NL01AD8629,32 Ft XL,1036596673
TN34AJ4379,32 Ft XXL,3632778202
MH20DE0203,32 Ft XXL,1.27493E+18
WB05A1725,32 Ft XL,1080031028
HR58D7158,32 Ft XL,4035112810
RJ32GC9014,32 Ft XL,696965115
NL01AG7966,32 Ft XL,949846854
TS12UE3438,32 Ft XXL Ft XXL,2904170378
HR55AJ7073,22 Ft XL,2596039234
RJ27GC9976,32 Ft XXL,2979921946
KA51AG3595,20 Ft XL,1228517444
RJ14GN2625,32 Ft XL,2783829460
HR55AC8768,20 Ft XL,2596039234
NL01N7457,32 Ft XXL,1355641096
KA02AE5795,34 Ft XXL,1.29971E+18
TS07UG0302,32 Ft XXL,3706224517
TN37EY2567,32 Ft XL,1.27493E+18
HR63D6646,32 Ft XL,1748235747
TN34AH3479,32 Ft XXL,1740228042
MH12RN2679,32 Ft XL,3573459283
NL01AC9393,32 Ft XL,956831550
HR47E7612,32 Ft XL,4242867162
MH01DR6412,32 Ft XL,2526486597
RJ06GC0010,32 Ft XXL,2374041767
TN52AA9077,24 Ft XL,153147850
NL01AH6116,32 Ft XXL,4155498689
MH04MH2555,22 Ft XL,3387547965
MH46BB6794,32 Ft XL,4100923775
NL01AG0464,34 Ft XXXL,2059618537
RJ14GP8431,32 Ft XL,3310646587
HR39F4171,32 Ft XL,579953003
TN34MB0873,32 Ft XXL,3590451473
RJ11GC0520,32 Ft XXL,3659741175
NL01AD8424,32 Ft XL,2994594257
HR55AK6009,32 Ft XL,2060987246
RJ32GC0577,32 Ft XXL,3553993300
RJ32GD6693,32 Ft XL,3291122368
NL01AF7647,32 Ft XXL,1352940074
HR55AJ1966,20 Ft XL,828362312
MH24BW9133,32 Ft XXL,4138829353
TN39CE7647,34 Ft XXL,1742542404
HR55V8218,20 Ft XL,1.27493E+18
TN52J1633,32 Ft XXL,1.37286E+18
HR38AB2046,32 Ft XL,3556676147
NL01AG0465,36 Ft XXXL,2059618537
MH04GR9639,20 Ft XL,3413902153
RJ14GQ3204,32 Ft XXXL,3509917328
MH43BX2380,32 Ft XXL,1.37249E+18
MH14JL2495,32 Ft XL,2516929878
RJ10GB0715,32 Ft XXL,1038921782
MH43BP4780,32 Ft XXL,1.37249E+18
NL01AE8792,32 Ft XL,2234510064
KA51AH7432,24 Ft XL,1.29971E+18
HR38AC9212,34 Ft XL,3216817949
RJ14GR4395,32 Ft XXL,245875254
MH04LQ3765,32 Ft XL,2127818749
MH04JK9011,32 Ft XL,4237741110
MH12VT9051,34 Ft XL,1366673512
MH43BX8041,32 Ft XL,1.37249E+18
HR55AR4298,22 Ft XL,2595493911
MH12SF1164,32 Ft XL,1621011013
HR63E3242,32 Ft XL,589435975
GJ12AZ2989,40 Ft DXL,361831879
MH46AR6443,32 Ft XXL,1.37249E+18
GJ01HT2019,32 Ft XXL,1790379341
MH14GU1982,32 Ft XXL,1.27493E+18
MH46CL3186,22 Ft XL,750659902
MH16CC7060,24 Ft DXL,3954209148
HR55U9128,20 Ft XL,2596039234
HR38AC8590,32 Ft XL,1752156159
TN24AT7852,32 Ft XXL,3242527939
NL01AA1924,32 Ft XXL,1.28455E+18
HR55AB3185,32 Ft XXL,1.27493E+18
GJ18AX9895,32 Ft XL,4196710372
HR55AC2059,32 Ft XL,1.34095E+18
HR74B9455,32 Ft XL,3957764104
HR61F7628,22 Ft XL,3079259960
RJ11GC2631,32 Ft XXL,4018501145
KA52B5785,22 Ft XL,2713710716
MH04HD5172,32 Ft XXL,2186892581
WB11E0523,32 Ft XXL,517914104
RJ01GC5875,36 Ft XXXL,3073151949
NL01AF0442,32 Ft XXL,1.27493E+18
BR02GB7603,26 Ft DXL,3504217824
UP16HT6550,32 Ft XXL,1168052891
MH04LY0834,32 Ft XL,1675607123
RJ47GA3805,40 Ft DXL,4255940877
RJ32GD3277,32 Ft XL,3550206084
DL1MA9375,22 Ft XL,20079860
NL01AF1475,40 Ft DXL,2472847994
TN88H7806,32 Ft XXL,1.33841E+18
GJ06AU7437,32 Ft XL Ft XL,4196710372
MH04JU7309,32 Ft XXL,3877876989
NL01AF1106,32 Ft XL,3194110022
HR38AE9716,34 Ft XL,1017497294
RJ02GC7321,32 Ft XXL,3202025075
RJ32GD4622,32 Ft XL,2757784359
HR55X0477,32 Ft XXL,1.34095E+18
HR55AK8198,22 Ft XL,2778726045
HR55AJ5022,32 Ft XL,2853112797
TN54S4312,20 Ft XL,2016629745
MH04LE5015,32 Ft XXL,1477332237
DD01R9180,32 Ft XL,3172135092
HR55AH2746,32 Ft XL,267942975
RJ10GB5852,30 Ft XL,3250227327
HR55AA8533,32 Ft XL,4168537585
HR55U3852,32 Ft XL,1179273343
RJ18GB6598,32 Ft XL,82325354
NL01AG1256,32 Ft XL,2048461383
HR38AC6333,32 Ft XL,2858977521
TN36BV6874,32 Ft XXL,1701426074
MH46BB9841,32 Ft XL,1323381085
GJ27V8824,32 Ft XL,333469321
HR38AA2160,32 Ft XL,3908165514
MH14LH5688,32 Ft XL,1544958274
NL01AF5164,32 Ft XL,1.27493E+18
HR55AV0026,32 Ft XL,3904425606
MH04KU5287,32 Ft XL,1675607123
MH15EG3549,20 Ft XL,394784562
RJ11GD0116,32 Ft XXL,4122073968
HR55AT3970,32 Ft XL,3104138433
HR69C8723,24 Ft XXL,3092069304
MH24AU7845,20 Ft XL,3297095605
TN52AA3921,32 Ft XXL,1.32425E+18
TN37DW8473,24 Ft XL,917155946
HR74B1616,32 Ft XXL,3398421637
MP09GH4058,32 Ft XL,667083889
MH14EM0323,20 Ft XL,411122398
MH12LT2691,24 Ft XL,3748894798
KA51AG4339,32 Ft XL,3299064985
RJ11GB7570,32 Ft XL,148704376
UP21CN0069,32 Ft XXL,1356384098
DL1MB2044,22 Ft XL,1393700626
HR55AH1631,32 Ft XXL,1.27493E+18
RJ11GB6729,32 Ft XXL,2871806171
HR47C8458,32 Ft XXL,4217818
NL01AC3993,32 Ft XL,1.31558E+18
WB05A3681,32 Ft XXL,1080031028
MH04LQ0872,32 Ft XL,848368649
RJ40GA6876,32 Ft XL,1206131433
KA52A0419,32 Ft XL,570434649
HR69B6069,40 Ft DXL,1117430792
TN52L6304,32 Ft XXL,3328208340
HR55V9064,32 Ft XL,1.27493E+18
MH43BP2840,32 Ft XXL,1052473030
MH04GR7874,20 Ft XL,2001553708
HR55AQ9310,32 Ft XL,1964670785
TN85P5826,20 Ft XL,1758612405
WB05A2177,32 Ft XL,1080031028
HR74B8550,22 Ft XL,461645547
KA503378,32 Ft XL,727275022
UP35BT7998,22 Ft XL,2867501786
MH46BB3541,20 Ft XL,1323381085
KA51AD4824,32 Ft XL,1921332508
HR55AE5516,32 Ft XXL,3648094054
MH46BM4021,22 Ft XL,3726974546
NL01AE5797,32 Ft XL,1763251974
KA51AK3211,32 Ft XXL,154705261
NL01N5194,32 Ft XL,532087025
HR55U3742,32 Ft XXL,3234395569
NL01AG8167,32 Ft XL,2146623208
TN22EC6840,32 Ft XL,3228623696
MH47AS0949,20 Ft XL,3555728704
RJ31GB2065,32 Ft XL,2052378249
HR69E7858,20 Ft XL,548066073
RJ11GC6844,32 Ft XXL,2640346638
RJ11GC3630,32 Ft XL,1005180801
RJ42GA2035,36 Ft XXXL,2309716914
TN88U5775,32 Ft XXL,1578350948
TN28BJ5207,32 Ft XXL,3160267840
MP09GG9422,32 Ft XL,1948467592
HR55AE1682,32 Ft XXL,3234395569
TN36BT1983,32 Ft XXL,730313617
RJ48GA2212,32 Ft XL,1.27493E+18
NL01AA9251,32 Ft XXL,1080800009
TN88E4644,32 Ft XL,1.3945E+18
MH04LE7592,22 Ft XL,2762645453
MH48CB7465,20 Ft XL,2709739130
KA01AQ6363,32 Ft XXL,900619015
MH43BX1290,20 Ft XL,2126873029
HR55AL6168,32 Ft XL,1982572239
NL01AG0282,32 Ft XXL,1.27608E+18
MP07GA7002,34 Ft XL,1065690193
NL07AA4059,32 Ft XL,1993271565
NL01AF4111,32 Ft XL,3731347356
KA52B6368,22 Ft XL,680838193
MH31FC6168,22 Ft XXL,2322831403
KA01AK3735,32 Ft XL,727275022
GJ12BX7728,36 Ft XXXL,1649101344
HR38AB8780,32 Ft XL,183624329
MH04LE0773,32 Ft XL,3963095896
HR38Z4033,34 Ft XL,1995526937
AS01NC3417,32 Ft XXL,1168052891
MH46BU7106,32 Ft XXL,3944964191
HR47F4181,22 Ft XL,1280649651
RJ32GC7622,32 Ft XL,265122025
TN39DY4495,20 Ft XL,3946541699
NL01AB2810,32 Ft XXL,418533805
MH46BM9523,32 Ft XXL,2160159070
HR55AN6358,32 Ft XXL,1832597529
HR38U1807,34 Ft XL,3177834653
NL01Q7131,32 Ft XL,1.27493E+18
TN42AL3829,22 Ft XL Ft XL,887484252
MH43BX0782,32 Ft XXL,1.37249E+18
NL01AD9651,32 Ft XL,1763251974
TN39CV9691,22 Ft XL,4188811001
HR55AK0315,32 Ft XL,157134406
TN18BJ7374,20 Ft XL,1979615900
HR55AP0541,32 Ft XL,435173612
UP16FT8542,32 Ft XL,2260123597
AS25FC4392,32 Ft XL,1425998709
HR38AC7912,32 Ft XL,3295829958
NL01AG0967,32 Ft XXL,1111699978
RJ14GJ3972,32 Ft XXL,1532039080
TN34AH7359,32 Ft XXL,4102400945
MH05EL7964,32 Ft XL,1283746260
TN69BY7108,32 Ft XXL,367117240
RJ32GD5282,32 Ft XL,346898820
HR65A6404,32 Ft XL,2215068666
RJ14GH4695,32 Ft XXL,3032333235
MH04GR9581,32 Ft XL,2055834171
HR38AA1968,32 Ft XL,481817470
MH04HY2134,32 Ft XXL,3413832098
KA51AH7375,32 Ft XXL,964210814
RJ11GB9791,32 Ft XXL,2538076504
KA01AM1684,20 Ft XL,4186992177
TN39DW2608,32 Ft XXXL,2098023164
HR55AF6377,32 Ft XL,3648094054
TG29T1559,32 Ft XXL Ft XXL,4112484380
HR38V6664,34 Ft XL,1874062980
KA05AJ3154,24 Ft XL,633237463
MH02FG0253,20 Ft XL,1955780821
HR55AF5196,32 Ft XL,2219265497
MH46AR3325,32 Ft XXL,2278699910
MH46BU4993,32 Ft XXL,855402536
RJ23GC1931,32 Ft XL,1985204317
GJ18AZ0475,32 Ft XL,1832478042
TN05CP5599,32 Ft XXL Ft XXL,3821882201
UP78DN8284,32 Ft XL,2523047837
MH12PQ8817,32 Ft XL,929214191
HR55AJ8593,32 Ft XXL,1.27493E+18
RJ10GB2282,32 Ft XXL,93434900
RJ47GA6402,40 Ft DXL,4255940877
WB25J7512,32 Ft XXL,18967056
HR73A6702,32 Ft XL,1073628303
NL01AB7086,32 Ft XXL,1080800009
HR55AL5422,32 Ft XXL,1.27493E+18
NL01AE2785,32 Ft XL,1.27493E+18
HR55AL6597,22 Ft XL,3726974546
PB13BP9834,32 Ft XXL,1.41783E+18
NL01AF8862,32 Ft XL,2403252776
RJ11GB9081,32 Ft XXL,1551746974
HR47D1708,32 Ft XXL,1.27493E+18
NL01AD9295,32 Ft XL,3793287438
MH04LQ3703,32 Ft XL,1470923263
TN85Q5356,22 Ft XL,1305186439
MH46F5133,32 Ft XL,2066449745
RJ32GC6687,32 Ft XL,265122025
TN16J1688,24 Ft XXL,199861284
RJ09GB0732,32 Ft XXL,1.27493E+18
RJ14GQ4825,32 Ft XL,2193026071
MH04HS1593,32 Ft XXL,2186892581
RJ32GD3067,32 Ft XL,2463724394
TN88U2038,32 Ft XXL,902512755
NL01AF6269,32 Ft XXL,1.27493E+18
MH47AS8216,20 Ft XL,3735273567
MH04HY0488,20 Ft XL,1883476832
RJ14GP6702,32 Ft XL,2553882112
HR38V4413,34 Ft XL,4281343464
TN39DY1498,22 Ft XL,3946541699
UP21CT5690,32 Ft XL,3611854114
RJ10GC0575,32 Ft XXL,1.28515E+18
MH04LQ1638,32 Ft XL,200509188
NL01AE6955,32 Ft XXL,1.27493E+18
WB19L6798,32 Ft XXL,3334425579
TN52P4630,32 Ft XXL,1.37286E+18
HR47F2733,32 Ft XL,2898880578
NL01N4932,32 Ft XL,1188994017
MH04KU0009,32 Ft XL,4225747090
HR55AU0205,22 Ft XL,2816460966
TN88K3669,32 Ft XXL Ft XXL,1784067533
TN52R9495,32 Ft XXL,697291065
KA596257,32 Ft XL,3189752954
TN52J9201,32 Ft XXL,3316609391
HR38U0133,32 Ft XL,1218303459
UP25DT3325,32 Ft XL,3767671585
RJ11GB8900,32 Ft XXL,1.31314E+18
GJ06AX0847,32 Ft XL,70598964
HR47E1186,22 Ft XL,1192634422
MH04LE0747,32 Ft XL,3933117663
RJ32GD1796,32 Ft XL,356233306
HR55AL3434,32 Ft XL,2710583951
HR55AR5027,32 Ft XL,158806673
TN32AE8899,32 Ft XXXL,1127150044
MH04JU1837,20 Ft XL,248122003
MH12UM6951,32 Ft XL,350259233
WB05A2972,32 Ft XXL,1080031028
DL1LAD7171,14 Ft XL,882214106
DL1MA8795,20 Ft XL,2275826932
MH04JK1469,32 Ft XXL,1.37247E+18
HR55AJ2501,20 Ft XL,616191173
KA593384,32 Ft XL,377314157
HR55AF5977,32 Ft XXL,3648094054
KA52B3887,20 Ft XL,3774384261
RJ40GA5324,32 Ft XXL,940870303
TN39CY4685,32 Ft XL,2626679146
HR38X8818,32 Ft XXL,629263962
MH43BP6275,32 Ft XXL,1.37249E+18
MH48AY1889,32 Ft XL,2039810350
NL01AG8479,32 Ft XXL,2006767391
MH04LE8893,32 Ft XL,1894903865
PB10HT6529,34 Ft XL,2559127463
HR61E1389,22 Ft XXL,3533663769
MH43Y6691,32 Ft XXL,1753998507
UP21BN5871,30 Ft DXL,2229216445
TN28BK6417,32 Ft XXL,1.28294E+18
MH04JK8784,20 Ft XL,3413902153
HR55AG6635,32 Ft XXL,1.27493E+18
NL01AJ1727,32 Ft XL,3155944960
RJ14GP8428,32 Ft XL,3310646587
HR47C2783,32 Ft XXL,858282445
HR38AC8317,32 Ft XL,1599883026
HR38AA2718,34 Ft XL,3481648426
MP09HG9415,32 Ft XXL,1948467592
KA02AD7363,32 Ft XXL,1.29971E+18
NL01L7289,32 Ft XXL,1111699978
NL01Q6356,32 Ft XXL,1.28294E+18
RJ09GC8823,32 Ft XXL,1183707012
NL01N2771,32 Ft XXL,1115169021
HR55AP4856,32 Ft XL,1299311587
MH12KP7282,32 Ft XL,750168146
MH46BB2350,32 Ft XL,2309589505
MH12MV7286,32 Ft XXL,2260064567
HR38AF9345,32 Ft XL,346898820
RJ18GC2777,32 Ft XXL,2586781197
TN37CM1976,32 Ft XXL,1.29034E+18
MH04HY3782,32 Ft XL,1763251974
NL01AE8694,32 Ft XXL,1.27493E+18
HR68B8450,32 Ft XL,2838899538
HR55AC0967,32 Ft XXL,3648094054
GJ12BZ9010,40 Ft DXL,1608917745
DL1MA8046,22 Ft XL,2460345340
WB05A1619,32 Ft XL,1080031028
TN18AA7495,32 Ft XL,1203412569
HR68A8132,32 Ft XXL,2838899538
WB05A3795,32 Ft XXL,1080031028
NL01AG0961,30 Ft DXL,3401821785
RJ01GC8256,34 Ft XXXL,3298518857
HR38AC2189,32 Ft XL,1868373273
DL1LAC3566,14 Ft XL,3066818218
HR47F5500,32 Ft XL,1366136229
HR47F8627,32 Ft XL,3233453383
TN28BH4899,32 Ft XXL,2909165667
RJ11GD1918,32 Ft XL,2990796723
HR55AL6455,32 Ft XXL,1.27493E+18
MH04KU7697,32 Ft XL,573747521
HR38AE4338,32 Ft XXL,1.41783E+18
NL01AE5660,32 Ft XL,1763251974
NL01Q2224,32 Ft XXXL,1.34396E+18
NL01AC8856,32 Ft XXL,272918766
TN12AV6399,32 Ft XXXL,1.39961E+18
HR61E2159,34 Ft XL,3164399253
HR55W0672,32 Ft XL,1.27493E+18
HR73B9279,32 Ft XL,2332932045
HR61D7499,32 Ft XL,787744249
UP32PN3099,32 Ft XL,902305989
NL01AG7336,36 Ft XXXL,533252639
HR55AM3940,22 Ft XL,2124614750
HR55AQ6265,32 Ft XL,3000670204
WB41K0318,32 Ft XXL,136174355
HR65A3794,25 Ft DXL,1374872036
HR55AG3478,20 Ft XL,3787915751
RJ23GB8677,32 Ft XL,2325798148
MH04KU8759,20 Ft XL,1874154645
RJ32GD0391,22 Ft XXL,602294473
MH43BX3599,32 Ft XXL,1.37249E+18
NL01AD9393,34 Ft XL,481817470
HR61D5028,32 Ft XL,1220344741
TN28BH0189,32 Ft XXL,1067612043
TN52F8943,32 Ft XXL,1.27493E+18
TN37DW2965,32 Ft XXL,2087687405
RJ14GN2693,32 Ft XXL,3310646587
HR55AK4270,22 Ft XL,616191173
HR47F2146,32 Ft XL,3046828630
NL01AC7771,20 Ft XL,3968807729
RJ32GD0220,32 Ft XL,4168537585
MH43BX8394,32 Ft XXL,1.37249E+18
UP14KT6594,22 Ft XL,2734095990
UP70GT9844,26 Ft DXL,3504217824
RJ14GK4249,32 Ft XXL,3785336602
RJ14GQ2620,32 Ft XXL,769699355
RJ14GR8950,32 Ft XL,3433847032
HR38Z1657,32 Ft XL,2003063906
NL01AE7219,32 Ft XXL,1.27493E+18
WB11E0930,32 Ft XXL,3812551316
WB37D7013,32 Ft XXL,1293337262
MH14JL8285,32 Ft XL,2467758476
NL01N6807,32 Ft XXL,1355641096
HR55AF0672,32 Ft XL,1.27493E+18
MH04LE1703,32 Ft XXL,2160159070
NL01AG4395,32 Ft XXL,3164210946
HR39F7149,32 Ft XL,666836289
GJ12BZ2443,40 Ft DXL,3746909028
HR38U4688,34 Ft XL,2399895960
KA52B0399,20 Ft XL,2035918744
HR38W5908,32 Ft XL,1995526937
TS07UK3638,22 Ft XL,3958157399
UP79AT1234,22 Ft XL,3239702900
NL01AC3404,32 Ft XL,611100283
HR38X0643,32 Ft XL,3811649588
HR55Y0933,32 Ft XXL,3648094054
NL01Q0206,32 Ft XL,1.30729E+18
NL01AG8297,32 Ft XL,3112611121
MH46BF8805,20 Ft XL,2173719893
HR55AF1397,32 Ft XL,3398053050
HR38AE6479,32 Ft XXL,1.41783E+18
RJ11GB6173,32 Ft XXL,646155831
GJ12CT0453,36 Ft XXXL,3298518857
TS09UD9347,32 Ft XXL Ft XXL,4184767878
NL01N2775,32 Ft XXL,1355641096
HR61E4812,32 Ft XXL,2216669381
HR55AK5795,19 Ft XL,2946928744
MH46BU3950,22 Ft XL,1400814806
RJ14GQ8961,32 Ft XL,1038921782
UP11BT9702,32 Ft XXL,3211344353
RJ32GD1952,32 Ft XL,3759915411
RJ11GB8803,32 Ft XXL,1279514057
TN42AJ4087,22 Ft XL,1.27493E+18
PB11DD9738,30 Ft DXL Ft DXL,3364769651
NL01AG2294,32 Ft XXL,3194110022
MH46BB7618,32 Ft XXL,674609754
HR46F0182,24 Ft XXL,2757888850
TS07UP0612,32 Ft XXL,2375633805
HR55AL8892,32 Ft XL,696965115
TN39CP7168,30 Ft XXL,37099671
HR38X0875,32 Ft XL,2524549193
HR55AC4041,32 Ft XXL,149166325
RJ10GB1085,32 Ft XL,38899090
HR38X6984,32 Ft XL,2754522533
MH43BX8970,32 Ft XL,1.37249E+18
NL01N4831,32 Ft XXL,1.27493E+18
HR61E5924,22 Ft XL,2963006445
MH04JK7481,20 Ft XL,162849997
HR38AC7312,22 Ft XL,2715031614
TN88H7984,32 Ft XXL Ft XXL,774205250
KA01AN5170,32 Ft XL,3579763307
MH04KF8840,32 Ft XXL,2984689483
MH46CL4630,22 Ft XL,2816474766
NL01AB6847,32 Ft XL,3811649588
DN09S9663,32 Ft XXL,2603292377
MH04GC7119,32 Ft XL,2564900610
HR55AK1929,32 Ft XXL,3648094054
HR55AK8202,32 Ft XL,1.27493E+18
RJ47GA3570,40 Ft DXL,4255940877
HR55AR4766,32 Ft XXL,1.27493E+18
TN52L1321,32 Ft XXL,1.29099E+18
TN88J5924,32 Ft XXL,863134033
WB37D7067,32 Ft XXL,1293337262
MP09HH1574,32 Ft XXL,3187139634
GJ12BY6865,40 Ft DXL,1608917745
WB11F8137,32 Ft XL,3554695931
HR58E2396,32 Ft XXL,2292498585
MH43BX7691,20 Ft XL,1362167283
RJ11GC6845,32 Ft XXL,2640346638
HR842472,32 Ft XL,4289047710
NL01N0342,32 Ft XXL,1355641096
GJ12BZ8250,36 Ft XXXL,361831879
HR38AB7167,32 Ft XL,1599883026
HR55AR7073,32 Ft XL,1219188435
NL01AD8730,32 Ft XXL,1.27493E+18
HR55AC0991,32 Ft XXL,4015093222
RJ18GA8476,32 Ft XL,3538838358
HR38T0024,34 Ft XL,955834925
HR55W3621,32 Ft XL,1.36451E+18
HR65A9861,32 Ft XL,2005079660
MH01DR3774,32 Ft XL,2526486597
HR38AF7998,32 Ft XL,4283091504
TN93E3578,32 Ft XL,1.31557E+18
TN59BH4459,20 Ft XL,604138943
WB05A2994,32 Ft XXL,1080031028
RJ11GC7884,32 Ft XXL,1.35843E+18
UP81FT0575,32 Ft XXL Ft XXL,3985035524
HR55AF4077,32 Ft XXL,3648094054
HR55AL1365,32 Ft XXL,3234395569
HR55AP4121,32 Ft XXL,3234395569
TN879754,32 Ft XL,1.34348E+18
MH04LY6160,32 Ft XXL,1647748010
WB173113,32 Ft XL,1847510847
HR55AN2982,32 Ft XXL,3234395569
RJ11GC9790,32 Ft XXL,4005448948
RJ09GC8560,32 Ft XXL,806780729
DL1MB3461,22 Ft XL,63792241
MH04HY9411,32 Ft XL,4237741110
MH14DM0310,19 Ft XL,4163327534
RJ14GP8933,32 Ft XXL,4145909646
TN28BJ1266,32 Ft XXL,323459641
HR38X3324,34 Ft XL,2574484682
MH04GR6886,32 Ft XL,2564900610
TN52L5866,32 Ft XXL,1.37286E+18
UP14HT2648,32 Ft XXL,2713899092
RJ18GB5686,20 Ft XL,4138337630
KA51AH3621,32 Ft XXL,614011404
HR55AL1026,22 Ft XL,2706674311
RJ32GD4106,32 Ft XL,1.27493E+18
MH43BX8046,32 Ft XL,1.37249E+18
HR38V3919,32 Ft XL,2223231849
MH04KU0665,32 Ft XXXL,2003442314
RJ11GD2411,32 Ft XL,3833545074
HR47C7983,32 Ft XL,2211193487
MH04LQ4088,32 Ft XL,3958426423
PB13BG8653,32 Ft XL,733178906
TN28BK3189,32 Ft XXL,1008544192
HR55S8744,32 Ft XXL,680015610
MH05EL6510,32 Ft XXL,254086554
HR55AT4648,32 Ft XL,680522859
UP65HT5017,32 Ft XL,3631636082
HR55AM9341,32 Ft XL,1933894296
TN24AW5116,32 Ft XL,1.32425E+18
TN88U1499,32 Ft XXL,1287035297
TN93H4330,32 Ft XXL,1319578387
TN36BT8815,32 Ft XXL,12546475
MH40CT3804,20 Ft XL,4172753922
NL01AD7581,32 Ft XL,1324027201
WB11F6269,32 Ft XXL,3334425579
NL01AE7916,32 Ft XXL,1.27493E+18
HR55AB6359,32 Ft XXL,1.27493E+18
MH04LE3573,32 Ft XL,3413902153
TN52AD4133,32 Ft XXL,1.37286E+18
HR47E0314,32 Ft XL,4242867162
NL01AC0810,32 Ft XXL,836748842
NL01AD8223,32 Ft XXL,2062614801
KA09C8829,32 Ft XL,800984984
TN28BH5909,32 Ft XXL,2463131370
HR55AJ0752,32 Ft XXL,1.27493E+18
TN64X1824,20 Ft XL,3534123485
HR55AB1362,32 Ft XL,1868373273
HR38AD0366,32 Ft XL,4165400860
MH43BP6272,32 Ft XXL,1.37249E+18
RJ11GB9132,32 Ft XXL,3511295957
HR55AL6325,32 Ft XXL,1.27493E+18
MH01DR3515,32 Ft XL,2526486597
RJ14GK7697,32 Ft XXL,4218061681
HR55AM6649,32 Ft XL,2360715924
GJ06AZ6549,24 Ft XL,3951367130
TS07UM3451,32 Ft XL,3988116661
HR66A9692,32 Ft XXL,840849000
RJ52GA6058,32 Ft XXL,4005448948
TN19AP6968,32 Ft XXL,998440487
MH46BF3073,32 Ft XL,2639299434
RJ32GC7006,32 Ft XL,2090938950
HR39F3774,32 Ft XL,1065215543
HR69C2692,32 Ft XL,214553612
HR38T8246,32 Ft XL,1806953019
HR55AN0520,22 Ft XL,1320126152
MH14KQ8861,32 Ft XL,2467758476
TN34MB2899,32 Ft XXL,1839531332
HR55AM0490,22 Ft XXL,1320102694
KA02AH0323,20 Ft XL,1987486583
HR47C3073,32 Ft XXL,1489547832
TN39CF7899,20 Ft XL,1821256662
HR55AN4633,32 Ft XL,645486872
MH40CM5849,32 Ft XXL,761325456
MH42AQ6051,32 Ft XL,1168052891
HR55AG0021,32 Ft XL,1.37257E+18
KA01AM6344,32 Ft XL,2711565514
NL01AE8470,32 Ft XL,1.27493E+18
KA01AE1294,32 Ft XL,4110070090
TN88J2370,32 Ft XL,25768916
MH14HU6799,32 Ft XL,589546240
RJ14GP5637,32 Ft XL,2288705459
HR55AN7223,32 Ft XL,2594083566
MH46AR9811,32 Ft XL,647010840
HR39E8032,22 Ft XL,3323168822
MH12TV9609,32 Ft XL,3720707301
RJ14GQ6207,32 Ft XL,3700916461
TN11AZ7018,20 Ft XL,1511188069
MH43BP3201,32 Ft XXL,1.37249E+18
NL01AE5793,32 Ft XL,1763251974
HR58D3158,32 Ft XL,4035112810
KA09AA0631,32 Ft XXL,1.29034E+18
TS06UE1837,32 Ft XL,2402718045
HR38AD3068,32 Ft XL,2733533833
HR64A2037,32 Ft XXL,3484443326
NL01AA4860,32 Ft XL,2215672040
MH14GU3165,20 Ft XL,653148977
TN04BA1599,32 Ft XL,882102816
HR67D5810,32 Ft XXL,4145909646
HR55AH2960,32 Ft XXL,1.27493E+18
MH43BP5298,32 Ft XXL,1.37249E+18
HR55AP5588,22 Ft XL,1.27493E+18
TN52R3255,32 Ft XXL,1.37286E+18
HR55AH2246,32 Ft XXL,1.27493E+18
TN60BY4433,32 Ft XXL,3276059050
TN88AY0741,32 Ft XXXL,3483469407
KA01AN4076,32 Ft XXL,2711565514
TN54W7066,32 Ft XL,1.29634E+18
TN58BC2322,20 Ft XL,677962891
HR38AA2962,32 Ft XL,1868373273
NL01AE7221,32 Ft XXL,1.27493E+18
MH04LQ3155,20 Ft XL,1780542669
RJ11GB6960,32 Ft XXL,2358251102
RJ14GK0949,32 Ft XXL,3785336602
HR61D4669,32 Ft XL,1495002572
MH46BU0205,32 Ft XXXL,3330172675
UP21CN5312,30 Ft DXL,2229216445
TN36BT8692,32 Ft XXL,730313617
HR38AD9129,32 Ft XL,2733533833
MH43BX0925,32 Ft XXL,1.37249E+18
RJ11GC1346,32 Ft XXL,2060987246
NL01N4977,32 Ft XL,1188994017
MP09GJ4077,32 Ft XXL,38899090
MH16CD5166,32 Ft XXL,2989268655
HR55AN9151,32 Ft XL,3940858001
HR55AK4260,22 Ft XL,1530629691
KA51AH7433,24 Ft XL,1.29971E+18
KA51AJ5238,32 Ft XL,3002720573
UP75AT7691,30 Ft DXL,3409271104
TN37BL6889,20 Ft XL,3414398029
HR47C7008,32 Ft XXL,1.27493E+18
MH43BX0920,32 Ft XXL,1.37249E+18
MH04LE1278,20 Ft XL,1470923263
RJ09GD9968,30 Ft XXL,3310019958
RJ14GR5761,32 Ft XL,3407040720
TN28BH8999,32 Ft XXL,3300484672
KA51AJ4024,32 Ft XXL,1.27493E+18
HR38V2385,32 Ft XL,726052560
KA01AJ2011,32 Ft XXL,1195020918
DL1MA7404,22 Ft XL,1044538109
HR55AN6220,32 Ft XL,1.27493E+18
HR55AL9801,22 Ft XL,2859755959
MH12HD6105,32 Ft XXL,1407618984
WB11D2480,32 Ft XXL,1559722152
MH14HG4431,20 Ft XL,3326094847
MH43BX2390,32 Ft XXL,1.37249E+18
NL01AH7774,32 Ft XL,3274864666
MH12SF2317,32 Ft XL,1188994017
HR55AP2760,32 Ft XL,2594083566
MH04KU1892,20 Ft XL,2100606868
HR61E8153,32 Ft XL,2771428387
NL01AH2174,32 Ft XXL,154705261
MH04HD7115,32 Ft XL,2847498919
RJ32GC3768,32 Ft XXL,2492852780
MH40CM8252,20 Ft XL,3121665601
MH40CD6571,20 Ft XL,2322831403
HR55AR3741,32 Ft XL,2971335053
KA21A3325,32 Ft XL,1016904326
NL01AH2486,32 Ft XL,2914938575
HR55AP6374,22 Ft XL,2414227282
DL1MA9842,20 Ft XL,3722569308
KA02AH7059,32 Ft XL,2114436818
MH04KU0072,32 Ft XL,1613188788
MH43BP0583,32 Ft XXL,104415644
MH46CL5167,32 Ft XXL,3944964191
HR55AM5781,32 Ft XXL,1.27493E+18
HR38W2379,34 Ft XL,2128330173
TN73AJ8073,32 Ft XL,2817258603
HR55AP1304,32 Ft XXL,3234395569
MH04LQ0800,20 Ft XL,4191919732
MH46BF4697,32 Ft XL,3238850766
MH04LQ1653,22 Ft XL,1015241790
HR47D5531,32 Ft XL,4168537585
MH14KQ1836,22 Ft DXL,3725966953
TN56S1296,32 Ft XL,1579908675
MH14KA9365,32 Ft XXL,2206480390
RJ14GG8154,32 Ft XXL,3032333235
MH24BW0271,20 Ft XL Ft XL,1354710672
TN88L0029,32 Ft XXL,3502410885
MH43BX6702,32 Ft XXL,2160159070
MH47BL0769,32 Ft XL,1403711368
DL1MB1549,20 Ft XL,3445908980
NL01AD2922,32 Ft XXL,1.27493E+18
HR55AE7198,32 Ft XXL,1168052891
MH43CE1656,32 Ft XXL,1993271565
UP78FN0899,32 Ft XXL,1288597701
HR55AK1242,32 Ft XL,3117739931
TN25BP9108,32 Ft XXL,2373761617
TN54E5673,32 Ft XXL,3292122617
RJ18GB4322,32 Ft XXL,1.33805E+18
KA50B6687,32 Ft XXL,1.41743E+18
RJ40GA3376,32 Ft XXL,1.29422E+18
TN23DA7193,20 Ft XL,4187085442
TN05CE3427,32 Ft XL,23845928
HR55AL7817,32 Ft XL,3556676147
HR55AQ9921,32 Ft XXL,1.27493E+18
NL01AE6928,32 Ft XXL,1.27493E+18
NL01AG6758,30 Ft DXL,1650955566
HR47E4859,24 Ft XXL,3913189814
KA52A7775,20 Ft XL,4078827991
HR38W5720,34 Ft XL,955834925
RJ02GB2707,32 Ft XXL,2746782088
MH14JL8486,20 Ft XL,1574543272
JH02BH9950,32 Ft XL,2357956889
KA02AH6933,32 Ft XL,3906241320
KA01AR2245,32 Ft XXL,3214209819
HR55Y7413,32 Ft XXL,671494097
MH16CA0399,32 Ft XXL,1.27493E+18
PB65AD0746,26 Ft DXL,3504217824
UP78CT0364,32 Ft XL,710281795
RJ10GB0903,32 Ft XL,1200752148
RJ14GP6708,32 Ft XL,2553882112
RJ11GC6843,32 Ft XXL,2640346638
RJ14GL2945,32 Ft XXL,1.27493E+18
RJ14GR4781,32 Ft XL,1625775589
NL01N2550,32 Ft XXL,2562192132
MH43BX0684,32 Ft XXL,1.37249E+18
MH40CT1066,32 Ft XXL,761325456
RJ11GC2799,32 Ft XXL,880120454
MH04LQ4531,20 Ft XL,2725092042
RJ32GD1802,32 Ft XL,1.27493E+18
TN05CF1350,24 Ft XXL,2056925208
MH04JK0136,32 Ft XL,1763251974
KA52B6537,24 Ft XL,2222256497
HR38W2936,32 Ft XL,1.27493E+18
RJ32GD0809,32 Ft XL,265122025
MH46BU7497,32 Ft XL,1847180982
KA52B4729,22 Ft XL,1410084679
HR55AC8128,32 Ft XXL,881402851
MH04KU5285,32 Ft XL,1675607123
RJ14GL9487,32 Ft XXL,1171116537
UK06CA9125,32 Ft XL,516612843
BR06GE1835,32 Ft XL,1675607123
HR38AB9596,34 Ft XL,2399895960
RJ32GD4626,32 Ft XL,1993271565
HR55AM6163,22 Ft XL,543309783
HR38AA9317,34 Ft XL,481817470
KA51AH3906,32 Ft XXL,2782874388
MH04LQ0241,22 Ft XL,2652129126
NL01AE5560,32 Ft XL,1763251974
MH12SF2319,34 Ft XL,1280581805
HR55AC3200,32 Ft XXL,1782813852
RJ32GC2523,32 Ft XL,2384027914
MH43BX0915,32 Ft XXL,1.37249E+18
GJ05AT2846,32 Ft XL,4067572575
UP53ET1270,26 Ft DXL,3504217824
HR55AJ5706,32 Ft XL,2072733907
HR38AB0946,32 Ft XL,744933130
TN88K9562,32 Ft XXL,1.41813E+18
GJ01CT7165,32 Ft XL,2571005689
NL01AJ4061,32 Ft XL,2972183688
KA51AK3205,32 Ft XXL,154705261
HR67D2268,40 Ft DXL,2445379098
HR47D7668,32 Ft XXL,858282445
MH03CP6759,20 Ft XL,2050966476
MP09HH7325,32 Ft XXL,2562192132
KA01AJ0017,20 Ft XL,1.28381E+18
MH14HG0309,32 Ft XXL,3194110022
MH43BP4602,20 Ft XL,2126873029
HR55AK2443,32 Ft XXL,1.27493E+18
HR55AL8415,32 Ft XXL,1.27493E+18
RJ14GQ3361,36 Ft XXXL,361831879
HR61D0768,32 Ft XXL,3155944960
HR38X5982,32 Ft XL,3042341413
TN56K1370,20 Ft XL,1.27493E+18
MH46AR3950,32 Ft XL,1261369310
HR66B7041,32 Ft XXL,2733485050
TN01BM2423,32 Ft XL,300297501
DD01J9120,32 Ft XXXL,1.27493E+18
HR55AP4252,22 Ft XXL,2323573273
BR06GC7017,32 Ft XXL,3198442396
MH04JK5125,20 Ft XL,3815111703
HR61C1108,32 Ft XL,9010554
RJ09GB5535,32 Ft XXL,1498094060
NL01AD9394,34 Ft XL,481817470
TN88AY4025,32 Ft XXL,1029214911
TN12AQ7628,20 Ft XL,2792505996
MH46CL5166,32 Ft XXL,3944964191
HR55AM7925,20 Ft XL,2060987246
MH04KU2604,22 Ft XXL,200509188
TN52AB6166,32 Ft XXL,1.37286E+18
MH48BV1112,32 Ft XXL,4075213069
TN02BU9162,32 Ft XXL,1.29308E+18
RJ32GD2966,32 Ft XXL,2166350558
DL1LAC8779,14 Ft XL,31340317
MH46AF2429,32 Ft XXL,1373687676
HR38Z6679,34 Ft XL,2399895960
UP82T5529,32 Ft XL,2144596399
HR38AF5787,32 Ft XL,1036038890
MH43BX2933,20 Ft XL,856062481
RJ32GD8472,32 Ft XL,2757784359
HR38AF7279,34 Ft XL,1874062980
HR849331,32 Ft XL,3635423802
NL01AE7919,32 Ft XXL,1.27493E+18
DL1GC5802,32 Ft XXL,2058958247
HR55AS2300,32 Ft XL,3234395569
MH05EL1530,20 Ft XL Ft XL,2236921202
MH43BP5301,32 Ft XXL,1.37249E+18
HR67B2628,40 Ft DXL,113246778
MH44U2459,20 Ft XL,2706323275
NL01AF5190,32 Ft XXL,1111699978
HR55AF2977,32 Ft XL,3648094054
HR38AD9685,30 Ft XL,2275596032
PB11CQ9625,30 Ft DXL,3364769651
HR55AK2150,22 Ft XL,3658889535
TN56Q8417,32 Ft XL,1579908675
TN88U9369,32 Ft XXL,1.41705E+18
RJ11GC1343,32 Ft XXL,2060987246
DD01M9340,22 Ft XL,197186520
HR38AE5432,34 Ft XL,3117296538
KA51AG5680,32 Ft XXL,2510445634
HR55AJ0924,20 Ft XL,3787915751
KA03AL0401,20 Ft XL,1893840531
HR55X9638,32 Ft XL,622433098
MH04LE2080,20 Ft XL,2505836283
TN52AD7322,32 Ft XXL,2087687405
WB19L2267,20 Ft XL,2008676863
TN39DX1228,22 Ft XL,3946541699
RJ11GD9744,32 Ft XXL,839776566
RJ09GB9450,32 Ft XXL,1.30222E+18
NL01AC3126,32 Ft XL,3731347356
KA01AN8185,32 Ft XXL,1419639143
RJ32GD4593,32 Ft XL,334548386
RJ14GT0363,32 Ft XL,1115457882
HR67C2578,32 Ft XXL,4145909646
HR55AA6446,32 Ft XL,1.36953E+18
RJ32GD1753,32 Ft XL,2463724394
RJ14GL0247,32 Ft XL,1540654414
MH04LE0386,32 Ft XL,3946627381
HR68B5109,32 Ft XXL,2838899538
RJ02GC6101,32 Ft XXL,21951928
TN48BE0324,22 Ft XL,1673465953
MH04JU8529,20 Ft XL,859974101
MH04JU3072,32 Ft XXL,3862635773
HR55AM9932,20 Ft XL,3363528157
KA565855,32 Ft XXL,1981757587
UP23T9952,32 Ft XXL,1475335105
RJ14GF8994,32 Ft XXL,3234395569
HR55AT6770,32 Ft XL,1.27493E+18
HR55AT9466,22 Ft XL,20079860
DL1MA8373,20 Ft XL,2072733907
HR55W8387,32 Ft XXL,1.33805E+18
UP81CT1275,30 Ft DXL,2115237033
KA52A2920,32 Ft XXL,570434649
HR38V3194,32 Ft XL,1.27493E+18
RJ14GH2789,32 Ft XL,1.27493E+18
HR38AE4761,32 Ft XL,346898820
HR55AL3657,32 Ft XXL,817831524
KA53AA4266,20 Ft XXL,1893840531
NL01N2815,30 Ft XXL,1355641096
KA52A5582,20 Ft XL,773382346
GJ18BT3799,32 Ft XXL,1192292318
RJ14GN6925,32 Ft XXL,795144702
HR55AB2665,32 Ft XL,1.27493E+18
TN12AX2360,20 Ft XL,2792505996
TN52AC6988,32 Ft XXL,1.27493E+18
HR55AK9674,20 Ft XL Ft XL,694981092
HR55AK1146,24 Ft XL,1.30729E+18
KA51AG3708,24 Ft XXL,1861644730
TN93B8586,20 Ft XL,1534981118
HR55AK4778,32 Ft XL,3117739931
TS09UD9060,32 Ft XXL Ft XXL,4184767878
HR61D6194,20 Ft XL,1.3775E+18
RJ14GR7456,32 Ft XL,3057642003
RJ14GJ8550,32 Ft XXL,2117193417
HR55AE7361,32 Ft XXL,3648094054
TN88K9942,32 Ft XXL,1.37437E+18
MH03CV2722,20 Ft XL,4216031334
KA01AF6491,32 Ft XXL,788275643
DD01Q9742,32 Ft XL,1495002572
HR55AM6373,20 Ft XL,3000356243
GJ06AZ2764,32 Ft XL,70598964
RJ11GC2831,32 Ft XXL,1847991693
MH14HU2811,32 Ft XL,3769288587
KA51C2458,24 Ft XL,957599466
HR66A9486,32 Ft XL,93434900
MH04LY0862,32 Ft XXL,973970333
MH46BB7137,20 Ft XL,2816474766
UP35BT7997,22 Ft XL,2867501786
HR38X5642,32 Ft XL,1263168055
RJ10GA9624,32 Ft XXL,3557494937
GJ12BZ8390,36 Ft XXXL,361831879
HR55AN9654,32 Ft XL,737029079
HR38Z1756,34 Ft XL,2399895960
KA09AB3232,20 Ft DXL,854188945
KA51AG7995,32 Ft XL,1016904326
NL01N8163,32 Ft XXL,1587781364
KA09AB3474,20 Ft XL,854188945
RJ14GQ2688,32 Ft XL,1142481406
UP82T7393,32 Ft XL,1098481868
NL01AF2980,32 Ft XXL,1464357917
NL07AA4821,32 Ft XL,1181632531
NL01AG1718,36 Ft XXXL,2059618537
WB23G9649,22 Ft XL,3281644032
MH14LX9606,20 Ft XL,2693279921
MH15JC2575,32 Ft XXL,4053392143
MH04LQ4670,20 Ft XL,119219026
TN12AY5538,20 Ft XL,1908930337
RJ11GC3548,32 Ft XL,148704376
TN52J9517,32 Ft XXL,1.29607E+18
HR55AR2742,32 Ft XXL,1.29422E+18
MH43BX8042,32 Ft XL,1.37249E+18
HR55AL3226,32 Ft XXL,3234395569
HR55AW4620,32 Ft XXL,3782098726
MH43BP6350,32 Ft XXL,1.37249E+18
RJ14GQ8965,32 Ft XXL,365818776
HR55AW7622,32 Ft XL,3780642313
TN70AQ2305,32 Ft XL,1180212349
AP03TE6086,32 Ft XXL,626256173
TN28CY3615,32 Ft XXL Ft XXL,1000157673
MH43BG5020,32 Ft XXL,1.27493E+18
RJ14GT3007,32 Ft XL,3139241246
UP65QT0285,32 Ft XL,3925722706
NL01L6702,32 Ft XXL,2116662075
TG08T5569,32 Ft XL,1725219724
GJ15AV7311,32 Ft XL,3066126867
TN42AH6562,32 Ft XXL,3820313597
RJ10GB6168,32 Ft XL,2317916474
MH14GU9606,20 Ft XL,2693279921
MH12SX9609,32 Ft XL,3720707301
GJ36V6930,32 Ft XL,2791720922
TN19AL7092,32 Ft XXL,4094944893
HR55AF4177,32 Ft XXL,3648094054
TN12T4132,32 Ft XXL,1590102945
MH06BW8476,32 Ft XL,3749361327
RJ40GA2373,32 Ft XXL,4113916961
TN88AY4959,32 Ft XXL,2860560941
TN59CE2657,20 Ft XL,3534123485
MH43BX3211,32 Ft XXL,1.37249E+18
HR38V4961,34 Ft XL,955834925
NL01AH3319,32 Ft XL,1.28876E+18
HR55AR9888,22 Ft XL,3335861161
TN87C2911,32 Ft XXL,3722235971
TN88AZ7889,32 Ft XXL,1124782896
NL01AE7595,32 Ft XXL,1.27493E+18
HR38AC0941,20 Ft XL,1367939305
MH46BU9279,32 Ft XL,662067935
TN16F7623,20 Ft XL,2883383023
AP39UN5990,32 Ft XXL,2073469718
MH04HD5835,32 Ft XL,1.37249E+18
HR55AF6229,32 Ft XL,267942975
TN16E7864,32 Ft XXL,1008544192
MH04LQ9655,22 Ft XL,3743098765
NL07AA4825,32 Ft XL,1181632531
TN54U3599,24 Ft XL,4255661230
RJ10GB2801,32 Ft XXL,1840265600
MH46BM8631,32 Ft XL,3178573963
HR55AM8724,32 Ft XL,3751013683
TN88U5175,32 Ft XXL,4075197780
UP21DT4044,32 Ft XXL,1161547333
MH04LE6916,20 Ft XL,2001553708
MP09HG9609,32 Ft XXL,421520670
MP13GB4099,20 Ft XL,556033639
NL01AE8476,32 Ft XL,1.27493E+18
MH04LY2780,32 Ft XXL,2496854578
MH43BX8050,32 Ft XXL,1.37249E+18
MP09HH0208,32 Ft XXL,159756040
KA04AC5061,32 Ft XL,3442279203
JH10CJ7213,20 Ft XL,4055689655
HR849928,32 Ft XL,3635423802
KA03AK5484,20 Ft XL,1893840531
NL01AB2356,32 Ft XL,1168052891
RJ09GB5550,32 Ft XXL,245207813
HR55AL1890,32 Ft XL,2827959789
MH04HS2207,32 Ft XXL,1992763844
HR61D6100,32 Ft XXL,3353263290
MH46BM1432,32 Ft XXL,3575041082
NL01AD0536,32 Ft DXL,1658327989
NL01AG5201,32 Ft XL,3914731708
RJ14GP5642,32 Ft XL,2288705459
HR55AK5921,32 Ft XL,3117739931
MH04EY4011,20 Ft XL,3365581912
TN10BU1073,20 Ft XL,379120559
MH01DR3771,32 Ft XL,2526486597
HR61E3155,32 Ft XL,959017243
NL01AG5903,34 Ft XL,1407618984
HR55AL2707,32 Ft XL,3509917328
DL1MA9422,21 Ft DXL,2239613698
KA52B5504,22 Ft XL,1901375300
HR55AR7243,32 Ft XXL,1.29422E+18
HR38AC9073,32 Ft XXL,3509917328
UK06CA9985,32 Ft XL,2432246931
KA52B6952,22 Ft XL,679759812
UP53HT0619,32 Ft XXL,3914731708
KA04AA3071,32 Ft XXL,1.35511E+18
NL01AG0577,34 Ft XL,17667683
TN88L4496,32 Ft XXXL,786508389
KA52B8768,32 Ft XXL,1.27493E+18
RJ11GB7294,32 Ft XL,3833545074
HR55AL0416,32 Ft XL,2072733907
RJ11GC4968,32 Ft XL,808220339
MH05EL0267,20 Ft XL,840650496
RJ32GC0270,32 Ft XXL,1.27493E+18
BR06GE5547,32 Ft XL,1675607123
HR55S5551,32 Ft XXL,2062614801
HR38W9041,32 Ft XXL,1297437708
MH43BG8255,32 Ft XL,2736541600
MH40CM6746,32 Ft XXL,3710956526
HP12H0977,32 Ft XXL,980592438
NL01AA6885,32 Ft XXL,1.28455E+18
TN47BW6205,32 Ft XL,2305205620
MH47Y9336,32 Ft XL,1927366552
MH05DK1297,20 Ft XL,940377847
RJ14GP7860,32 Ft XXL,2374041767
HR843561,22 Ft XL,718481859
HR38AG9200,32 Ft XL,3908165514
NL04D5794,32 Ft XXXL,1675607123
NL01AE4399,32 Ft XXL,2671813342
HR55AC2061,32 Ft XXL,1.34095E+18
TN36BV7405,32 Ft XXL,1701426074
TN07BZ4633,32 Ft XL,377314157
HR39F5023,32 Ft XL,579953003
MH04LQ0133,32 Ft XXL,2811610218
MH04LQ0521,20 Ft XL,284177498
RJ14GP4565,32 Ft XXL,4005448948
MH09FL5763,22 Ft XL,1686091534
HR38U4684,32 Ft XL,183624329
HR63C8941,32 Ft XL,1887828621
TN88K7846,32 Ft XXL,2981846318
NL01AH7461,32 Ft XL,2146623208
NL01AG0648,32 Ft XL,3155944960
KA52B5474,20 Ft XL,2097251042
NL01N1222,32 Ft XXL,1.34396E+18
HR55AA2679,32 Ft XL,92539438
HR38U9258,34 Ft XL,1149351257
MH43BG3557,32 Ft XXL,104415644
TN02BV9779,32 Ft XXL,1742542404
HR55AL2340,22 Ft XL,238962439
TN02BB5015,32 Ft XXL,1.35684E+18
NL01AG2289,32 Ft XL,3731347356
WB11E0528,32 Ft XXL,3812551316
HR38AA3967,34 Ft XL,3941577843
HR55AB6755,20 Ft XL,1.27493E+18
HR66B5158,32 Ft XL,1703646594
HR55AJ2732,32 Ft XL,1.27493E+18
PB11CJ0193,32 Ft XXL,2322689137
HR55W5836,32 Ft XXL,1.27493E+18
HR38Y2182,32 Ft XL,2335357181
TN12AX7773,24 Ft XXL,2213359414
HR55AK3190,32 Ft XXL,3234395569
TN69BQ0373,20 Ft XL,224395388
RJ14GP5273,32 Ft XXL,812254745
BR28GA7098,32 Ft XL,3657821650
TN18AK6561,20 Ft XL,1908930337
NL01Q6668,32 Ft XL,806780729
HR47C3932,32 Ft XL,654904209
TN88J7970,32 Ft XL,1454295880
PB13BD2736,32 Ft XL,1813930870
TN88J7171,32 Ft XXL,712895441
MH04LQ7030,20 Ft XL,84955114
WB05A3777,32 Ft XXL,1080031028
HR38Y2216,20 Ft XL,2431935307
HR39F9222,22 Ft XL,1431959554
NL01AH4007,32 Ft XL,3412867050
UP79AT4137,22 Ft XL,3239702900
NL01AH8756,32 Ft XL,3003097865
HR55AU2561,32 Ft XL,3556676147
GJ12BX2584,32 Ft XXL,1606375866
HR39F5049,22 Ft XL,666836289
RJ19GH4676,24 Ft XL,3782819293
HR47D8228,32 Ft XL,3904425606
HR55AL1361,32 Ft XXL,1.27493E+18
GJ12BX1570,36 Ft XXXL,1649101344
TN52AC8166,32 Ft XXL Ft XXL,1.37286E+18
MH04LE0115,20 Ft XL,3927992790
GJ12BX9690,40 Ft DXL,3106825274
HR55AK1054,32 Ft XXL,1.27493E+18
RJ14GQ3664,32 Ft XXL,3310646587
MH04LQ5467,32 Ft XL,395223959
GJ06AZ2425,32 Ft XL,2955786569
HR55Y3906,34 Ft XL,4239308576
MH04JK3783,32 Ft XXL,3155699385
KA51AG7227,24 Ft XL,1861644730
KA52B2795,20 Ft XL,1908930337
KA51AH6100,20 Ft XL,319648907
MH04HD7116,32 Ft XL,2847498919
KA594162,32 Ft XL,957599466
MH14KA4118,32 Ft XXL,2286601239
MH43CE3829,32 Ft XXL,724297732
KA51D2601,32 Ft XXL,902512755
TN52R6377,32 Ft XXL,1.37286E+18
HR55AE5950,24 Ft XXL,2345315178
HR47E3231,22 Ft XL,2866879391
HR55AK3548,32 Ft XXL,1.27493E+18
NL01AD0506,32 Ft XL,3155944960
MH20GC2871,32 Ft XL,3541365553
NL01AC8849,32 Ft XXL,4188999819
TN39CM5092,32 Ft XXL,1271043962
RJ49GA5132,22 Ft XL,308357686
KA52C1887,20 Ft XL,2142715244
GJ03BV2882,32 Ft XL,2651560669
MP04HE3693,32 Ft XXL,2804062220
BR06GE2686,32 Ft XL,1675607123
HR55AN1642,32 Ft XXL,3234395569
KA51AG4082,32 Ft XXL,3267183048
KA51AG4581,24 Ft XL,1861644730
MH43BP5297,32 Ft XXL,1.37249E+18
HR55AK4540,24 Ft XL,1.30729E+18
HR55U9185,32 Ft XXL,1.27493E+18
HR55Y1298,32 Ft XXL,1.27493E+18
KA01AG8015,32 Ft XXL,2254873114
NL01AF0010,32 Ft XXL,1482464153
HR55AE0513,32 Ft XL,1.34095E+18
PB13BE9214,32 Ft XL,1795786993
TN38DB1377,32 Ft XXL,2470078788
RJ18GC5279,32 Ft XL,1620241690
HR47E5906,22 Ft XL,4108629306
BR02GA6065,32 Ft DXL,3504217824
RJ32GD0787,32 Ft XL,717107948
MH43BX0781,32 Ft XXL,1.37249E+18
DD01N9823,32 Ft XL,2000176526
HR55AP0632,24 Ft XL,20079860
MH43BG5483,32 Ft XXL,104415644
NL01AE6913,32 Ft XXL,1.27493E+18
HR55AR2019,32 Ft XL,660306089
RJ32GD1046,32 Ft XL,2463724394
UP35AT4423,30 Ft DXL,2115237033
HR55AU6949,22 Ft XL,686092796
MH04KU5123,20 Ft XL,2595308234
DL1GE2907,22 Ft XXL,3151132714
GJ16AW3405,32 Ft XXL,894334680
RJ32GC5731,32 Ft XL,4127046060
MH04LE0371,22 Ft XL,2545997179
RJ22GB4977,32 Ft XXL,3522418087
NL01AF0012,32 Ft XXL,1.27493E+18
TN88U2091,32 Ft XXL,902512755
MH43BX3219,32 Ft XXL,1.37249E+18
HR55S1757,32 Ft XL,1788205992
PB13AW8550,32 Ft XL,1.36953E+18
TN39DX5449,20 Ft XL,3946541699
WB23F9607,32 Ft XXL,68976327
WB174333,32 Ft XXL,3812551316
WB11G0973,32 Ft XL,3554695931
MH04LE7642,20 Ft XL,1344610015
MH31FC6159,20 Ft XL,2322831403
GJ15AV7369,32 Ft XL,3066126867
HR38AA2735,34 Ft XL,3216817949
NL01AA7933,32 Ft XXL,694678537
HR55AH5893,32 Ft XXL,1.27493E+18
HR38W1388,32 Ft XXL,1152643775
MH12NX5423,32 Ft XXL,781664581
MH04HD8802,32 Ft XXL,2984689483
MH43CE1197,32 Ft XXL,1993271565
TN12AH8507,32 Ft XXL,2254873114
UP21CT1234,32 Ft XL,2382778043
GJ15UU1911,32 Ft XL,1135931905
MH15FV2529,32 Ft XXL,1654148810
RJ11GB9340,32 Ft XXL,3788447167
HR55AL3022,32 Ft XL,3556676147
HR73A5966,22 Ft XXL,3799698316
MH46BU9438,20 Ft XL,2652225535
TN73AW8949,20 Ft XL,167129023
UK06CB2146,32 Ft XL,1165942946
KA01AP6156,32 Ft XL,4186992177
GJ12AZ2972,40 Ft DXL,361831879
MH04MH5914,32 Ft XL,2047696331
HR38AC7236,32 Ft XL,1303316277
RJ14GK2643,32 Ft XL,2778726045
NL01N2552,32 Ft XXL,1168052891
MH04KF9347,20 Ft XL,1996647552
RJ10GB2420,32 Ft XL,1127346228
MH04LQ3770,20 Ft XL,346024543
KA51AH6372,32 Ft XL,3006081937
HR65A9685,32 Ft XXL,3421757154
RJ14GP5512,32 Ft XL,875504629
HR47E8303,32 Ft XL,1.27493E+18
NL01AD2926,32 Ft XXL,1.27493E+18
RJ14GK7324,32 Ft XXL,3596967547
HR55AH7648,32 Ft XXL,1.27493E+18
RJ14GH3916,32 Ft XL,245875254
WB05A1829,32 Ft XL,1080031028
RJ14GJ7017,32 Ft XXL,1454141714
MH04HD4030,20 Ft XL,3413902153
HR55AK3155,22 Ft XL,2778726045
MH31FC6120,20 Ft XL,2322831403
HR55AM7431,24 Ft XL,4132186330
TN06R7943,32 Ft XL,387829813
NL01AG1409,32 Ft XL,2594083566
TN28BH5935,32 Ft XXL,976528422
CH01TB8446,22 Ft XL,3101991200
KA567461,32 Ft XXL,3745362445
TN12AY5514,20 Ft XL,1908930337
MH04JU1108,32 Ft XL,2984689483
MH04JU0810,32 Ft XXL,3154102809
NL01AE8689,32 Ft XXL,1.27493E+18
RJ11GD0106,32 Ft XXL,4122073968
MH48CB0080,32 Ft XXL,4075213069
KA51C6618,32 Ft XXL,2451833745
HR38AC9396,32 Ft XL,3769395729
TN23DX7156,32 Ft XL,516468939
MH43BX7372,32 Ft XL,1.37249E+18
RJ11GC3668,32 Ft XL Ft XL,1493460290
HR38AC4305,32 Ft XL,2858977521
MH04KU0549,22 Ft XL,3484041280
KA591849,32 Ft XXL,3031005527
RJ14GP5539,32 Ft XL,875504629
MH04LE1273,20 Ft XL,1470923263
HR55AL0118,32 Ft XL,374678490
MH40CD4788,20 Ft XL,1015241790
RJ11GD0480,32 Ft XXL,3717494833
HR38AF2931,32 Ft XL,1849037156
TN52AD7837,32 Ft XXL,3729590013
HR55AA2988,32 Ft XL,2612215395
RJ14GQ5955,32 Ft XL,2553882112
HR55AB1608,20 Ft XL,1.35842E+18
KA52C1001,20 Ft XL,283968129
HR47F7081,32 Ft XXL,1.27493E+18
MH12VT2706,34 Ft XL,3185182714
DL1MA9071,20 Ft XL,3244816124
RJ14GQ2850,32 Ft XL,3261373768
KA04AC8428,22 Ft XL,4142153169
RJ40GA2274,32 Ft XL,1.27493E+18
HR38AB9656,24 Ft XL,250896138
MH12UM9341,32 Ft XL,4005345908
HR46F2615,24 Ft XXL,2757888850
TS08UJ3487,32 Ft XXL,3164210946
MH46CL0744,22 Ft XL,3051829396
RJ32GD1879,32 Ft XL,265122025
MH04MH2589,22 Ft XL,1530629691
TN28BD2909,32 Ft XL,1.29634E+18
HR55AV1042,32 Ft XL,1732868091
KA39A1936,32 Ft XXL,1642291340
TN34MB2199,32 Ft XXL,534191680
NL01AE7924,32 Ft XXL,1.27493E+18
TN85J8048,32 Ft XXL,1.33082E+18
HR38AE3474,32 Ft XXL,1042108344
RJ14GN8762,32 Ft XXL,907245003
HR63F6584,32 Ft XL,2790383229
MH04KU7369,32 Ft XXL,1.37247E+18
HR55AN2585,22 Ft XL,2546199617
MH46BU7589,20 Ft XL,1349042718
MH40BL2704,32 Ft XXL,211013498
MH04LQ0254,32 Ft XL,3862635773
MH46BU5698,32 Ft XXL,2744315801
KA569233,32 Ft XXL,808528266
HR55AL5840,22 Ft XL,4024343566
RJ14GK0068,32 Ft XXL,4225735404
HR55AK9473,32 Ft XL,1.27493E+18
GJ12BX7510,40 Ft DXL,1608917745
HR58D0211,32 Ft XL,2250116825
WB05A4036,32 Ft XL,1080031028
HR55AJ5088,20 Ft XL,4274074126
HR55AA7634,32 Ft XL,671494097
WB173029,32 Ft XXL,4065038712
MH04LE2189,32 Ft XL,1656214284
TN30BR6585,20 Ft XL,2202134573
MH04JU2686,20 Ft XL,3314012324
HR55AK6694,32 Ft XXL,1.27493E+18
MH04LQ5755,32 Ft XXL,1117261611
AP39UE7551,32 Ft XXL,2375633805
TN34MA8629,32 Ft XXL,3590451473
HR38W4469,32 Ft XXL,1152643775
UP14KT0129,19 Ft XL,2734095990
RJ11GC3994,32 Ft XXL,1353124679
TN54U4683,20 Ft XL,2016629745
MH02FX6926,24 Ft XXL,1504749533
WB11C7597,32 Ft XXL,2140682031
UP21ET7444,32 Ft XL,2215068666
TS07UG1927,32 Ft XXL Ft XXL,3706224517
GJ01JT4598,32 Ft XL,2717088160
DL1MA9538,22 Ft XL,3076848222
HR55AM1284,32 Ft XXL,1.27493E+18
NL01N3636,32 Ft XL,818100544
NL01AC9561,32 Ft XXL,3165504375
DD01S9618,32 Ft XL,2752591181
MH46BB8162,32 Ft XXL,2292159374
MH12SX8665,32 Ft XXL,1407618984
HR55AR6298,24 Ft XL,1.27493E+18
RJ22GB5469,32 Ft XXL,585859427
RJ32GC0425,32 Ft XXL,2738786517
MH43CE0539,20 Ft XL,2126873029
NL01AH6992,32 Ft XL,3274864666
NL01AF2218,32 Ft XL,2058958247
KA51AH0727,20 Ft XL,506289198
TN52H8101,32 Ft XXL,3644340782
RJ53GA0035,32 Ft XL,3617254584
KA01AP1177,32 Ft XL,1312783096
UP84AT2344,32 Ft XL,1098481868
MH46BM7189,32 Ft XL,1600852319
TN88U8614,32 Ft XXL,104156983
NL01AG2215,32 Ft XXL,1407618984
RJ32GD1758,32 Ft XL,2463724394
HR55AR8004,32 Ft XL,1219188435
HR55AK9422,32 Ft XXL,1.27493E+18
UP21CN6266,32 Ft XL,1308705787
HR61E5178,32 Ft XL,1.27493E+18
MH04LQ4307,32 Ft XL,2100646698
MH04LQ0232,32 Ft XL,844649569
MH24BW0215,32 Ft XL Ft XL,3721776501
HR38AH6530,34 Ft XL,1790931984
HR55AN2852,32 Ft XL,2148477730
HR55AA2415,32 Ft XL,660306089
TN03AF4518,32 Ft XL,23845928
NL01AG3702,32 Ft XL,1219188435
MH14KA7310,20 Ft XL,2270174217
HR55AM5111,32 Ft XL,3000356243
MH14JL3725,20 Ft XL,1251745391
MH04LQ2411,32 Ft XL,2545997179
HR55AA6098,32 Ft XL,660306089
TS08UE4448,20 Ft XL,727275022
RJ07GD8232,20 Ft XL,4292711585
HR47E3338,22 Ft XL,2569825664
TN52J3515,32 Ft XL,626256173
NL01AG9894,32 Ft XL,761325456
RJ40GA6654,32 Ft XXL,940870303
NL01AF8336,32 Ft XXL,2638422073
MH04LE3834,20 Ft XL,4104982458
HR55AM5829,32 Ft XXL,1.27493E+18
NL01AJ6699,32 Ft XL,1180324994
NL01Q7901,32 Ft XL,2058958247
HR38AE5557,32 Ft XL,1995526937
KA595001,20 Ft XL,2035918744
HR55Y0403,32 Ft XXL,3648094054
MH04JU1344,32 Ft XL,795547115
TS12UD4619,32 Ft XXL,1813925735
RJ32GC0476,32 Ft XXL,1.27493E+18
KA01AM1696,22 Ft XL,4186992177
KA52C1441,32 Ft XXL,2912106339
MH04LY9509,32 Ft XL,2439808669
KA51AH4293,32 Ft XXL,1.29971E+18
KA52A9735,32 Ft XL,2711565514
MH01CV7170,32 Ft XL,2526486597
HR47E1555,32 Ft XL,1.27493E+18
RJ52GA9311,32 Ft XXL,20414419
MH46BB7339,32 Ft XL,1375808288
TN52AA0077,32 Ft XXL,1.37286E+18
HR55AR1900,22 Ft XL,754668218
TN28BF9015,32 Ft XXL,2952713397
HR55AL7306,22 Ft XL,2234510064
MH43BG3562,32 Ft XXL,104415644
UP14HT6619,24 Ft XL,3967887847
MH04KU7451,20 Ft XL,556203466
HR55T8454,32 Ft XXL,3749361327
HR55AK9851,24 Ft XL,20079860
MH48T5833,32 Ft XL,395223959
HR55AK3444,32 Ft XXL,1.27493E+18
NL01AH1936,32 Ft XXL,2638422073
WB11C8846,32 Ft XXL,3876917080
RJ10GB2701,32 Ft XXL,187491857
NL01AJ0278,32 Ft XL,2914938575
WB15E1138,32 Ft XL,3827489622
UK06CB9733,32 Ft XXL,447303697
MH04LQ3707,32 Ft XL,1470923263
GJ12BW4708,32 Ft XXXL,3310646587
MH04KU2282,20 Ft XL,1766326519
MH46BB6361,32 Ft XXL,459124687
HR38AD1776,32 Ft XL,2892768975
HR55AF8493,32 Ft XL,2897610068
HR38AC9851,22 Ft XL,1960184221
RJ14GP4506,32 Ft XXXL,3509917328
TN30CV8674,22 Ft XL,2421018703
MH04KF1946,20 Ft XL,3013601887
TN40AB5050,32 Ft XL,1975671423
NL01N2569,32 Ft XXL,1355641096
TN34MB0838,32 Ft XXL,3590451473
WB73G8975,34 Ft XL,1336031627
MH46BM1430,32 Ft XXL,3575041082
HR55AN4687,32 Ft XL,1993271565
HR39F0879,32 Ft XL,644321050
TN52AA9822,32 Ft XXL,1.37286E+18
MH43BX0677,32 Ft XXL,1.37249E+18
MH04LQ2543,20 Ft XL,35760143
HR55AA8263,32 Ft XXL,973464340
MH46BM3079,32 Ft XL,1723110656
RJ40GA6379,32 Ft XL,1206131433
MH04LQ3826,22 Ft XL,4108214217
MH04KU6146,32 Ft XXL,840650496
NL01AC1041,32 Ft XL,1324027201
TN24AY3511,20 Ft XL,1800445944
GJ12BY1767,36 Ft XXXL,1649101344
DD01X9176,32 Ft XL,2412338830
TN99E4273,32 Ft XXXL,1577325764
TN16V4178,32 Ft XXL,739682132
UP11BT8403,32 Ft XXL,3211344353
DD01M9506,32 Ft XXL,1193730341
TN10BU1046,20 Ft XL,379120559
KA52A7121,20 Ft XL,3355219628
HR73A8544,25 Ft DXL,1912589015
HR55AF0429,32 Ft XL,3607592787
TN28BH3137,32 Ft XXL,3722235971
HR46F7685,32 Ft XL,776064458
RJ41GA7061,32 Ft XL,4094786149
NL01AE8619,32 Ft XXL,1.27493E+18
HR47D0819,32 Ft XL,1.27493E+18
NL01AA9757,40 Ft DXL,3106825274
NL01AH8770,34 Ft XL,17667683
MP09GH1164,32 Ft XL,1714356723
MH43BG8007,20 Ft XL,2806089954
MH43BG2280,32 Ft XXL,1.27493E+18
MH14KQ6497,32 Ft XXL Ft XXL,2333307003
MH46AR3322,32 Ft XXL,3796565763
RJ40GA5444,32 Ft XL,1206131433
HR55AG4402,14 Ft XL,1.27493E+18
WB05A1684,32 Ft XL,1080031028
RJ11GC4800,32 Ft XXL,3624319895
HR38X7375,34 Ft XL,1874062980
HR38AD1195,32 Ft XXL,629263962
TN22DK2930,20 Ft XL,1942362755
TN28BH6797,32 Ft XXL,826184960
MH40BG6142,32 Ft XXL,3025818823
RJ11GB8949,32 Ft XXL,3446921353
HR74B4526,32 Ft XL,20046284
RJ14GP9400,32 Ft XXL,4005448948
TN88J4385,32 Ft XXL,863134033
HR55AL6928,20 Ft XL,1326956535
RJ32GD5394,32 Ft XXL,840849000
KA53AA8655,32 Ft XL,778060625
GJ12BZ8149,36 Ft XXXL,361831879
MH14GU1559,32 Ft XXL,3194110022
DL1MA8370,20 Ft XL,2072733907
MH43CE6129,32 Ft XL,508628337
DD01R9350,32 Ft XXL,1784565714
UP76T8673,34 Ft XL,3540956337
UP14GT9198,32 Ft XL,1614011755
HR55AP5421,32 Ft XL,2594083566
MH04LQ8802,32 Ft XXL,325838392
RJ14GR1202,34 Ft XL,2610780597
KA53AB2492,32 Ft XL,1.27493E+18
MH05DK3787,20 Ft XL,3035918602
MH46CL6409,32 Ft XL,3823797128
MH43BP3761,22 Ft XL,2046209108
GJ12BZ9420,34 Ft XL,2309716914
MH46BU4641,20 Ft XL,750659902
HR55AB1746,32 Ft XL,1.27493E+18
HR55AL3355,32 Ft XL,1933894296
HR55AL2152,22 Ft XL,818100544
HR69D9012,32 Ft XL,3319527314
UP83CT6593,22 Ft XL,3579085377
KA04AB6176,20 Ft XL,1850084718
MH04GR6721,20 Ft XL,3254655880
RJ11GC2298,32 Ft XXL,1463879186
MH14FT6138,20 Ft XL,3964162150
TN12AR4954,20 Ft XL,2792505996
MH04JU7384,32 Ft XL,541098897
NL01AE8141,32 Ft XXL,1.27493E+18
HR55AP7839,32 Ft XXL,3234395569
DD01S9001,22 Ft XL,991062724
TN88H6579,32 Ft XXL,1096970933
TN28BF0603,32 Ft XXL,1824256618
TN86D0037,32 Ft XXL,1.27493E+18
HR61E4624,22 Ft XL,3335861161
MH04LQ2401,20 Ft XL,3809055012
KA01AM2217,32 Ft XL,2129506853
HR55AR1134,22 Ft XL,3378674383
TN70AQ5011,32 Ft XL,1180212349
UP21CN6333,32 Ft XL,921557619
HR55AL0687,22 Ft XL,1744554132
HR55Y9991,32 Ft XL,1.27493E+18
HR627873,20 Ft XL,578101994
KA590867,32 Ft XL,957599466
HR61E8978,32 Ft XL,147476654
DD01L9935,32 Ft XL,1.27493E+18
TN04BA1999,32 Ft XL,882102816
HR55AB0077,32 Ft XL,3962308287
MH46BM0697,32 Ft XL,1938500835
TN88AZ1774,32 Ft XXL,470806032
MH04LQ0828,32 Ft XL,2545997179
UP21CT9795,32 Ft XXL,614429144
TN12BA6835,32 Ft XXL,3616466844
TS07UG0300,32 Ft XXL,3706224517
TN33AP5799,32 Ft XL,765680457
WB05A1514,32 Ft XL,1080031028
HR38X8450,32 Ft XL,2906035098
HR55AM0957,32 Ft XXL,3480904393
NL01AG3247,32 Ft XXL,1618676713
MH04KU6605,32 Ft XL,2545997179
GJ12BZ3680,40 Ft DXL,3106825274
MH40CD4743,20 Ft XL,2898795827
HR55W8464,32 Ft XXL,1.33805E+18
MH04GF5494,20 Ft XL,115311171
TN88U2053,32 Ft XXL,902512755
KA52A1937,32 Ft XL,570434649
NL01N0328,30 Ft XXL,1355641096
MH04LE7443,32 Ft XXL,2423627008
KA01AG6747,32 Ft XL,3905849175
UP70KT6522,32 Ft XL,179649005
GJ12BZ3433,40 Ft DXL,3106825274
RJ19GJ6760,32 Ft XXL,3373724565
DL1MA6281,20 Ft XL,4285292968
WB11D3587,32 Ft XL,1409802567
MH46CL3793,32 Ft XXL,2793079243
HR55AK8770,22 Ft XL,1.36451E+18
RJ18GC6514,32 Ft XXL,1184228435
KA593817,34 Ft XL,511547080
HR55AU5538,32 Ft XL,1732868091
MH12MV1119,32 Ft XL,3811649588
RJ32GC0655,32 Ft XL,1185687987
HR55AB6354,32 Ft XXL,1.27493E+18
MH04GR4480,32 Ft XXL,2404229792
TN69BY1824,32 Ft XXL,238773764
HR55Y8141,14 Ft XL,4015093222
KA01AL0775,32 Ft XL,2711565514
HR55AP5088,32 Ft XL,1038921782
HR67B4879,32 Ft XXL,705261543
MH04LQ8915,32 Ft XXL,3179876767
KA01AJ3108,32 Ft XL,3473183693
TS07UK5093,32 Ft XXL,3829683448
HR55AA5749,32 Ft XL,2498711935
MH12RN2678,32 Ft XL,3573459283
UP85CT2538,32 Ft XL,2081056071
RJ14GP3771,32 Ft XL,1.27493E+18
KA01AP6377,32 Ft XXL,1431985334
HR55V8485,32 Ft XL,191202966
MH23AU4542,32 Ft XL,3051438009
HR38AA5883,32 Ft XL,1806953019
MH43BP6358,32 Ft XXL,1.37249E+18
GA05T6414,20 Ft XL,3876843873
KA01AE0646,32 Ft XXL,570434649
HR55AE6967,32 Ft XL,3618715469
TN88AZ3700,32 Ft XXL,2277738971
HR38AA9311,22 Ft XL,572478139
KA03AK5482,20 Ft XL,1893840531
WB05A3811,32 Ft XXL,1080031028
HR47G1961,22 Ft XL,4108629306
RJ14GP9986,32 Ft XXL,769699355
MH40CD0837,32 Ft XXL,354247008
WB11F7387,32 Ft XL,3554695931
KA51AG7996,32 Ft XL,1016904326
HR55AN8619,32 Ft XL,374678490
HR55AL7457,32 Ft XL,2710583951
HR61E9575,20 Ft XL,3413902153
RJ11GC0046,32 Ft XXL,1.27493E+18
TN28BL2198,32 Ft XL,1.37437E+18
NL01AD1206,32 Ft XXXL,1675607123
TN39BR7184,20 Ft XL,604138943
NL01AA8870,32 Ft XXL,1.27493E+18
TN42AM2129,34 Ft XXL,1.29133E+18
HR55AK4384,32 Ft XXL,1.27493E+18
HR55AG7155,32 Ft XXL,1.27493E+18
NL01AF2256,32 Ft XXL,1.27493E+18
HR74B9920,32 Ft XL,1339074655
HR55AN5960,22 Ft XL,2786914631
MH04KU2620,32 Ft XL,1036596673
MH46BM8047,32 Ft XL,3847768496
KA567926,32 Ft XXL,1473433051
HR55V2360,32 Ft XXL,1.27493E+18
TN39CE9568,32 Ft XXL,3676358555
RJ14GR1560,32 Ft XXL,124939735
MH43CE0530,20 Ft XL,2035777852
MH55C0239,20 Ft XL,3721776501
RJ47GA4773,32 Ft XXL,2532614300
NL01AD8993,32 Ft XL,2374041767
RJ32GC9153,32 Ft XL,265122025
HR38AG5714,32 Ft XL,3908165514
TN88K4961,32 Ft XXL,857428917
HR47D4127,32 Ft XL,2893806302
HR55AL6643,32 Ft XXL,817831524
RJ42GA4220,40 Ft DXL,2309716914
UP81FT3587,22 Ft XL,1698857278
HR47E7811,22 Ft XL,3913189814
HR55Y5846,32 Ft XXL,568003913
UP21CT7834,32 Ft XXL,4099526641
WB174079,32 Ft XXL,3540391324
MH43BX0931,32 Ft XXL,1.37249E+18
HR67D9201,36 Ft XXXL,1649101344
HR55AK2231,32 Ft XXL,1.27493E+18
MH14HG1031,32 Ft XL,3194110022
NL01AA5107,32 Ft XXL,2459640882
NL01N7075,32 Ft XXL,1.27493E+18
TN25BS6820,32 Ft XXL,1781976731
HR55AC4079,32 Ft XXL,2072286350
RJ09GD9964,32 Ft XXL,3310019958
RJ14GQ7879,32 Ft XXL,3554142728
KA51AK3848,22 Ft XL,2886086093
MH04JK9502,32 Ft XL,2984689483
HR55AM4968,22 Ft XL,1181632531
TN28BK6826,24 Ft XXL,3266249453
PB13AR5278,32 Ft XXL,187491857
TS08UJ3486,32 Ft XXL,3164210946
MH43CE0603,32 Ft XXL,1993271565
NL01AB7966,32 Ft XL,1209239541
TS08UB5751,32 Ft XXL,3829683448
HR38AD2415,22 Ft XL,2601631433
TN52AD3944,32 Ft XXL,1.37286E+18
HR38U0781,32 Ft XL,3882059570
RJ32GC8903,32 Ft XL,1.27493E+18
TN12AE3134,20 Ft XL,2183020798
RJ11GB8500,32 Ft XXL,3106031340
MH48AY3716,20 Ft XL,1542855253
RJ11GC9110,24 Ft DXL,3504217824
TN88H1036,32 Ft XL,2405984065
HR68B2854,32 Ft XXL,2838899538
NL01AE9916,32 Ft XL,1.27493E+18
NL01AB2449,32 Ft XXL,1.27493E+18
TN42AH2983,22 Ft XL,3748473302
TN28BJ6075,32 Ft XXL Ft XXL,3375922921
MH46BB6316,32 Ft XXL,2609356868
MH43BG3062,20 Ft XL,2126873029
KA52A7552,32 Ft XXL,1962303682
HR47G8103,22 Ft XL,654234375
MH44U2737,32 Ft XXL,2864754866
HR38AA6678,32 Ft XXL,2148477730
RJ14GN1182,32 Ft XL,805447376
MH46BM9688,32 Ft XL,2440221538
KA51D5147,32 Ft XXL,902512755
MH46BU5701,32 Ft XXL,2744315801
HR74B4802,32 Ft XL,3957764104
MH05AM3444,32 Ft XXL,325838392
TN39CQ7085,32 Ft XL,1271043962
TN39DB3846,32 Ft XL,3084231828
HR38AB5079,34 Ft XL,2399895960
MH04GR5940,32 Ft XL,2753562616
RJ47GA4345,32 Ft XL,2681227620
PB05AP5491,34 Ft XL,512034430
MH12UM9963,32 Ft XXL,4240028878
RJ47GA3664,40 Ft DXL,4255940877
HR38T5591,32 Ft XL,4023146082
DN09R9025,32 Ft XL,1527684631
MH05DK5433,20 Ft XL,1883476832
RJ09GB4731,32 Ft XL,3117739931
HR55AE9852,32 Ft XXL,1168052891
TN52AB8886,32 Ft XXL,1.27493E+18
MP41ZH6791,32 Ft XL,3537358630
MH46BM7623,32 Ft XL,3828730693
TN39CQ3153,34 Ft XXXL,1271043962
NL01AC4902,32 Ft XXL,3631712786
NL01AE8282,32 Ft XXL,1.29422E+18
NL01AH2189,32 Ft XXL,154705261
TN28BH4794,24 Ft XL,2339676427
RJ11GD3601,32 Ft XXL,21951928
TN04BD1467,32 Ft XL,3739220626
DD01M9265,22 Ft XL,1059820847
MH43BX3341,20 Ft XL,2126873029
KA52B4135,20 Ft XL,1272545252
RJ14GQ2846,32 Ft XL,3261373768
MH04JU3296,20 Ft XL,4191919732
MH14EM9306,32 Ft XXL,1.27493E+18
MH14KA0039,22 Ft XL,1251745391
NL01L6890,32 Ft XXXL,1.34396E+18
MH43BP8021,20 Ft XL,2126873029
HR74B1467,32 Ft XXL,732632190
RJ10GB4683,32 Ft XXL,1370618744
HR46F6314,40 Ft DXL,2420458351
HR46E0124,32 Ft XL,3888426839
UP54BT0362,32 Ft XL,4040993158
KA51D5431,32 Ft XXL,2121385058
MH12LT4606,32 Ft XL,1032741780
TN28BJ8667,32 Ft XXL Ft XXL,1755204689
HR39E9675,22 Ft XL,1933894296
GJ06AZ7136,32 Ft XL,3951367130
HR47G6880,32 Ft XXL,2523978282
HR47G2754,32 Ft XXL,2523978282
MH04KU7698,32 Ft XL,573747521
TN73AJ8290,32 Ft XXL Ft XXL,2817258603
KA01AM1099,32 Ft XL,188384278
RJ14GL5989,32 Ft XL,3261373768
TN52L7024,32 Ft XXL,1.37286E+18
RJ10GB2064,32 Ft XL,3281459334
HR55AM2380,32 Ft XXL,1.27493E+18
MH04LE2225,20 Ft XL,173012235
MH04JU2180,32 Ft XXL,1613188788
TN34AH3566,32 Ft XXL,2910634008
MH43BX3598,32 Ft XXL,1.37249E+18
GJ16AW3496,32 Ft XXL,894334680
TN19AL7054,32 Ft XXL,4094944893
MH46BM0797,32 Ft XL,1938500835
GJ06AZ6619,34 Ft XL,104156937
HR55AP0228,32 Ft XL,4112769211
HR61E6281,34 Ft XL,1075237540
NL01AD0783,32 Ft XL,1647748010
KA51AK3204,32 Ft XXL,154705261
HR55AQ5859,32 Ft XXL,3234395569
WB05A1848,32 Ft XL,1080031028
MH04LQ5616,22 Ft XL,4108214217
TN879743,32 Ft XL,1.34348E+18
NL01AF2868,34 Ft XL,17667683
MH04JK1630,20 Ft XL,859974101
RJ14GJ6593,32 Ft XXL,4178946379
TN28BJ4677,32 Ft XXL,1579060235
RJ32GC1573,32 Ft XL,3146373301
RJ32GC2190,32 Ft XXL,2112697286
RJ14GT0737,32 Ft XXXL,1524180104
NL01AH0592,32 Ft XXL,2741874244
HR65A8115,30 Ft DXL,3836262919
HR55AK8332,20 Ft XL,3000356243
HR47D8740,32 Ft XL,93434900
HR39E0594,22 Ft XL,1073628303
OD01Q6253,32 Ft XXL Ft XXL,3003097865
PB10HA6662,32 Ft XXL,3601019969
RJ32GC0810,32 Ft XXL,1.27493E+18
MH48CB0441,20 Ft XL,1949856932
DL1MA1604,20 Ft XL,548066073
NL01AC3129,32 Ft XL,3731347356
HR38AB3092,34 Ft XL,2660410001
HR47F2108,22 Ft XL,4114516569
HR55AL5001,32 Ft XL,2211193487
TN88U7579,32 Ft XXL,1.3095E+18
MH46BU5305,32 Ft XL,3823797128
NL01L6892,32 Ft XXXL,1.34396E+18
MH04HY2129,32 Ft XL,3413832098
HR38AG7489,34 Ft XL,1390882262
UP81BT0060,30 Ft DXL,2115237033
HR47E4711,22 Ft XL,2532936040
MH04LQ7713,22 Ft XXL,18476183
MH46AR7310,32 Ft XXL,383582481
NL01AE4395,32 Ft XXL,3194110022
MH04KF7387,32 Ft XL,1647748010
HR74B2866,32 Ft XL,3961557537
HR38AG3709,32 Ft XL,3908165514
GJ01HT9431,32 Ft XXL,1790379341
MH12UM4053,32 Ft XL,3185182714
KA51AC1180,32 Ft XXL,3517986486
HR38AC5275,34 Ft XL,3893606305
HR38AD4524,34 Ft XL,3117296538
KA51AB5402,32 Ft XL,3905849175
MH46BU2714,32 Ft XL,745846882
GJ27TT2430,32 Ft XXL,3805031758
RJ14GJ6969,32 Ft XXL,2778726045
RJ09GB5533,32 Ft XXL,245207813
HR47E4676,32 Ft XL,4242867162
HR55AL2132,32 Ft XXL,1.27493E+18
NL01AG4768,32 Ft XXL,2638422073
RJ14GP5651,32 Ft XL,2288705459
MH46BF6937,32 Ft XL,3548634757
MH04LQ0244,32 Ft XL,1470923263
UP82AT2696,32 Ft XL,2144596399
WB23F4088,32 Ft XXL,2918717195
DD01Q9589,32 Ft XL,319046170
NL01AH1855,32 Ft XXL,4082689178
HR38AC7692,32 Ft XL,3165174459
TS06UD5175,32 Ft XXL Ft XXL,335037144
RJ14GP0529,32 Ft XXL,1252487903
KA52A4864,32 Ft XL,570434649
KA01AP0586,32 Ft XL,1450787307
GJ01ET5241,32 Ft XL,1340117688
MH24AU8830,32 Ft XL,1803626774
HR38T8196,34 Ft XL,2858977521
KA01AM2358,32 Ft XL,4251612375
GJ06BT9558,32 Ft XL,1595332775
HR55AK4161,32 Ft XXL,1.27493E+18
HR55AG3871,32 Ft XL,2236468660
DD01N9260,32 Ft XXXL,2412338830
RJ14GN2538,32 Ft XL,3261373768
UP14JT2950,32 Ft XL,2892122095
HR39F6114,22 Ft XL,2780436598
MH04KU3390,20 Ft XL,1621487990
NL01AG8134,32 Ft XL,949846854
MH46CL6414,32 Ft XL,2793079243
RJ10GB2842,32 Ft XXL,1.28515E+18
HR38AF0828,32 Ft XL,3908165514
KA01AJ7455,32 Ft XL,1.3945E+18
KA02AH4026,20 Ft XL,3970541655
HR55AK6182,32 Ft XXL,1.27493E+18
TN52H6942,32 Ft XXL,1.33841E+18
MH12MV5582,32 Ft XL,157879519
NL01Q4927,32 Ft XXL,4112769211
HR55AE5408,32 Ft XXL,3648094054
RJ11GC8709,32 Ft XXL,1203232035
MH16CC5212,24 Ft DXL,3954209148
PB65AH0261,26 Ft DXL,3504217824
MH14KA0647,22 Ft XL,1251745391
UP79AT1233,22 Ft XL,3239702900
MH04MH2590,22 Ft XL,1530629691
KA18B2620,22 Ft XXL,3790385162
KA51AJ9644,32 Ft XL,3002720573
MH04JU5601,32 Ft XL,3268018853
NL01AG5356,32 Ft XL,163362128
NL01AF4052,32 Ft XL Ft XL,2661028326
MH04HS0893,32 Ft XL,976425297
HR55AK3101,22 Ft XL,2938473363
TN70AU0734,32 Ft XL,4251612375
HR55AE1060,32 Ft XXL,3234395569
HR55AR1771,32 Ft XL,3104138433
TN88U5666,32 Ft XXXL,3619485752
RJ02GC7021,32 Ft XXL,3202025075
HR38AE2502,34 Ft XL,183624329
HR38AG7045,22 Ft XL,554587856
RJ32GD3990,32 Ft XL,2577279039
HR38W0765,32 Ft XL,2399895960
NL01AD9610,32 Ft XL,620207144
HR55AB1602,32 Ft XXL,1008222599
TN28BJ2142,32 Ft XXL,1441816125
KA51AH8525,32 Ft XL,1.29971E+18
HR55AK5871,24 Ft XL,1.30729E+18
UP27BT6659,26 Ft DXL,3504217824
TN28BH7308,32 Ft XL,1.3391E+18
MH46BU3533,32 Ft XXL,3944964191
HR55AF8326,32 Ft XL,267942975
HR38AA6265,32 Ft XL,1995526937
HR38AE1916,32 Ft XL,1830468650
HR38AD4422,34 Ft XL,4239308576
HR55AM3704,32 Ft XXL,1.27493E+18
RJ11GB8690,32 Ft XXL,2817258101
KA01AL7637,32 Ft XL,343278498
HR47D1627,32 Ft XL,3913189814
HR55AM2660,22 Ft XL,1181632531
KA11C1308,32 Ft XL,1127926498
HR38AH7446,32 Ft XL,3908165514
MH46BU9980,34 Ft XL,3823404355
MH04LQ4925,22 Ft XL,4108214217
MH48BM3894,32 Ft XXXL,1117261611
HR55AL5856,32 Ft XL,1733578037
TN88K1324,32 Ft XL,2672088652
MP09HG9904,32 Ft XXL,3686599518
TN91AX7642,20 Ft XL,2392486398
MH23AU6444,32 Ft XL,4199985263
TN52AB8000,32 Ft XXL,1.37286E+18
KA51AG9147,32 Ft XL,2776401172
MH42AQ5789,32 Ft XXL,2655695969
KA17AA3370,32 Ft XL,1010319021
WB25L8522,32 Ft XL,3990353183
RJ14GP8353,32 Ft XL,1.30839E+18
WB11F8136,32 Ft XL,3554695931
HR38U6015,32 Ft XXL,3398421637
TN42AM0533,32 Ft XL,1192105539
NL01AD8848,32 Ft XXL,1.27493E+18
RJ32GD4671,32 Ft XL,356233306
TN88K3670,32 Ft XXL,2832877625
HR55AN5017,32 Ft XL,3117739931
TN09CZ7952,20 Ft XL,1906431157
MH04LE5860,32 Ft XL,3946627381
HR841653,20 Ft XL,2396270916
HR39F1032,40 Ft DXL,1669089
MH04KU8005,32 Ft XL,242377121
KA52B6096,32 Ft XXL,2368084487
HR47E5217,32 Ft XL,1.27493E+18
NL01Q6150,40 Ft DXL,3106825274
TN54U8836,20 Ft XL,1.29308E+18
NL01AD9524,32 Ft XXL,3155944960
NL01AB6244,32 Ft XXL,2819483639
TG12T2640,32 Ft XL Ft XL,2904170378
MH04KU4886,22 Ft XL,4143037193
HR55AR4410,22 Ft XL,3639783247
MH46BU4608,32 Ft XXL,855402536
NL01AF3420,32 Ft XXL,1.27493E+18
WB171963,32 Ft XXL,4026520101
HR55AM8951,32 Ft XL,4238104735
UP14JT9565,32 Ft XXL,4278271712
TN34AH2755,32 Ft XXL,4166929430
HR38AB1245,32 Ft XL,1051310116
MH46BU8250,20 Ft XL,2816474766
HR69B8166,32 Ft XXL,801495933
PB13AZ9994,32 Ft XL,960632885
RJ01GB6235,40 Ft DXL,1363389184
BR02GD1578,26 Ft DXL,3504217824
KA51D6368,32 Ft XXL,3862052313
TN39DX5223,20 Ft XL,3946541699
MH04LQ7208,20 Ft XL,1643042555
MH43Y8401,32 Ft XXL,3500781841
UK06CB7445,32 Ft XL,1.27493E+18
HR68C5530,24 Ft XL,1807992685
GJ01DV6460,32 Ft XXL,1355641096
HR38Y6725,32 Ft XXL,629263962
GJ27TT7719,20 Ft XL,2995289277
MH44U1809,32 Ft XL,1901829249
MH12WJ7608,32 Ft XXL,598853541
TN52AB6299,32 Ft XXL,1.37286E+18
DD01G9287,32 Ft XL,1527684631
NL01AC6396,32 Ft XXL,1750554841
TN28BK3277,32 Ft XXXL,1579060235
NL01AJ1729,32 Ft XL,3155944960
HR46F9297,32 Ft XL,4220346851
NL01AG3480,32 Ft XXL,3164210946
RJ32GD5779,32 Ft XL,2594083566
HR55AC0345,30 Ft XXL,3648094054
MH46BU5477,20 Ft XL,3295196687
GJ12BX2252,40 Ft DXL,3369739658
WB05A4093,32 Ft XXL,1080031028
RJ09GE3082,32 Ft XXL,459124687
KA51AA2734,32 Ft XXL,2161127382
HR55AK1653,22 Ft XL,1171116537
MH23AU6218,20 Ft DXL,3465567339
HR39F0467,32 Ft XL,3494412717
KA51AF6471,32 Ft XL,3836686102
MH04KA4123,20 Ft XL,2595308234
TN28BH6898,32 Ft XXL,1599640266
TN39CU2577,32 Ft XXL,2170596285
DL1MA7742,22 Ft XL,3509084943
HR37E3214,32 Ft XXL,1487578275
HR845843,32 Ft XXL,1042108344
RJ52GA9074,30 Ft DXL Ft DXL,3329704728
RJ06GD7898,32 Ft XXL,808461661
HR55AC2051,32 Ft XXL,3648094054
NL01AG8413,34 Ft XL,2903670965
NL01AE7851,32 Ft XL,2921123730
BR02GB2281,30 Ft DXL,3401821785
MH43BG9172,20 Ft XL,3767016147
MH04KU7620,20 Ft XL,844649569
HR38AC9524,32 Ft XL,1599883026
HR55V3577,32 Ft XL,1.27493E+18
RJ14GQ8918,32 Ft XL,1038921782
RJ14GN8394,32 Ft XL,3261373768
MH46BU3317,32 Ft XXL,3944964191
TN39BJ5599,22 Ft XL,2715396251
NL01AC4409,32 Ft XXL,1.33805E+18
KA595421,32 Ft XL,727307134
MH16AE8691,20 Ft XL,1973998608
HR38AC8497,22 Ft XL,70598964
KA01AD7306,32 Ft XXL,4266882143
RJ32GB6421,32 Ft XXL,3880150626
WB05A2989,32 Ft XXL,1080031028
MH01DR2212,32 Ft XL,2526486597
HR55AM1021,22 Ft XL,686997230
DN09R9388,22 Ft XXL,3188067656
HR55AL6320,32 Ft XXL,1.27493E+18
HR38AC3095,34 Ft XL,902972995
MH04GR7455,24 Ft XL,2283196595
NL01N0325,32 Ft XXL Ft XXL,1355641096
UP53HT0621,32 Ft XXL,3914731708
TN34AJ4779,32 Ft XXL,3632778202
MH04JK3754,32 Ft XL,1763251974
HR61D1771,32 Ft XXL,3002953019
RJ32GD8474,32 Ft XL,2757784359
HR55AL8330,32 Ft XL,4112769211
MH04KU7713,32 Ft XL,573747521
MH46CL2632,32 Ft XL,4013396894
MH04LY2595,22 Ft XL,2041711735
KA01AE3306,32 Ft XL,1527983037
TN90D0442,20 Ft XL,2099093172
HR55AP0668,22 Ft XL,1732868091
HR55AQ9344,32 Ft XL,2710583951
HR55AF3177,32 Ft XXL,3648094054
MH14LL8981,32 Ft XL,2960136692
HR74B4348,32 Ft XL,3061785767
HR46E7643,32 Ft XL,2790383229
UP21BN0029,32 Ft XL,516612843
KA01AF0338,20 Ft XL,773382346
HR69C1919,32 Ft XXL,2604737766
HR55AK1848,32 Ft XXL,1.27493E+18
MH04KF5535,32 Ft XXL,795547115
WB11F4851,32 Ft XXL,2726999087
NL01AF8038,34 Ft XL,3731347356
TN88AY1059,32 Ft XXL,1.38589E+18
WB11F1584,32 Ft XXL,2062614801
NL01AA9264,32 Ft XL,2594083566
KA51AH1965,32 Ft XXL,1.29971E+18
TN37EY2560,32 Ft XL,1.27493E+18
MH04EB5077,32 Ft XXL,3908068519
TN28BL4699,32 Ft XXL,2253440476
RJ47GA3457,40 Ft DXL,4255940877
HR38AE8109,34 Ft XL,2399895960
HR55AA0694,32 Ft XL,1.36953E+18
MH46AR1741,20 Ft XL,1323381085
HR38W7807,32 Ft XL,4023146082
WB23D3907,32 Ft XXL,136174355
MH46AR1622,32 Ft XXL,1259620876
TN49CD8142,20 Ft XL,1445597826
HR38AA1763,34 Ft XL,2399895960
RJ40GA3127,32 Ft XL,1.27493E+18
TN52AC4218,32 Ft XXL Ft XXL,1827628362
TN88H6589,32 Ft XXL,1.36054E+18
NL01AG7449,34 Ft XL,1886121876
MH14HG8796,32 Ft XXL,1703075374
TN88U6608,32 Ft XXL,2037984496
KA01AE9745,32 Ft XL,2552905578
KA02AH2643,32 Ft XL,1.29971E+18
HR38Z3773,32 Ft XL,3295829958
HR55AT1649,22 Ft XL,20079860
MH43Y6522,32 Ft XXL,1.27493E+18
HR55AL0625,22 Ft XL,3693967299
MH12TV3678,20 Ft XL Ft XL,734896709
HR55AL3514,32 Ft XXL,1.27493E+18
MH04KU3224,20 Ft XL,2693016632
RJ14GQ1660,32 Ft XXL,2866879391
TN28BC8500,32 Ft XXL,1.29634E+18
MH43BX9635,32 Ft XXL,1993271565
DD01U9884,32 Ft XL,1737311918
MH04LE2806,32 Ft XXL,1.37247E+18
RJ01GC7772,40 Ft DXL,3298518857
MH04GC7993,32 Ft XXL,2062614801
HR38AF4104,34 Ft XL,183624329
MP09HJ3105,32 Ft XXL,4260443966
HR55U2144,32 Ft XXL,3103734772
RJ14GJ7415,32 Ft XXL,1.30222E+18
NL01AH5470,32 Ft XL,1.27493E+18
MH04HY9056,32 Ft XXL,1259620876
RJ14GN2703,32 Ft XL,2005079660
NL02Q0172,32 Ft XXL,704789260
MH02FG0634,20 Ft XL,4136800534
HR38AE4565,34 Ft XL,1017497294
HR55AN2461,32 Ft XL,1668670859
RJ11GB8475,32 Ft XXL,3106031340
RJ09GB5549,32 Ft XXL,1498094060
DL1MA8739,22 Ft XL,147569176
KA39A2651,32 Ft XXL,3510105175
RJ09GB5546,32 Ft XXL,1498094060
UP74T4796,34 Ft XL,2399895960
PB13AR5914,32 Ft XXL,2322689137
NL01AC9894,24 Ft XL,2794462599
MH04LE2028,32 Ft XXL,2546648594
HR47C6890,32 Ft XXL,766797370
HR47E9360,22 Ft XL,3785711165
WB23F6962,32 Ft XXL,129494424
MH14KQ8865,32 Ft XL,2467758476
CH01TB2506,32 Ft XXL,2838899538
HR74B1347,32 Ft XL,1790840599
HR55AL3239,32 Ft XL,1253470403
HR55W4872,32 Ft XL,1.3653E+18
NL01AB2531,32 Ft XXL,1.28455E+18
HR47D7969,32 Ft XL,1.27493E+18
TN52AD3688,32 Ft XXL,1.27493E+18
MH40CT4395,20 Ft XL,176592835
GJ19Y2890,32 Ft XXL,3118177014
TN52AC7366,32 Ft XXL,1.37286E+18
MH14HU8411,32 Ft XXL,508365964
TN28BD9742,32 Ft XXL,1.3391E+18
UP78CT0431,32 Ft XL,3251962340
MH43CE4026,20 Ft XL,2035777852
MH04HD5833,32 Ft XL,1.37249E+18
DL1MA6382,20 Ft XL,2315458595
NL01AD0951,24 Ft XL,3731347356
MH31FC2134,32 Ft XXL,2322831403
MH46CL6590,32 Ft XXL,3633219397
RJ14GJ2234,32 Ft XXL,3389255371
TN12AU9109,20 Ft XL,3373376189
TN12AX5280,32 Ft XXL,1958178197
NL01AF7359,32 Ft XL,1763251974
TG07T0217,32 Ft XXL Ft XXL,2904170378
HR38W2078,34 Ft XL,816630178
MH12SX8866,34 Ft XL,2066449745
RJ32GC6906,32 Ft XL,1987930042
RJ11GB7741,32 Ft XXL,3765539603
MH04JK8110,20 Ft XL,2138596688
TN52AA6563,32 Ft XXL,1355866713
HR55AM6721,32 Ft XXL,817831524
HR55AH9880,32 Ft XXL,1.27493E+18
KA03AK5483,20 Ft XL,1893840531
TN28BK9013,32 Ft XXL,2510445634
HR38AE9880,22 Ft XL,4005538946
NL01L6885,32 Ft XXL,1.27493E+18
MP41ZF9867,32 Ft XL,2228526791
NL01AF8973,32 Ft XL,3164399253
TN87B6009,32 Ft XXL,198198050
HR38AB1673,32 Ft XL,3908165514
HR47D9371,32 Ft XXL,3234395569
HR55AD9374,32 Ft XL,3829863930
HR55AN9405,22 Ft XL,814618096
MH04KU5361,32 Ft XXL,1.37247E+18
HR55AL8410,32 Ft XL,3556676147
HR55V4201,32 Ft XL,1.27493E+18
MH47Y6221,20 Ft XL,529487917
NL04D5784,32 Ft XXL,694678537
MH04GR4838,20 Ft XL,242377121
DD03T9618,32 Ft XL,1475081516
GJ12BZ8268,36 Ft XXXL,361831879
NL01AC2336,32 Ft XXL,1407618984
HR55AT7335,22 Ft XL,20079860
RJ32GD0797,32 Ft XL,356233306
HR58D5449,22 Ft XL,2652245206
NL01AF4137,34 Ft XXL,4112769211
NL01AH5404,36 Ft XXXL,4255940877
WB25K7449,20 Ft XL,2825637543
RJ02GC7421,32 Ft XL,3202025075
TN12AY6462,32 Ft XL,447128245
TN05CC2327,32 Ft XL,23845928
HR55AF7677,32 Ft XXL,1.34095E+18
HR45D5399,32 Ft XL,3410546706
RJ11GC5364,32 Ft XXL,1316824320
DD01Q9157,32 Ft XL,2291520557
HR55R8427,32 Ft XXL,1590686214
HR38X9175,32 Ft XL,2399895960
HR38W5392,32 Ft XL,1182455282
HR55AB6895,32 Ft XXL,2512967465
MH46F6209,32 Ft XXL,2278699910
DL1MA9392,20 Ft XL,794011569
HR38AE7648,32 Ft XL,1995526937
NL01L6893,32 Ft XXXL,1.34396E+18
HR63E2538,40 Ft DXL,2689313060
MH46BB9098,32 Ft XXL,929513233
MH04LE2440,22 Ft XL,249224092
TN88U7906,32 Ft XL Ft XL,2135437450
HR55AF3377,32 Ft XXL,3648094054
HR47F9608,32 Ft XXL,2523978282
RJ14GL7882,32 Ft XL,693680001
TS06UE0827,32 Ft XXL,400881513
UP32NN7301,22 Ft XL Ft XL,1933894296
HR55AL6563,32 Ft XXL,1.27493E+18
MH43BX3260,32 Ft XL,2126873029
HR55AM5503,22 Ft XXL,3363528157
TN33BV2109,20 Ft XL,1908930337
HR55AL6075,22 Ft XL,1.3775E+18
NL01AD7431,32 Ft XXL,3893635846
HR47F7082,22 Ft XL,4188411454
HR55AB9616,32 Ft XL,2463724394
OD02P1430,32 Ft XXL,3688351444
RJ32GC8156,32 Ft XL,2546199617
TN50T2932,20 Ft XL,3442336190
MH14HG8898,32 Ft XXL,3772760202
GJ12BY5962,32 Ft XXL,1606375866
TN58AR4628,20 Ft XL,2516070241
HR55AL5519,32 Ft XXL,1.27493E+18
MH14HG1550,32 Ft XXL,1251745391
NL01AC9156,24 Ft XXL,1.27493E+18
MH04LE5156,32 Ft XXL,2754390919
KA02AH2520,20 Ft XL,3278069371
RJ14GR7713,32 Ft XXL,2037476600
MH46CL4484,32 Ft XXL,163511175
HR55AC0160,20 Ft XL,3787915751
MH04LW2123,20 Ft XXL,2595308234
HR47E3350,20 Ft XL,1968979984
HR55AL9481,32 Ft XL,4112769211
HR55AL3755,14 Ft XL,3000356243
RJ11GC0822,32 Ft XXL,1427707618
MH40BL0576,20 Ft XL,364517373
MH04KF9740,20 Ft XL,2042883326
KA01AG8047,24 Ft XXL,1726171411
NL01AG5146,32 Ft XL,3914731708
RJ32GD5286,32 Ft XL,346898820
TN39CQ7499,34 Ft XXXL,2952193960
HR38AE9599,34 Ft XL,1303316277
RJ11GC7646,32 Ft XXL,3659002255
HR55S7974,32 Ft XL,2898468466
WB19H7995,20 Ft XL,2008676863
TN12AS0624,22 Ft XL,1723227698
TN87A0459,32 Ft XL,387829813
HR55AL5823,32 Ft XL,3509917328
KA01AJ8661,32 Ft XL,2952713397
NL01AF6802,32 Ft XL,1.27493E+18
MH04LE6499,32 Ft XL,2657052929
TG29T1235,32 Ft XXL Ft XXL,4112484380
HR63F3676,32 Ft XXL,2400234572
KA22C1222,32 Ft XXL,1.32646E+18
HR38U2480,32 Ft XL,3525417847
NL01AG5152,32 Ft XL,3914731708
MH16CC2199,32 Ft XXL,2580414785
MH04KU4008,32 Ft XL,573747521
HR55AH4584,32 Ft XXL,1.27493E+18
HR55AF2177,32 Ft XXL,3648094054
MH04KU6260,20 Ft XL,173012235
GJ01HT1501,32 Ft XXL,275727868
KA52B3722,24 Ft XL,1553660681
MH04JU2040,20 Ft XL,3314012324
NL01AH5595,32 Ft XXL,1617854670
TN30CV6568,32 Ft XXL,2636212601
TN11J6683,32 Ft XXL Ft XXL,2661233880
TN54K3979,32 Ft XXL,1.29034E+18
TN78MB3773,20 Ft XL,3527792595
KA02AJ0213,20 Ft XL,1225539516
HR55S4331,32 Ft XXL,2319926946
TN88L4379,32 Ft XXL,2140499806
UP66AT4007,34 Ft XL,3953849676
MH04HD4031,20 Ft XL,3413902153
MH14KQ8977,32 Ft XXL,2671813342
MH46BM7380,32 Ft XXL,2160159070
NL01AG9055,32 Ft XXL,2638422073
MH04JU2166,32 Ft XL,795547115
MH04LE3520,22 Ft XL,2845067733
HR55AK6635,32 Ft XXL,1.27493E+18
HR55AK2361,20 Ft XL,25443168
HP12G9675,32 Ft XL,2132726553
HR55AL1983,32 Ft XXL,1.27493E+18
HR38T7503,32 Ft XL,3353596425
KA51AH7112,32 Ft XL,1881963021
HR47C2044,32 Ft XXL,172906540
HR38U1970,34 Ft XL,1498431023
TN28BJ8841,32 Ft XXL,1.37437E+18
MH43CE0764,20 Ft XL,2126873029
TN42AH3492,32 Ft XL,1.27493E+18
NL01AB1691,32 Ft XXL,2048461383
HR66C7275,32 Ft XL,823897004
MH43BX0672,32 Ft XXL,1.37249E+18
HR61D7105,22 Ft XL,4061197690
TN28BV3978,32 Ft XXL,2564284815
HR38V1942,32 Ft XL,3933645183
GJ01ET4156,32 Ft XL,1421544235
MH43BG8957,20 Ft XL,2126873029
WB11D5511,32 Ft XL,2498646090
KA593686,32 Ft XL,957599466
RJ10GB7680,32 Ft XL,3355589905
TN18AT4212,22 Ft XL,1352214629
HR55AL0958,22 Ft XL,2859755959
TN52K4320,32 Ft XXL,1579965946
HR38V7460,34 Ft XL,4281343464
KA01AM1030,32 Ft XXL,2135437450
NL01AA1188,32 Ft XXL,3556104208
HR55AK7660,22 Ft XL,20079860
HR55AL5870,32 Ft XL,3160752292
HR38AA9132,34 Ft XL,1995526937
HR55AP3813,32 Ft XXL,3234395569
RJ11GD8801,32 Ft XXL,21951928
MP13ZH2007,32 Ft XXL,1168052891
MH05DK6243,32 Ft XL,366655056
NL01AE9910,32 Ft XXL,415291715
RJ32GC0674,32 Ft XXL,2119005627
TN88H6041,32 Ft XL,1.287E+18
NL01AG7644,32 Ft XL,842767169
TN52AC4542,32 Ft XXL,2767191394
RJ52GA6871,32 Ft XXL,3509917328
TN30BQ2566,32 Ft XXL,1.27493E+18
TN87A0488,32 Ft XXL,1.31421E+18
NL01AF5651,32 Ft XXL,1111699978
MH43BX2389,32 Ft XXL,1.37249E+18
RJ14GN1253,32 Ft XXL,3310646587
MH43BX1170,20 Ft XL,1370732645
KA01AM1108,22 Ft XL,3381983052
NL01AB1925,32 Ft XXL,1.27493E+18
RJ23GC8026,22 Ft XXL,3715270816
NL01N2789,32 Ft XXL,1355641096
MH46BB6884,32 Ft XL,2952203357
TN39DB3054,22 Ft XL,1094144319
MH14GU4586,20 Ft XL,2046209108
HR55AL1346,32 Ft XL,2971335053
HR55AK1444,24 Ft XXL,2778726045
MP09ZU4371,32 Ft XXL,1727490550
MH04KF9335,20 Ft XL,2762501030
NL01AG1720,32 Ft XXXL,2059618537
RJ40GA4665,32 Ft XXL,1.29422E+18
RJ52GA7452,32 Ft XXL,1147749398
TN88AZ4917,32 Ft XXL,3364171344
HR38AA3104,32 Ft XL,1017497294
MH04GR9150,32 Ft XXL,484342666
MH04KU7701,32 Ft XXL,2984689483
RJ14GQ7713,32 Ft XXL,124939735
TN28BZ4379,24 Ft DXL,4089166003
KA51AH4031,32 Ft XXL,2744315801
TN70AP9723,22 Ft XL,724983716
NL01L6032,32 Ft XXL,1111699978
HR55AE6156,32 Ft XXL,3648094054
HR55X1314,32 Ft XL,3672102456
GJ15AT4969,32 Ft XL,2603292377
NL01AE7864,32 Ft XL,805447376
TN31BE7200,32 Ft XXL,2432724452
NL01L6906,32 Ft XXXL,1.34396E+18
NL01AG3071,32 Ft XXL,2245822685
KA01AM1628,20 Ft XL,1.28381E+18
NL01AG9056,32 Ft XXL,2638422073
RJ11GC0187,32 Ft XXL,2060987246
RJ01GC5785,36 Ft XXXL,3073151949
MH40Y8948,32 Ft XXL,3006211426
HR55AP9122,32 Ft XL,2637171806
RJ18GA8425,32 Ft XXL,3234395569
GJ18AZ1665,32 Ft XL,2717088160
HR47E5262,20 Ft XL,4021733277
TS07UE4396,32 Ft XXL,1704051195
HR55AM9848,32 Ft XL,2360715924
NL01AE8052,32 Ft XL,1810559494
HR38AD5021,22 Ft XL,3137087819
MP13ZD6603,20 Ft XL,2366795011
GJ12BW6814,32 Ft XXL,1606375866
HR55S4944,32 Ft XXL,3234395569
TN42AE3808,20 Ft XL,1.27493E+18
RJ27GD1288,32 Ft XL,2903841045
RJ10GB2117,32 Ft XXL,1822197213
KA51AH3937,32 Ft XL,511547080
HR38W6798,32 Ft XL,1.27493E+18
TN88AZ5882,32 Ft XXL,895407433
UP21CN6557,32 Ft XL Ft XL,3539394003
HR55AP6236,32 Ft XL,3782184908
MH11CH5233,20 Ft XL,1542855253
MH43CE0522,32 Ft XXL,1993271565
NL01AF9577,32 Ft XL,2005079660
MP04GB2485,32 Ft XL,3032577129
HR66B7246,32 Ft XXL,3313215624
RJ32GD4629,32 Ft XL,2757784359
HR38AB1399,32 Ft XL,3908165514
DL1MA9830,20 Ft XL,4224261776
RJ32GC7698,32 Ft XL,3630080344
MH04KU7709,32 Ft XL,573747521
TN12BC2382,32 Ft XL,1401069750
MH48T8019,32 Ft XL,4045897604
MH04FD0852,32 Ft XXL,3862635773
UP21CN0297,30 Ft DXL,2229216445
MH12QG5445,20 Ft XL,2102469056
UP65MT0670,32 Ft XL,1391274536
TN28BJ5717,32 Ft XXL,31790003
MH04LQ3153,20 Ft XL,1780542669
RJ06GC3995,32 Ft XXL,769874695
NL01AJ4282,22 Ft XL,3866243074
KA52B7379,20 Ft XL,282141529
HR55AK1996,32 Ft XXL,1.27493E+18
HR46E9902,32 Ft XL,3888426839
MH04LE4868,20 Ft XL,368209577
HR74B2218,32 Ft XL,4064930658
KA52B9204,20 Ft XL,3079259960
NL01AF7187,32 Ft XL,206958395
DL1MA9367,22 Ft XL,4035112810
RJ11GC1046,32 Ft XL,2283783132
NL01AF3283,32 Ft XXL,3944964191
TN04BB5267,32 Ft XXL,902512755
MH46BM1431,32 Ft XXL,3575041082
TN12AV6927,20 Ft XL,4123373749
MH43BX3603,32 Ft XXL,1.37249E+18
TN88D5499,32 Ft XL,1.3945E+18
HR55AJ4101,32 Ft XXL,1.27493E+18
TN34AH9397,32 Ft XXL,4152150427
GJ01JT5839,32 Ft XL,3863417649
KA01AJ8492,32 Ft XL,2952713397
MH46BF3075,32 Ft XL,2639299434
HR55AE3394,32 Ft XL,1.34095E+18
MP04HE4563,32 Ft XXL,2001354312
NL01AG2499,32 Ft XL,2601101007
MH46BU7107,32 Ft XXL,3944964191
WB05A1823,32 Ft XL,1080031028
NL01AH6373,32 Ft XL,2405318008
HR38W9681,32 Ft XL,1317484428
HR55AS5530,32 Ft XL,2514232031
MH43BP2535,32 Ft XXL,508628337
HR46F5062,32 Ft XXL,1.27493E+18
GJ16AU7889,32 Ft XXL,2296209200
RJ11GD8701,32 Ft XXL,21951928
WB05A3955,32 Ft XL,1080031028
HR55AL8642,22 Ft XL,2859755959
RJ02GC6221,32 Ft XXL,3202025075
MH03CV3681,32 Ft XXL,1982357314
HR55AC2702,32 Ft XXL,1.27493E+18
MH43BX7005,32 Ft XL,1.37249E+18
HR55U8163,14 Ft XL,4015093222
TS12UD6974,32 Ft XXL,2904170378
MH04LQ2415,32 Ft XL,2545997179
HR38AF4946,34 Ft XL,1599883026
HR47D9283,32 Ft XL,1366136229
TN52K8155,32 Ft XXL,3211011045
RJ11GB9517,32 Ft XXL,3084169063
MH13DQ6386,20 Ft DXL,723912061
HR38W4160,34 Ft XL,1.27493E+18
DD01R9768,22 Ft XXL,2845904092
NL01Q8360,32 Ft XXL,2459640882
TN52AB9515,32 Ft XXL,1.32425E+18
MH46BB8593,32 Ft XXL,1.37249E+18
HR55AK9068,32 Ft XXL,1.27493E+18
MH04KU5539,20 Ft XL,398097778
RJ52GB1951,32 Ft XXL,2400234572
TN30CB7609,32 Ft XXL,2253440476
TN88L1220,32 Ft XXL,1810167496
RJ07GC2400,40 Ft DXL,1643721638
RJ14GR4805,32 Ft XXL,2452938953
WB05B2739,32 Ft XXL,2467718361
MH14LL4994,32 Ft XL,2186892581
HR55AC8587,32 Ft XL,660306089
HR55AJ2740,32 Ft XL,208449432
NL01AJ2124,32 Ft XXL,2993117073
RJ14GR6878,32 Ft XL,3240907532
TS07UG6873,32 Ft XXL Ft XXL,3829683448
NL01N7437,32 Ft XXL,1168052891
MH09GH0995,32 Ft XL,667083889
RJ11GC3593,32 Ft XXL,1039781994
TN88AZ9579,32 Ft XXL,4224789296
TS07UM5212,32 Ft XL,3649422397
RJ11GC0038,32 Ft XXL,1.3715E+18
MH15HH7774,32 Ft XL,4053392143
MH04JU0859,20 Ft XL,3939080072
UP82AT4901,32 Ft XL,3561772299
NL02Q3669,32 Ft XL,1.27493E+18
RJ11GC2038,32 Ft XXL,2640346638
MH12SX4620,32 Ft XL,2539300209
DL1GC4744,32 Ft XXL,834023770
HR55AL9918,32 Ft XXL,1.27493E+18
NL01AF6803,32 Ft XL,1.27493E+18
RJ06GD1184,32 Ft XXL,876196564
GJ27TD1227,32 Ft XXL,3087777669
RJ14GQ2855,32 Ft XXL Ft XXL,1015823157
GJ12BZ8141,36 Ft XXXL,361831879
MH04KU7696,32 Ft XL,573747521
TN42AE5859,24 Ft XL,1.27493E+18
NL01A5671,32 Ft XXL,1.33853E+18
HR38AC8634,32 Ft XL,1868373273
HR55AN7422,32 Ft XL,1.27493E+18
TN13Y5232,22 Ft XXL,1308237041
HR46F0557,32 Ft XL,4220346851
HR47E5816,32 Ft XL,4242867162
HR55AK3210,22 Ft XL,1.27493E+18
PB10HJ1188,32 Ft XL,2559127463
RJ14GN2788,32 Ft XL,2783829460
KA52A8304,20 Ft XL,1272545252
NL01AA0775,32 Ft XXL,418533805
HR55AJ1934,32 Ft XL,265122025
TN52AA2347,32 Ft XL,1.32425E+18
TN36BV8313,32 Ft XL,1976321926
HR58B5124,30 Ft DXL,2818151988
TN46X5334,20 Ft XL,87455394
TN88AZ9721,32 Ft XXXL,2249333246
RJ32GC9546,32 Ft XL,334548386
RJ32GC9849,32 Ft XL,3859975209
MH14GD7469,20 Ft XL,2208576898
RJ07GD5757,32 Ft XXL,2276939676
RJ09GB5230,32 Ft XL Ft XL,3177807805
PB10HQ4739,32 Ft XXL,4179305011
MH04LE9542,20 Ft XL,3413902153
HR55AM4910,32 Ft XL,2360715924
GJ27TD2740,32 Ft XL,752912893
NL01N4180,32 Ft XL,1614011755
RJ52GB0826,32 Ft XL,20414419
HR55W8287,20 Ft XL,3296089010
MH04KU6607,32 Ft XL,2545997179
TN88U9159,32 Ft XXL,1.38589E+18
HR55AF9484,32 Ft XL,3371366111
KA52B4928,32 Ft XL,1851269370
TN28BK9799,32 Ft XXL,3965627099
RJ14GN5364,32 Ft XXL,1147749398
KA01AQ1443,32 Ft XL,570434649
MH43CE8777,20 Ft XL,3135824784
WB05A0458,32 Ft XL,1080031028
HR55AL0304,22 Ft XL,2859755959
RJ14GN5864,32 Ft XXL,3497881716
NL01AG5591,32 Ft XL,2914938575
GJ15AT2606,32 Ft XL,697445373
TN11AH2847,32 Ft XXL,857428917
MH43BX3228,32 Ft XXL,1.37249E+18
NL01AE8935,32 Ft XL,2316285435
NL01AJ0957,34 Ft XL,452822025
KA51AH1763,20 Ft XL,3189752954
HR55AC3649,32 Ft XXL,149166325
KA51AJ9885,32 Ft XXL,56537515
RJ11GC6296,32 Ft XXL,2358251102
MH03CV1322,32 Ft XL,3315727469
DL1MB1580,22 Ft XL,2352695499
NL01AE8384,32 Ft XXL,4082689178
RJ52GA8264,32 Ft XXL,3509917328
HR47E0902,32 Ft XL,4242867162
TN34MB5661,32 Ft XXL,1497083736
KA63A2284,20 Ft XL,2287633116
NL01Q4051,32 Ft XL,1.27493E+18
NL01AC7561,32 Ft XL,1.27493E+18
MH14LB3936,32 Ft XXL,2671813342
NL01AE7867,32 Ft XL,805447376
MH44U1930,32 Ft XL,465191334
HR61C6998,32 Ft XL,3876429499
HR63D0557,32 Ft XL,1846249468
WB05A3918,32 Ft XL,1080031028
NL01AG0015,32 Ft XXL,2638422073
NL01N2439,32 Ft XL,1179273343
NL01AG8132,32 Ft XL,949846854
RJ11GB8364,32 Ft XXL,2060987246
TN54U3536,20 Ft XL,3684270484
MP09GH1931,32 Ft XL,667083889
GJ12BZ2818,40 Ft DXL,3106825274
MH04JK0467,32 Ft XL,2661071443
AP39UE7550,32 Ft XXL,2375633805
KA01AL1061,32 Ft XL,2711565514
HR55AK4895,32 Ft XL,539372227
HR46F2248,32 Ft XL,2757888850
MH04KU5815,32 Ft XXL,2967297605
HR55AL5353,32 Ft XXL,1.27493E+18
MH15HH9006,32 Ft XL,34139860
KA51AJ9826,32 Ft XL,2793293537
MH43BG9643,32 Ft XXL,508628337
MH46BU9546,32 Ft XL,3142727949
WB05A0355,32 Ft XL,1080031028
MH04LE6759,20 Ft XL,712439304
TN39DV6744,22 Ft XL,2028525471
HR61D8638,32 Ft XL,304341086
RJ32GD1964,32 Ft XL,1540654414
TN15C9276,22 Ft XL,3368178048
RJ11GB8306,32 Ft XL,1613765122
RJ14GP3526,32 Ft XL,1773844174
MH12TV2830,20 Ft XL,940377847
TN02AF9835,32 Ft XL,387829813
HR38V5524,32 Ft XL,629263962
TN88U5459,32 Ft XXL,566148689
HR47F9975,32 Ft XL,312411188
AS01NC6801,32 Ft XXL,1168052891
TN88AZ2826,32 Ft XXL,1508892247
HR55AJ3319,32 Ft XXL,3032333235
HR55AL5456,24 Ft XL,3658889535
MH14KQ8863,32 Ft XL,2467758476
UP14QT3148,22 Ft XL,2847125317
MH43Y6521,32 Ft XXL,1.27493E+18
HR55AP9955,32 Ft XXL,267942975
HR38X1308,32 Ft XL,3993762366
TN73B6004,32 Ft XXL,1.34101E+18
MH42BF6687,34 Ft XL,1131876453
HR55AM5043,22 Ft XL,1181632531
BR06GE4601,32 Ft XL,1675607123
KA51AG2787,32 Ft XXL,1.41813E+18
HR47F4432,32 Ft XXL,1.27493E+18
TN52K4356,32 Ft XXL,1164393076
MH46BB8885,32 Ft XL,4155638782
KA01AK0996,20 Ft XL,1225539516
TN28BF2084,32 Ft XXL,1.3391E+18
MH04LE6787,32 Ft XL,1675607123
MH04FP3629,32 Ft XXL,1407618984
HR55AL2367,32 Ft XXL,1.27493E+18
RJ14GN6044,32 Ft XXL,4005448948
MH14EM2900,32 Ft XXL,1.27493E+18
KA51AH6770,32 Ft XXL,515545083
MH48BM1528,32 Ft XXL,1726747407
TN39DW2920,19 Ft XL,2476252738
MH46BB9076,22 Ft XL,1.27493E+18
NL01N4179,30 Ft XL,1614011755
GJ03BZ2688,32 Ft XXL,3002944284
NL01AD2193,20 Ft XL,2553056249
MH20EL5204,32 Ft XXL,694341610
GJ18AX8912,32 Ft XL,3488192483
MH43BG2959,20 Ft XL,1114198767
HR38W7189,32 Ft XL,1310073092
HR73B6949,32 Ft XL,2048039139
RJ11GC3831,32 Ft XL,3769781189
MH43CE1494,32 Ft XXL,1993271565
MH14LL0847,32 Ft XL,3278235299
MH46AR1007,32 Ft XL,3178848370
MH04KU4656,20 Ft XL,3323168822
MH04LY9043,32 Ft XXL,3933117663
HR68B5095,32 Ft XXL,2838899538
NL01AA9248,32 Ft XXL,1080800009
WB05A2958,32 Ft XXL,1080031028
KA52B6241,20 Ft XL,457973024
GJ01KT1305,32 Ft XXL,1355641096
RJ40GA2473,32 Ft XXL,3574490336
KA53AB7478,32 Ft XL,527186420
KA51AC9564,32 Ft XXL,2668571503
MH01DR3516,32 Ft XL,2526486597
GJ27TF6214,32 Ft XL,1875281957
HR55AG4919,32 Ft XL,2637171806
HR55AL5525,22 Ft XL,545764211
UP53DT6575,32 Ft DXL,3504217824
HR55AN1705,32 Ft XL,3778460613
RJ09GB5551,32 Ft XXL,245207813
TN04AV4246,32 Ft XXL,1539471259
HR38AH1036,20 Ft XL,3908165514
KA52A7922,32 Ft XL,1392781138
HR38AG5592,26 Ft DXL,2028375202
RJ47GA3844,40 Ft DXL,4255940877
WB05A3689,32 Ft XXL,1080031028
TN21BT1328,20 Ft XL,2378499648
HR55AN1700,22 Ft XXL,3484443326
NL01AD3007,32 Ft XL,2986211984
HR47D2942,32 Ft XXL,2316336689
MH43BP5139,32 Ft XXL,508628337
MH14GU0723,32 Ft XXL,2671813342
KA51AH5802,20 Ft XL,2905226544
KA52A7554,32 Ft XXL,1962303682
HR37F1088,30 Ft DXL,3836262919
HR38W2272,32 Ft XL,3128031607
DD01F9670,32 Ft XL,3621902350
MH40CM4993,32 Ft XXL,698532114
NL01AE7241,32 Ft XXL,1.27493E+18
HR55AL2073,32 Ft XXL,3234395569
HR46D8591,32 Ft XXL,2384027914
UP14FT1815,32 Ft XL,2993437593
MH04KU5342,32 Ft XXL,1.37247E+18
RJ32GC7301,14 Ft XL,826261488
GJ27TD7458,32 Ft XL,3190063275
MH43CE4884,32 Ft XXL,1.27493E+18
HR55AF7277,32 Ft XXL,3648094054
NL01AD0302,32 Ft XL,3261373768
MH43BX0926,32 Ft XXL,1.37249E+18
HR55AK1997,22 Ft XL,1752643249
MH43BX8682,20 Ft XL,4264174292
HR69D1307,32 Ft XL,4217721214
TN88E8231,32 Ft XL,1.3945E+18
DD01V9503,32 Ft XXL,1061034525
NL01AF2165,32 Ft XL,1763251974
TN88AZ2221,32 Ft XXL,915329855
MH05FJ4784,20 Ft XL,733085055
MH12LT7949,34 Ft XL,1901829249
MH01DR6409,32 Ft XL,2526486597
TN42AE7227,32 Ft XXXL,2205338248
MH04GR9723,20 Ft XL,4230054381
MH04LY9079,22 Ft XL,18476183
HR55AL7157,32 Ft XXL,1.27493E+18
MH04HY9593,20 Ft XL,307968888
HR55AK9190,32 Ft XL,147476654
MH04KF1687,32 Ft XXL,2718661616
NL01AB7971,32 Ft XL,3829863930
RJ32GD3085,32 Ft XL,356233306
HR46F6474,24 Ft XXL,2757888850
HR55AU8875,22 Ft XL,640201582
MP09ZY0369,32 Ft XL,3324063838
UP82T7447,40 Ft DXL,3504217824
WB059451,32 Ft XL,1080031028
UP21CN9664,32 Ft XL,1308705787
HR46F8201,32 Ft XXXL,2757888850
MH12SX9365,32 Ft XXL,1407618984
TN88AY0319,32 Ft XXL,2025084309
JH10BU8053,20 Ft XL,2151937592
MH46CL2237,32 Ft XXL,2396252632
HR55AP7493,22 Ft XL,1.27493E+18
KA51AG4789,24 Ft XL,3299064985
RJ41GA4551,32 Ft XL,1582006862
TN52J9805,32 Ft XXL,1.37286E+18
MH46BF2473,32 Ft XXL,3587963592
TN34AH3659,32 Ft XXXL,2377689887
HR38AD8104,34 Ft XL,2906035098
TN52AC7333,32 Ft XXL,1.37286E+18
NL01AE8133,32 Ft XXL,1.27493E+18
HR55AP7641,32 Ft XL,1038921782
HR68B9885,32 Ft XL,2838899538
KA52B5118,20 Ft XL,1.27493E+18
DL1LAH8307,14 Ft XL,1884839023
HR38V5335,24 Ft XL,493965585
TN28BK4169,32 Ft XXL,1.37437E+18
NL01AH2186,32 Ft XXL,154705261
UP65PT0353,32 Ft XL,1391274536
HR38X8762,32 Ft XL,2993437593
MH46AR2621,20 Ft XL,1259620876
HR38V3987,34 Ft XL,2399895960
MH04LE2468,20 Ft XL,2462877883
HR55AH9458,32 Ft XL,291465903
NL01N2795,32 Ft XXL,1168052891
TN52AA2475,32 Ft XL,1.32425E+18
TN34AA7539,32 Ft XXL,3121223313
NL01AF7262,34 Ft XL,17667683
MH03CV3682,32 Ft XXL,1982357314
MH46AR3321,22 Ft SXL,3726974546
TG12T2658,32 Ft XL Ft XL,2904170378
GJ18AX3792,32 Ft XXL,93434900
MH01DR2219,32 Ft XL,2526486597
HR55AM6394,32 Ft XL,3556676147
HR47G8510,32 Ft XL,1804682592
NL01AA7701,32 Ft XXL,3525027442
NL01AG0646,32 Ft XL,3155944960
KA51AH3936,32 Ft XL,511547080
MH40CD1578,20 Ft XL,2898795827
MH46BB2113,32 Ft XL,2492573313
UP53GT5796,32 Ft XL,2306105150
MH40CD8938,20 Ft XL,3944770891
RJ52GA6542,32 Ft XXL,4005448948
HR55AL4364,32 Ft XL,2023278004
HR38AC7619,32 Ft XL,4281343464
MH43BX8566,20 Ft XL,4264174292
MH43BP7748,20 Ft XL,2126873029
HR55AJ9277,22 Ft XXL,2400127185
RJ32GC6976,32 Ft XL,4168537585
UP53HT0158,32 Ft XXL,3914731708
MH04KF7492,32 Ft XL,573747521
MH04KF1493,20 Ft XL,1862812728
DD01U9087,34 Ft XL,1784742684
MH14GD7197,19 Ft XL,1086100430
DL1MB0542,22 Ft XL,4258461434
NL01AD8792,32 Ft XXL,2225745508
NL01AC5686,24 Ft XXL,1.27493E+18
RJ14GK6631,22 Ft XL,3799698316
RJ32GD6354,32 Ft XL,889852707
NL01AG2500,32 Ft XL,3778460613
HR55AL6295,22 Ft XL,3654861895
MH46BM2136,32 Ft XL,3238850766
NL01AB6259,32 Ft XXL,1147749398
HR55AM2475,32 Ft XXL,1.27493E+18
HR38Z6353,34 Ft XL,955834925
NL01AH4096,34 Ft XL,611100283
HR55AD8850,32 Ft XL,2594083566
HR55Y4895,32 Ft XL Ft XL,539372227
NL01AJ0827,32 Ft XL,761325456
RJ32GC0886,32 Ft XXL,1.27493E+18
TN66K6810,22 Ft XL,1812879046
HR55X4865,32 Ft XXL,1339074655
NL01AG5593,32 Ft XL,2914938575
MH46BM5886,32 Ft XXL,2396252632
TS07UM7739,32 Ft XXL,1981757587
HR38Z0855,32 Ft XL,1995526937
MH14EM1163,32 Ft XXL,250650836
HR55AP6105,24 Ft XL,20079860
MH04JK2381,20 Ft XL,1765798457
HR55AL3051,22 Ft XL,2859755959
GJ27TD2231,32 Ft XL,3863417649
RJ32GC9148,32 Ft XL,1827766629
UK06CA9078,32 Ft XXL,3010966150
TN12AR1603,20 Ft XL,3800919864
MH14KA0646,22 Ft XL,1251745391
KA05AL1647,24 Ft XL,3189752954
MH46BB7593,20 Ft XL,1.27493E+18
DD01M9587,32 Ft XXL,2412338830
RJ11GC3108,32 Ft XXL,2492852780
KA02AH6851,20 Ft XL,2611452786
MH04LE9048,20 Ft XL,4181938196
NL01AE0416,32 Ft XL,1763251974
UP53GT9498,32 Ft XXL,3914731708
RJ09GB0730,32 Ft XXL,1.27493E+18
RJ09GB5562,32 Ft XXL,1498094060
MH04LE3947,22 Ft XL Ft XL,1643042555
MH14JL2445,32 Ft XXL,1.31389E+18
MH12SF2212,32 Ft XL,3188515354
NL01AG5133,32 Ft XL,2903670965
TN42AH1878,24 Ft XL,1192105539
TN88W3769,32 Ft XXL,1.41705E+18
HR38V8711,34 Ft XL,2399895960
PB65AH7803,34 Ft XL,2058182545
NL01AC2438,32 Ft XL,1.27493E+18
RJ32GC9151,32 Ft XL,265122025
WB11D7613,32 Ft XXL,3812551316
NL01AG4397,32 Ft XXL,3164210946
MH46BB6346,32 Ft XXL,90127469
HR38AB3869,32 Ft XXL,629263962
MH31FC5571,32 Ft XL,2322831403
MH04EY1710,32 Ft XL,1101369787
TN88J3577,32 Ft XXL,622358456
NL01AF5163,32 Ft XL,1.27493E+18
HR55AH4455,22 Ft XL,545764211
TS07UK5090,32 Ft XXL,3829683448
MH43BX3226,32 Ft XXL,1.37249E+18
HR38AF1169,32 Ft XL,1995526937
NL01AJ0974,32 Ft XL,1363389184
KA39A2963,32 Ft XXL,2768506079
BR02GB2366,32 Ft DXL,3504217824
RJ32GD3438,32 Ft XL,192488456
NL01N2441,32 Ft XL,1179273343
HR61D9191,20 Ft XL,3035691761
UP21ET4233,26 Ft DXL,2229216445
HR845958,32 Ft XL,3635423802
HR55AD9990,32 Ft XXL,3979395035
NL01AC9030,40 Ft DXL,3106825274
MH04LE8722,32 Ft XL,618016159
RJ52GA7035,32 Ft XXL,1147749398
NL01AE8472,32 Ft XL,1.27493E+18
RJ52GB9505,32 Ft XL,3500484354
RJ32GD4222,34 Ft XL,1993271565
HR55AB3770,20 Ft XL,1.35842E+18
HR55AP4559,32 Ft XXL,498889163
RJ32GD4717,32 Ft XL,2463724394
NL01Q7115,32 Ft XL,1.27493E+18
RJ11GC2539,32 Ft XXL,2905264007
KA53AA2935,24 Ft XXL,3632506993
MP09ZU5536,32 Ft XXL,1727490550
TN52AB3577,32 Ft XXL,1.37286E+18
PB13BM9829,32 Ft XXL,1.41783E+18
HR47D4182,32 Ft XL,3249855397
TN88K6898,32 Ft XXL,1599640266
HR55AR1081,32 Ft XXL,3234395569
HR55AJ5384,32 Ft XXL,1.27493E+18
NL01AG8166,32 Ft XL,2146623208
NL01AD7636,34 Ft XL,3731347356
HR38AG8119,34 Ft XL,4165400860
MH14JL6770,32 Ft XL,1.27493E+18
NL01AB9964,32 Ft XXL,2459640882
HR38AG9428,32 Ft XL,1790931984
HR55AR5821,32 Ft XL,1993271565
WB73F7155,32 Ft XXL,3587204810
TS12UE4899,32 Ft XXL,1617854670
TN28BH8750,32 Ft XXL,1.29634E+18
MH01DR4233,32 Ft XXL,1982357314
HR55AK2256,22 Ft XL,1.30729E+18
HR55AR3033,32 Ft XL,300477655
RJ47GA5924,36 Ft XXXL,4255940877
HR38AE3983,34 Ft XL,1017497294
MH04JU9191,20 Ft XL,3035918602
HR61C0343,32 Ft XXL,3002953019
HR55AA7608,32 Ft XL,1.36953E+18
UP14GT7274,14 Ft XL,2847125317
HR55AG8172,32 Ft XXL,1.27493E+18
GJ15AV4897,32 Ft XXL,2179702574
NL01AH2188,32 Ft XXL,154705261
NL01AC3958,32 Ft XXL,1168052891
TN39CR7499,20 Ft XL,2715396251
HR46F9171,40 Ft DXL,615687181
TN39CU9789,32 Ft XL,4067552050
RJ11GB7588,32 Ft XXL,663241981
GJ06BT1506,34 Ft XL,104156937
NL01AG3396,32 Ft XL,2560436813
WB11D3624,32 Ft XXL,3812551316
MH03CV3684,32 Ft XXL,1982357314
HR47E9211,20 Ft XL,2532936040
DL1MB2734,22 Ft XL,3035691761
TN39CV6081,32 Ft XXL,1812879046
RJ32GD1882,32 Ft XL,265122025
RJ11GC4111,32 Ft XXL,48589401
HR47E1166,32 Ft XL,1691388213
MH04LE8849,20 Ft XXL,2038730896
NL01AA7699,32 Ft XXL,2278699910
KA38A0162,32 Ft XXL,1.32646E+18
TN28BD2192,32 Ft XXL,1.27493E+18
DL1MA3432,20 Ft XL,687245083
HR66B5251,32 Ft XXL,2733485050
HR55X2669,32 Ft XL,805447376
TN52AC6177,32 Ft XXL,153147850
HR55AK5768,24 Ft XL,1.30729E+18
RJ32GD5119,32 Ft XXL,1818846304
HR63C9333,40 Ft DXL,2892979270
MH04LQ1606,20 Ft XL,4273373349
RJ14GP4866,32 Ft XXL,3975345519
KA51AK3208,32 Ft XXL,154705261
MH14LB3934,32 Ft XXL,844198393
TN88L5693,32 Ft XXL,3197541102
RJ11GC1416,32 Ft XXL,2582213655
HR55AK9685,32 Ft XXL,1.27493E+18
PB10ES9503,32 Ft XL,2885354458
AS01RC1389,32 Ft XXL,4153976699
RJ14GQ8962,32 Ft XL,1038921782
MH04KF0736,20 Ft XL,1535803282
MP09GH3021,32 Ft XL,2752591181
RJ14GL7631,32 Ft XXL,2444328557
TN52AD3256,30 Ft DXL,2875110714
MH04GC7898,32 Ft XXL,2319926946
NL01AE6914,32 Ft XXL,1.27493E+18
HR38U8457,32 Ft XL,1874062980
TN02BE3855,32 Ft XL,3905849175
HR55AK7507,24 Ft XL,20079860
HR55AE0739,32 Ft XL,4035112810
HR47D3692,32 Ft XL,2866879391
HR68B3264,32 Ft XXL,2838899538
TN99W3686,20 Ft XL,2792670999
TN59DB0086,20 Ft XL,1619213589
PB11CJ3448,32 Ft XXL,2072286350
HR55AL3373,22 Ft XL,1663240036
MH14DM9902,32 Ft XL,1.27493E+18
HR55AL9766,32 Ft XXL,2746782088
KA52C0783,32 Ft XL,1901375300
NL01AG0154,32 Ft SXL,2594083566
UP14KT4374,20 Ft XL,3967887847
NL01AE8139,32 Ft XXL,1.27493E+18
MH14HG7529,32 Ft XXL,61954086
MH46AR4150,32 Ft XL,1261369310
MH40CD9182,20 Ft XL,385828317
TN28BK6490,32 Ft XXXL,877942945
WB175947,24 Ft XXL,4065038712
MH46BB4541,20 Ft XL,1323381085
MH43CE2209,22 Ft XXL,3402354331
HR55AM2682,32 Ft XXL,1.27493E+18
RJ14GP8253,32 Ft XL,1.30839E+18
KA51AA8599,32 Ft XL,1527983037
HR55AM9434,20 Ft XL,3000356243
TN88U8011,32 Ft XXXL,1538347218
WB05A3806,32 Ft XXL,1080031028
NL01Q4043,32 Ft XL Ft XL,1.27493E+18
HR61E7022,32 Ft XL,960632885
TN38DB3694,32 Ft XXL,1095640172
TN88K4262,32 Ft XXL,2764074792
HR55AL1201,32 Ft XL,1.36451E+18
MH46CL9466,32 Ft XXL,3142727949
HR55AS8758,22 Ft XL,1744554132
NL01AH9491,32 Ft XL,2914938575
DD01N9303,32 Ft XL,4270636751
TN52AC4633,32 Ft XXL,1.37286E+18
NL01AB9934,32 Ft XL,1.27493E+18
MH14FT0886,32 Ft XL,4100923775
HR55AF5377,32 Ft XXL,3648094054
HR55W6660,32 Ft XXL,568003913
MH04LQ0772,32 Ft XL,848368649
MH04JK0516,32 Ft XL,750882677
NL01N4830,32 Ft XXL,1.27493E+18
GJ12BX9010,40 Ft DXL,1608917745
RJ14GN1501,32 Ft XL,2005079660
HR74B0854,32 Ft XL,3646104169
HR39E9988,32 Ft XL,3949577211
HR55AR1572,32 Ft XL,1993271565
TN12Y8644,32 Ft XL,981059245
HR55AK1229,32 Ft XXL,1.27493E+18
GJ15AT4876,32 Ft XL,2841375013
HR55AT4757,22 Ft XL,754668218
TN40E0943,32 Ft XXL,1115169021
DD01L9338,32 Ft XL,2466654178
MH46AR3889,32 Ft XL,1261369310
HR55AP5959,32 Ft XXL,267942975
HR39E2088,22 Ft XL,1933894296
HR38U8865,34 Ft XL,1.27493E+18
HR62A4466,32 Ft XL,2650721759
MH04KU6587,22 Ft XL,925660038
MH04LQ5634,32 Ft XL,2407169107
DL1GE2995,22 Ft XXL,3151132714
HR38AE2713,22 Ft XL,1558659267
HR55AB7060,32 Ft XXL,1750554841
MH04LE6775,32 Ft XL,1675607123
TN52AB2891,32 Ft XL,1.32425E+18
MH04HY4358,20 Ft XL,3314012324
AP39UQ7959,20 Ft DXL,3699797569
RJ14GP0913,32 Ft XXL,4005448948
RJ32GC6690,32 Ft XL,265122025
HR55AH4643,32 Ft XXL,1.27493E+18
TN52P8784,30 Ft DXL,722363753
HR55AC2047,32 Ft XXL,3648094054
MH46BU0718,32 Ft XXL,2396252632
NL01AG5474,34 Ft XL,3731347356
RJ32GD1043,32 Ft XL,2463724394
TN28BK0442,32 Ft XXL,2796348537
RJ18GB5746,32 Ft XXL,1265309654
HR61C2073,32 Ft XXL,1540748078
NL01AD3603,32 Ft XL,3216817949
MH04LE0740,32 Ft XL,2984689483
DD01U9147,32 Ft XXL,3083505536
TN88U8017,32 Ft XL,4116518126
UP84T7695,32 Ft XL,982856193
TN30BQ4179,32 Ft XXL,1.27493E+18
UP81DT8197,30 Ft DXL,2115237033
HR55AQ4269,32 Ft XXL,4132186330
RJ14GK6969,32 Ft XXL,2778726045
MH04KU4819,20 Ft XL,612144592
RJ11GB7445,32 Ft XXL,1827468929
UP42BT6829,26 Ft DXL,3504217824
UP53GT4186,32 Ft XL,807951713
TN88H6562,32 Ft XXL,678413933
HR38Y0890,20 Ft XL,263524290
MH14GD8100,32 Ft XXL,1.27493E+18
NL01AF3898,40 Ft DXL,3023042143
KA51AH6769,32 Ft XXL,2040112414
HR55AN3849,32 Ft XL,666836289
TN13C9226,32 Ft XXL,2581099384
KA38A4284,32 Ft XXL,3745362445
HR65A5754,32 Ft XXL,2322689137
MH44U4448,32 Ft XL,3621902350
MH46CL6219,32 Ft XXL,2160159070
GJ16AU7919,32 Ft XXL,2296209200
UP75CT4053,32 Ft XL,1206807155
AS25FC4391,24 Ft XXL,1425998709
WB05A0603,32 Ft XL,1080031028
HR55AF5077,32 Ft XXL,3648094054
HR38Z5988,32 Ft XL,4023146082
MH42AQ0699,32 Ft XL,3401547151
HR38AF8211,32 Ft XL,1993271565
NL01L8304,32 Ft XL,452822025
RJ01GC9390,36 Ft XXXL,3298518857
NL01AB8550,32 Ft XXL,2459640882
HR55AS8903,32 Ft XL,3104138433
RJ32GD3268,34 Ft XL,1029912788
HR38AA1257,20 Ft XL,548066073
HR38AA4296,32 Ft XL,3764175617
MH46BF3072,32 Ft XL,2639299434
MH46AR8335,20 Ft XL,2173719893
HR38U0462,34 Ft XL,1149351257
RJ11GC7501,32 Ft XXL,21951928
HR55AT3742,22 Ft XL,20079860
MH04LE5390,32 Ft XL,2545997179
NL01N2527,32 Ft XXL,1355641096
RJ11GB6106,32 Ft XXL,140927424
NL01AF9904,34 Ft XL,3731347356
HR39F1123,22 Ft XL,3795545460
HR55AN2976,32 Ft XL,3961557537
CH01TB4699,32 Ft XL,2838899538
KA53AA7236,20 Ft XL,2035918744
HR65A7132,32 Ft XXL,2322689137
RJ11GC9480,32 Ft XXL,2635231371
KA04AC4462,32 Ft XL,3442279203
GJ01KT1287,32 Ft XXL,1355641096
NL02Q3677,32 Ft XL,1.27493E+18
RJ14GK7702,32 Ft XXL,2522022651
HR55AN4272,32 Ft XL,1.27493E+18
MH31FC6067,32 Ft XL,2322831403
NL01AA9176,32 Ft XXL,3888461567
TN28BK5122,32 Ft XXL,2510445634
MH04GC5243,32 Ft XL,1024546760
GJ15AT9822,32 Ft XL,2299281860
TN39CS9460,34 Ft XXXL,1271043962
WB05A3345,32 Ft XXL,1080031028
CH01TB9820,32 Ft XL,2838899538
RJ14GP1970,32 Ft XL,102196017
MH04KU5266,22 Ft XL,3678859715
WB11D1628,32 Ft XL Ft XL,3746169806
DL1GC6815,32 Ft XXL,1.27493E+18
UP78CT0028,32 Ft XXL,710281795
UK07CB5645,32 Ft XXL,215964506
DL1MA6489,20 Ft XL,3139241246
TN88U6779,32 Ft XXL,2753303958
TN48BB9851,20 Ft XL,2401929398
GJ06AZ5970,32 Ft XL,3951367130
MH04HY0483,20 Ft XXL,1812459262
RJ32GD3593,32 Ft XL,2463724394
HR47E0709,32 Ft XL,265122025
HR38AB4898,22 Ft XL,128907010
HR38AD3251,32 Ft XL,2733533833
AS01NC7322,32 Ft XXL,1168052891
HR55AM4878,20 Ft XL,3363528157
HR55S6635,32 Ft XL,2647333561
HR55AL0317,32 Ft XXL,1.27493E+18
MH12QG9407,22 Ft XXL,512083317
MH04JU1112,32 Ft XL,2984689483
PB11DA9275,30 Ft DXL,3364769651
NL01AF7263,32 Ft XL,17667683
HR38W3942,32 Ft XL,1319988325
MP09HG9060,32 Ft XXL,3686599518
JH12L4064,32 Ft XXL Ft XXL,4172966421
HR38AC4738,32 Ft XL,856211950
TS07UK9475,32 Ft XXL,767682887
HR55AK9313,32 Ft XL,1399514005
HR55AM1756,32 Ft XXL,2514232031
HR38W4904,34 Ft XL,816630178
HR38X7451,32 Ft XL,1015529740
TN12AM2646,22 Ft XL,1.41632E+18
HR55AP8504,32 Ft XL,2889823739
TN52AB4173,32 Ft XXL,1355866713
MH12QW3067,32 Ft XL,138203524
MH12PQ9910,32 Ft XL,4017744926
TN22DX2602,20 Ft XL,3485067860
MH46BU9437,20 Ft XL,2652225535
HR55Y0423,32 Ft XXL,3648094054
NL01AC5717,32 Ft XL,1.35908E+18
RJ14GN7752,32 Ft XXL,3509917328
MH04LE2445,32 Ft XL,200509188
DL1LAA2288,14 Ft XL,3500860804
HR55AB2797,32 Ft XL Ft XL,2845904092
HR55AJ0343,32 Ft XL,1.27493E+18
RJ27GD0244,32 Ft XL,2979921946
HR55AE0169,32 Ft XXL,1.34095E+18
RJ09GD9970,32 Ft XXL,3310019958
MH46BM2777,32 Ft XL,1847180982
UP53ET1278,30 Ft DXL,2115237033
HR55AM0621,32 Ft XL,586056444
KA565983,32 Ft XXL,1473433051
MP07HB3810,32 Ft XXL,1.28265E+18
MH46BF2872,20 Ft XL,3726974546
HR38AG2762,34 Ft XL,183624329
HR38AE3182,34 Ft XL,1017497294
UP23T7122,32 Ft XXL,1475335105
MH04LE7655,32 Ft XL,844649569
TS07UL9654,22 Ft XL Ft XL,1.27493E+18
NL01AD5261,32 Ft XXL,4082689178
NL01AB2448,32 Ft XXL,1.27493E+18
MH14LB8511,32 Ft XXL,508365964
GJ15AX2300,32 Ft XL,2892536989
TS08UF3765,32 Ft XXL,3176493173
RJ11GB6238,32 Ft XXL,3973019497
MH12TV9200,20 Ft XL,1732868091
WB11F7728,22 Ft XXL,2296239721
GJ05CU7004,32 Ft XXL,3914731708
MH46BU6847,20 Ft XL,2215068666
RJ09GB5671,32 Ft XL,2883532998
NL01AG7076,34 Ft XL,291465903
HR47D9690,32 Ft XL,2400238471
MH04JK5344,20 Ft XL,3042182368
KA51AG7798,32 Ft XL,105402506
TS07UE2642,32 Ft XXL,3829683448
TN52AD4355,32 Ft XXL,1.37286E+18
RJ11GB7819,32 Ft XXL,323273291
CG04MC6959,30 Ft DXL,3401821785
HR47E1803,32 Ft XL,3046828630
TN39CS5890,32 Ft XL,3251458
GJ06BT0249,32 Ft XL,2975014919
RJ14GP4627,32 Ft XXL,3497881716
HR39F6246,40 Ft DXL,1669089
UP75AT5504,32 Ft XL,982856193
RJ07GC8192,24 Ft DXL,1643721638
HR47E3121,32 Ft XL,2771428387
KA52B9251,32 Ft XL,3162527588
NL01AE2021,32 Ft XXL,1.27493E+18
MH04KF6327,20 Ft XL,4216031334
AS01NC5687,32 Ft XXL,1168052891
HR55AK5571,32 Ft XXL,3032333235
HR55AK5223,32 Ft XXL,1.27493E+18
DD01R9088,32 Ft XL,3009755333
NL01N1209,32 Ft XXL,1355641096
MH40AK2067,32 Ft XXL,4053515595
HR61E4622,32 Ft XL,2966263659
HR55AK7698,22 Ft XL,1996182883
UP53ET7198,30 Ft DXL,2818151988
GJ15AV8318,32 Ft XL,242034592
HR55AE8053,32 Ft XXL,3234395569
HR56B3252,32 Ft XL,3469807626
TN88AZ2898,32 Ft XXL,4080519618
RJ11GC6545,32 Ft XXL,2358251102
HR47E2176,32 Ft XL,4242867162
NL01L3962,32 Ft XXL,1.27493E+18
NL01AH2637,32 Ft XL,1.27493E+18
AP39V2997,24 Ft DXL,3699797569
NL01AE8001,32 Ft XL,1708392131
RJ11GC2365,32 Ft XXL,2557994696
NL01AF8350,32 Ft XL,3539489649
NL01AH4237,34 Ft XL,611100283
MH04KF2244,32 Ft XL,573747521
KA01AF4682,32 Ft XXL,3811649588
HR61D3551,20 Ft XL,2963006445
KA53AB5781,32 Ft XL,675334604
HR69E2010,32 Ft XXL,3300087504
HR55AB7994,32 Ft XXL,1.33805E+18
NL01AG7685,36 Ft XXXL,533252639
RJ40GA6378,32 Ft XL,1206131433
NL01AF9077,32 Ft XL,956831550
KA01AJ2779,20 Ft XL,1.28381E+18
TN39DC7499,32 Ft XL,1821256662
TN88U9559,32 Ft XXL,1.38589E+18
GJ12BY1063,36 Ft XXXL,1649101344
KA53AA8690,32 Ft XL,1.27493E+18
UP21DT9695,32 Ft XXL,614429144
NL01AG0529,32 Ft XL,1.27493E+18
TS07UE7160,32 Ft XXL,3706224517
NL01AF2541,32 Ft XL,1763251974
DD01Q9515,32 Ft XXL,1784565714
MH04LE0945,22 Ft XL,2693016632
MH31FC5113,32 Ft XL,2322831403
TN11AC8200,32 Ft XL,131893137
WB05A2434,32 Ft XXL,1080031028
NL01AD9951,32 Ft XL,1763251974
NL01AD9739,32 Ft XXL,1.27493E+18
HR55AQ6766,32 Ft XXL,3234395569
UP22AT9032,32 Ft XXL,433054767
DL1MA5989,22 Ft XL,1386549961
NL01AH6271,32 Ft XL,3731347356
NL01AE0759,34 Ft XL,611100283
TN93H9835,32 Ft XXL,3404860787
MH43BP3198,32 Ft XXL,1.37249E+18
HR38X5559,32 Ft XXL,1795786993
MH04LQ5948,20 Ft XL,4224400423
RJ40GA4892,32 Ft XXL,2002687540
TN88U5509,32 Ft XXL,3517282119
RJ14GN2123,32 Ft XL,1.27493E+18
HR47F1433,32 Ft XL,3046828630
HR38Y6399,34 Ft XL,3893606305
KA53AA4264,20 Ft XL,1893840531
NL01AG6317,32 Ft XXXL,1080800009
MH04LQ1072,32 Ft XL,1613188788
WB05A3775,32 Ft XXL,1080031028
HR55AL3472,32 Ft XL,527244863
TN28BJ3578,32 Ft XXL,3541304695
KA06AB2897,20 Ft XL,1983151553
MH14KQ6493,32 Ft XXL,2333307003
MH43BX9502,32 Ft XXL,1377538525
RJ14GJ1680,32 Ft XXL,941842947
TN52AA9576,32 Ft XXL,1.37645E+18
KA53AA8668,32 Ft XL,2769763337
RJ32GC3738,40 Ft DXL,826261488
HR38AF7126,32 Ft XL,1036038890
TN52J1915,32 Ft XXL,2286091161
KA01AH1333,32 Ft XXL,1.30119E+18
HR55AR1419,24 Ft XL,20079860
WB05A1384,32 Ft XL,1080031028
TN52AB7007,32 Ft XXL,1.37286E+18
GJ12BW0881,40 Ft DXL,1199572047
MH31FC6114,22 Ft XL,2322831403
PB05AP1865,34 Ft XL,512034430
KA51AH7258,32 Ft XXL,154705261
HR55AL2026,22 Ft XL,3323168822
WB23F8195,32 Ft XXL,3104428041
TN39CQ5899,32 Ft XXXL,2952193960
WB178096,32 Ft XL,277791374
HR55AJ8113,22 Ft XL,3693967299
KA51AJ5678,20 Ft XL,1.27493E+18
RJ09GD3393,32 Ft XXL,1183707012
MH04HY7763,20 Ft XL,2352433594
HR55AS8374,32 Ft XL,3234395569
RJ11GB7942,32 Ft XXL,3882159582
MH04HD7793,32 Ft XL,2526486597
WB11C7207,32 Ft XXL,3876917080
TN34AZ7765,30 Ft DXL,722363753
TN12BE1330,20 Ft XL,1908930337
DD01L9186,32 Ft XL,3685123511
HR55AN7006,32 Ft XL,3117739931
TS08UB1970,32 Ft XXL,3829683448
HR55AQ9678,32 Ft XXL,1.27493E+18
TN88U7999,32 Ft XXL,1.41705E+18
TS07UM9294,32 Ft XXL,762560645
MH05DK8628,32 Ft XL,1283746260
RJ32GC7189,32 Ft XL,3859975209
HR74B7484,32 Ft XL,4064930658
PB13BF8707,32 Ft XL,4155638782
KA53AB8174,32 Ft XL,675334604
RJ14GN4851,32 Ft XXL,4096847718
TN28BK4588,32 Ft XXL,3884450348
HR39E3245,22 Ft XL,1915932886
NL01AH2182,32 Ft XXL,154705261
NL01AH8795,30 Ft DXL,1650955566
MH14JL3721,20 Ft XL,1251745391
MP09HG8918,32 Ft XXL,1065388969
MH04LQ0150,22 Ft XL,990694239
HR47E4601,22 Ft XL,4108629306
KA593691,32 Ft XL,957599466
HR55AL6827,32 Ft XL,4112769211
WB19L8443,32 Ft XXL,3334425579
KA01AJ0031,32 Ft XL,1.28381E+18
KA19AD2522,32 Ft XL,3278530542
MH14LX5445,32 Ft XL,2186892581
HR38AB4262,32 Ft XL,1868373273
MH43BX1853,32 Ft XXL,508628337
TN25CA1786,20 Ft XL,1781976731
HR38U8916,34 Ft XL,2128330173
RJ14GP8458,32 Ft XXL,1147749398
HR55AK3836,32 Ft XXL,1.27493E+18
KA02AG7812,22 Ft XL,2040112414
TN36BS6284,32 Ft XXL,12546475
KA51AH0136,22 Ft XL,1027171255
NL01AF1086,32 Ft XL,3672102456
HR55AM3485,22 Ft XL,3387547965
TN09DC4338,20 Ft XL,1906431157
MH43BG2218,32 Ft XXL,1.37249E+18
RJ11GC4832,32 Ft XXL Ft XXL,2612872215
MH04LQ3675,20 Ft XL Ft XL,4130665628
NL01Q7112,32 Ft XL,1.27493E+18
MH46CL7808,32 Ft XXL,2160159070
WB19L9455,32 Ft XL,2013382695
MH04HD9229,20 Ft XL,653148977
KA51AH0641,32 Ft XL,1654145397
UP78GT9427,32 Ft XXL,3053775769
TN88H5506,32 Ft XXL,1096970933
MH04JU4922,20 Ft XL,2603827886
HR68B4705,32 Ft XXL,2838899538
HR55AN9781,32 Ft XXL,3234395569
MH16DD3200,32 Ft XXL,443752263
MH43BX2374,32 Ft XXL,1.37249E+18
MH46AF0530,20 Ft XL,4047448630
RJ52GB1978,32 Ft XXL,1573419948
MH46AF8330,32 Ft XL,2321627227
MH04MH1279,22 Ft XL,2845067733
TN28BF5688,32 Ft XL,3070668049
RJ32GD4719,32 Ft XL,2463724394
MP07HB4168,34 Ft XXL,1065690193
HR38T8867,34 Ft XXL,680015610
HR55AM9211,32 Ft XL,1933894296
PB05AN7575,30 Ft DXL,2115237033
HR38AB6162,32 Ft XL,1868373273
KL39K7607,20 Ft XL,1975671423
NL01N0566,32 Ft XL,1.27493E+18
TN39CT5088,20 Ft XL,3427648865
MH04KU7231,20 Ft XL,608479551
MH04KU8006,32 Ft XL,242377121
KA01AM1028,32 Ft XXL,1.28381E+18
RJ07GC0060,32 Ft XXL,1297437708
HR47E2979,32 Ft XL,2771428387
HR38AF5758,32 Ft XL,1036038890
MH43BX0913,32 Ft XXL,1.37249E+18
RJ32GD0407,32 Ft XL,2546199617
TN88K7122,32 Ft XXL,1251316666
NL01AD5324,32 Ft XL,3117739931
NL01AF9078,32 Ft XL,956831550
TN37DA6033,20 Ft XL,1.27493E+18
MH46BM7551,32 Ft XXL,878491648
KA52B3769,20 Ft XL,1530996239
NL01AA8781,32 Ft XL,2410293208
WB05A0741,32 Ft XL,2467718361
RJ40GA3397,32 Ft XXL,1.29422E+18
NL01AG7645,34 Ft XL,842767169
TN34Z9864,32 Ft XXL,4152150427
MH04HY2026,32 Ft XXL,2984689483
KA01AP6154,32 Ft XL,4186992177
NL01AF4253,32 Ft XL,1708392131
NL01AF9558,32 Ft XL,1464357917
HR38AF4250,34 Ft XL,1036038890
HR55AS7066,32 Ft XL,3104138433
MH43CA4399,32 Ft XXL,589546240
NL01AG5157,32 Ft XL,3914731708
TS07UP1256,32 Ft XXL,2375633805
NL01AB7133,32 Ft XXL,1080800009
HR47F8406,32 Ft XXL,900404511
HR38Y9935,32 Ft XL,4023146082
MH01DR2218,32 Ft XL,2526486597
KA01AM1019,32 Ft XXL,106157341
RJ14GP5337,32 Ft XL,3816205853
RJ32GD3927,32 Ft XL,2124614750
MH43BP0951,32 Ft XXL,3944964191
MH46BF8445,32 Ft XL,3575041082
HR55AK9347,32 Ft XXL,1.27493E+18
TN39CX3937,32 Ft XXL,807885813
NL01AG1027,32 Ft XXL,945597649
MH04HY2521,32 Ft XL,2753562616
MP09HG8917,32 Ft XXL,2483781524
MH04LY5471,32 Ft XXL,395223959
RJ14GQ8112,32 Ft XXL,3300087504
RJ11GC4316,32 Ft XXL,536327987
HR69E8891,32 Ft XL,1748235747
KA01AM2385,32 Ft XL,4251612375
KA08A2809,22 Ft XL,4189731777
TN22DA0752,32 Ft XXL,1812879046
MH47Y7843,32 Ft XL Ft XL,2412390469
HR47D3197,32 Ft XL,4004548899
HR55AK1940,32 Ft XXL,1.27493E+18
HR55AB5189,32 Ft XL,660306089
RJ14GQ3244,36 Ft XXXL,361831879
HR38AA3863,32 Ft XL,1288404065
TN28BH6306,32 Ft XXL,1008544192
HR55AM1721,32 Ft XL,586056444
GJ26T6907,32 Ft XL,1676612824
RJ11GC8901,32 Ft XXL,21951928
MH04LE5737,20 Ft XL,119219026
UP54T9501,26 Ft DXL,3504217824
NL01AG0719,32 Ft XXL,3877642929
KA01AN3731,32 Ft XXL,1.38545E+18
HR55AE0851,32 Ft XXL,1.34095E+18
DD01V9169,32 Ft XL,2664821670
HR55AM1905,32 Ft XXL,1.27493E+18
TN39CW9899,32 Ft XXL,1.27493E+18
HR38U9985,32 Ft XXL,834023770
HR47C5778,32 Ft XL,1090881001
TN30CB0947,32 Ft XXL,1.27493E+18
WB23F0099,32 Ft XXL,136174355
TN28BJ4449,32 Ft XXL,2586240089
RJ40GA2673,32 Ft XXL,4113916961
TN90K6504,32 Ft XXL,2570274621
MH04KU4852,20 Ft XL,1349042718
HR47D4058,32 Ft XXL,313745584
PB13BE2825,32 Ft XXL,1.41783E+18
UP65PT9064,32 Ft XL,1391274536
TN34AF3817,32 Ft XXL,856034017
TN28BF8237,32 Ft XXL,2293179056
RJ14GK6335,32 Ft XXL Ft XXL,940870303
NL01AE7019,32 Ft XXL,1.29422E+18
TN28BL1419,32 Ft XXL,136020093
TN28BK4683,32 Ft XXL,1.27493E+18
RJ11GB9908,32 Ft XL,793419240
NL01N1198,32 Ft XXL,1355641096
RJ11GB5986,32 Ft XXL,3106031340
MH04HY1742,20 Ft XL,3413902153
PB13BF9827,32 Ft XXL,1.41783E+18
BR07GC3407,32 Ft XL Ft XL,4277367016
HR67D1883,40 Ft DXL,3783763884
NL01AE6940,32 Ft XXL,1.27493E+18
HR55AK7592,32 Ft XL,3404567956
TN52AB0011,32 Ft XXL,1.37286E+18
NL01AC3128,32 Ft XL,3731347356
HR55Y0405,32 Ft XXL,3648094054
NL01AH4406,32 Ft XL,3155944960
TN13AC4731,24 Ft XL,904967090
MP13H1449,32 Ft XXL,3251689406
HR38U5562,32 Ft XL,2906035098
HR38V9335,20 Ft XL,2528441701
NL01AD8699,20 Ft XL,649243359
RJ14GP5532,32 Ft XL,875504629
KA04AC7923,20 Ft XL,3258150450
MH04LE2836,32 Ft XL,200509188
UP21CT6512,32 Ft XL,1420318650
HR55AN4101,32 Ft XXL,3234395569
MH04LE0078,32 Ft XL,976860774
HR55AD7391,32 Ft XL,208449432
TN28BF9379,32 Ft XXL,1.3095E+18
NL01AB9018,32 Ft XXL,471894188
TN36BV6805,32 Ft XXL,1701426074
MH40CM7181,20 Ft XL,3158592032
PB13BE5897,32 Ft XL,1790754355
RJ32GC7709,32 Ft XL,3027315474
KA51AH4295,32 Ft XXL,1.29971E+18
RJ11GD1307,32 Ft XXL,846957169
GJ12BY3326,32 Ft XL,4032640161
HR38AE9646,32 Ft XXL,1.41783E+18
HR55AF7633,32 Ft XXL,267942975
HR55AQ2020,22 Ft XL,3794646972
RJ14GN5872,32 Ft XL,1341734251
RJ11GC1744,32 Ft XXL,1695120916
TN52AA0888,32 Ft XXL,1.27493E+18
BR06GD8678,32 Ft XL,1675607123
TN28BF2394,32 Ft XXL,1976321926
MH31FC5259,20 Ft XL,2322831403
KA51AH4135,32 Ft XXL,964210814
NL01AB0944,32 Ft XXL,1168052891
MH04KF8241,20 Ft XL,3809055012
TN34AJ3579,32 Ft XXL,3994687759
MH43CE2434,22 Ft XL,162849997
NL01AG7638,32 Ft XL,2914938575
MH43BG3239,32 Ft XL,1.37249E+18
HR55X3874,32 Ft XL,2733533833
MH43BX2231,32 Ft XXL,104415644
HR55T2073,32 Ft XXL,3234395569
HR61D6321,32 Ft XL,2858977521
HR55AL1775,32 Ft XL,2211193487
HR55S9741,32 Ft XXL,2062614801
KA01AM1685,22 Ft XL,4186992177
UP82T4006,32 Ft XL,2144596399
KA22C1312,32 Ft XXL,1.32646E+18
MH04LE1715,32 Ft XXL,2160159070
BR06GE4605,32 Ft XL,1675607123
NL01Q5943,32 Ft XL,2357956889
RJ11GC0832,32 Ft XXL,1.27493E+18
DL1MA9182,22 Ft XL,1210935453
MH43BX0911,32 Ft XXL,1.37249E+18
HR38AC9225,32 Ft XL,3908165514
TN12AS7724,20 Ft XL,2792505996
MH46CL7411,32 Ft XXL,3596259537
TN84P1860,32 Ft XXL,375805148
MH04FJ3309,20 Ft XL,1535803282
NL01AF7064,32 Ft XL,3731347356
RJ40GA6174,32 Ft XL,1206131433
TG07T3890,22 Ft XL Ft XL,3310220462
KA595090,32 Ft XXL,599470660
GJ12BY7743,40 Ft DXL,1608917745
TN30CE1299,32 Ft XXL,3592864251
DD03P9965,32 Ft XXL,1.27493E+18
TN11AE9319,32 Ft XL,131893137
NL01N2544,32 Ft XXL,1168052891
MH43Y4742,32 Ft XL,1407618984
TN88J1698,32 Ft XXL,3843504601
NL01L6903,30 Ft XXL,1.34396E+18
HR55AL5942,32 Ft XXL,3234395569
UP53FT0016,40 Ft DXL,3504217824
MH19CY4088,32 Ft XL,4106366417
HR63E0489,32 Ft XXL,1573419948
HR38Y5703,32 Ft XL,1303316277
HR38AA8490,34 Ft XL,2660410001
WB11F6957,22 Ft XXL,2296239721
HR55AN4377,32 Ft XL,1.27493E+18
TN10BQ4556,32 Ft XL,1269942592
TN39DX9124,20 Ft XL,506289198
TN39AH6674,32 Ft XL,1016904326
KA22D9726,20 Ft XL,94011229
HR55AK2619,24 Ft XL,20079860
DD03P9309,32 Ft XL,1615605047
HR47F3011,22 Ft XL,2188882136
HR47E1201,22 Ft XL,2360715924
KA52B6953,22 Ft XL,3993520811
TN90F7191,32 Ft XL,2570274621
HR55AR1684,32 Ft XL,2219265497
KA51AH7428,24 Ft XL,1.29971E+18
UP16HT2496,32 Ft XL,1562663088
MH46BF0638,32 Ft XXL,929513233
MH03CV3055,20 Ft XL,485516088
DL1MA2259,22 Ft XL,4257230812
DL1GC4410,32 Ft XXL,2479052158
TS07UM5215,32 Ft XL,3649422397
NL01L9093,32 Ft XXL,2746782088
TN16E4612,32 Ft XXL,2538317403
NL01AC0962,32 Ft XL,2250116825
TN28BJ3944,32 Ft XXL,2463131370
TS08UB5755,32 Ft XXL,3829683448
MH43BG2061,32 Ft XXL,1.37249E+18
HR38W4079,32 Ft XL,2399895960
TN28BJ3082,32 Ft XXL,1.3391E+18
NL01Q0248,32 Ft XXL,3010966150
TN52AA3623,32 Ft XXL,2086535641
MH14JL3783,24 Ft XXL,1703075374
HR38X7885,34 Ft XL,3981557579
HR55AF4228,32 Ft XL,208449432
HR39D3838,32 Ft XXL,1.27493E+18
MH04KU6177,20 Ft XL,4191919732
TN38DF6459,32 Ft XXL,1095640172
RJ10GB7989,32 Ft XXL,1.28515E+18
HR55AJ7724,32 Ft XL,265122025
UP62BT0027,30 Ft DXL,2115237033
HR63C6640,20 Ft XXL,3726974546
RJ32GD5493,32 Ft XL,334548386
UP78FT7727,32 Ft XXL,3053775769
MH12NX2904,20 Ft XL,3194110022
HR38W9969,32 Ft XL,1.27493E+18
HR55AF7177,32 Ft XXL,3648094054
TN20DH6023,32 Ft XL,2247350398
NL01AB3504,32 Ft XL,1.27493E+18
DL1MB0930,22 Ft XL,1074729916
NL01AG0579,34 Ft XL,17667683
HR38Z5233,32 Ft XL,3769395729
HR73B0771,32 Ft XXL,3849711929
MH43BG4941,20 Ft XL,3280944594
NL01AA9111,32 Ft XL,1131876453
RJ14GR8874,32 Ft XL,2093466935
RJ14GL6001,32 Ft XXL,21951928
GJ01HT6305,32 Ft XL,752912893
TN28BD8133,32 Ft XXL,1.29634E+18
HR55AF2096,32 Ft XL,3139241246
RJ11GC7832,32 Ft XXL,4005448948
RJ14GQ8914,32 Ft XL,1038921782
RJ47GA3307,30 Ft DXL,4255940877
HR47D5672,32 Ft XXL,2254802433
MH46BB8244,32 Ft XL,960632885
MH04EL3082,20 Ft XL,146305964
HR55AE1071,32 Ft XXL,3648094054
RJ10GB0683,32 Ft XL,1901375300
HR69D1877,32 Ft XXL,3300087504
HR55AF5554,32 Ft XL,267942975
KA53AB2237,32 Ft XL,1.27493E+18
RJ14GN2061,32 Ft XXL,4005448948
KA39A1930,32 Ft XXL,275320548
RJ32GC8937,32 Ft XL,1.27493E+18
TN88K3925,32 Ft XL,1.3945E+18
KA51AK3894,32 Ft XXL,3002720573
RJ14GP2843,32 Ft XL,1532039080
TN88D0399,32 Ft XL,1.3945E+18
HR55AL6131,32 Ft XXL,1.27493E+18
GJ15YY8037,32 Ft XL,1370455184
RJ32GB8992,32 Ft XXL,3887912970
HR55AQ2139,32 Ft XXL,3234395569
NL01AB6741,32 Ft XXL,777175213
MH04LQ8959,22 Ft XL,205398239
DL1MA9861,22 Ft XL,3722569308
TN30BF5036,32 Ft XXL,38822182
WB11C4751,32 Ft XXL,2918717195
HR38AF3393,22 Ft XL,2715031614
MH46F3389,20 Ft XL,2215068666
NL01N4878,32 Ft XL,1188994017
HR55AR7197,32 Ft XXL,1.29422E+18
TN21AJ1249,22 Ft XL,1.41632E+18
HR55AL9270,32 Ft XXL,3234395569
UP70MT4867,32 Ft XXL,461454717
KA02AH8186,22 Ft DXL,2222256497
HR38AH4671,32 Ft XL,1303316277
NL01AE0226,32 Ft XXL,1.27493E+18
MH04KU7705,32 Ft XXL,2984689483
HR55AA1699,32 Ft XL Ft XL,660306089
NL01AC8684,32 Ft XXL,4065038712
UK06CB2642,32 Ft XL,2432246931
HR38AD2722,32 Ft XXL,3631712786
HR55AM2747,32 Ft XXL,1.27493E+18
MH14HU9340,32 Ft XL,537878727
HR38AE8502,34 Ft XL,1599883026
HR55AN0421,32 Ft XL,1.37257E+18
NL01AG7041,34 Ft XL,1324027201
HR38AE1293,32 Ft XXL,1.41783E+18
NL01N2559,32 Ft XXL,1115169021
HR55AC0875,32 Ft XXL,1782813852
HR39E1642,22 Ft XL,1933894296
KA51AK2192,32 Ft XXL,3189752954
MH04KF5130,32 Ft XL,3933117663
KA52B3164,34 Ft XL,1498431023
HR55AL2723,22 Ft XL,797046859
NL01AD0778,32 Ft XL,1647748010
HR55AN4095,32 Ft XXL,3234395569
TN42AD5254,32 Ft XL,1.27493E+18
TN30BK2935,24 Ft XL,907961855
NL01AE6954,32 Ft XXL,1.27493E+18
MH46BF0650,32 Ft XL,3178848370
AS01JC0354,32 Ft XXL,2791051512
TN88U1759,32 Ft XXL,1.38589E+18
MH04JU5508,32 Ft XXL,1.37247E+18
MH14DM7970,32 Ft XXL,508365964
MH04KU9316,20 Ft XL,2545997179
HR38Z7255,32 Ft XL,3598325849
TN23DC2871,32 Ft XXL,1820266515
GJ01CU3064,32 Ft XL,4067572575
HR38AA5515,32 Ft XL,411176986
RJ32GC6423,40 Ft DXL,826261488
HR38AJ0844,22 Ft XL,3544992241
HR55X9478,32 Ft XXL,2375633805
KA01AM2551,20 Ft XL,173082756
MH04KU5347,32 Ft XXL,1.37247E+18
MH04LY6031,32 Ft XL,242377121
HR55AK5129,32 Ft XXL,2746782088
WB11D1885,32 Ft XXL,1077479138
RJ52GA9505,32 Ft XL,1887828621
TN37DQ1792,32 Ft XL,1.27493E+18
MH12UM0159,20 Ft XL,2377817211
NL01AF0008,32 Ft XXL,1.27493E+18
TN88J9609,32 Ft XXL,1964777318
HR38AA0622,34 Ft XL,2399895960
GJ01HT1359,32 Ft XXL,782744564
MH43BX3220,32 Ft XXL,1.37249E+18
TN88U9979,32 Ft XXL,1.3095E+18
GJ27TD4907,34 Ft XL,1875281957
UP21CN5260,32 Ft XXL,1925483557
MH04LY9025,32 Ft XXL,3933117663
DN09S9712,32 Ft XL,3009755333
NL01Q3681,32 Ft XL,3449870564
NL01AF8510,32 Ft XXL,2459640882
TN37DK8725,32 Ft XL,1.27493E+18
MH04JK9302,20 Ft XL,263294038
HR55AJ2623,22 Ft XL,3787915751
UK06CA9207,32 Ft XXL,945597649
GJ03BZ6130,32 Ft XL,2967857427
NL01AD6318,32 Ft XXL,1008222599
TN52AA8188,32 Ft XXL,1.27493E+18
HR38AF6171,32 Ft XL,346898820
NL01AG0506,32 Ft XXL,2638422073
HR55AE7222,20 Ft XL,1103565692
HR55AB0389,32 Ft XL,2612215395
HR55AQ6426,22 Ft XL,3383706013
HR55AF7858,32 Ft XL,267942975
HR61E8742,32 Ft XL,9010554
HR55AN6676,32 Ft XL,3117739931
TN39DA8585,20 Ft XL,3085801277
UK06CB0208,32 Ft XL,388478040
TN88W7599,32 Ft XXL,1.27493E+18
GJ23AW7188,32 Ft XL,1058903513
TN88U7070,32 Ft XXL,1262318557
MH04KF9124,22 Ft XL,3678859715
TN14X5809,20 Ft XL,3028745086
TN18BK3700,32 Ft XL,806257124
RJ14GQ5123,32 Ft XL,1782813852
RJ32GD4104,32 Ft XL,1.27493E+18
NL01AA6797,32 Ft XL,956831550
NL01Q2528,32 Ft XXL,2459640882
PB13BM9831,32 Ft XXL,1.41783E+18
TN18BJ1604,20 Ft XL,3534123485
HR55AR7757,32 Ft XXL,1.29422E+18
MH04LE2418,20 Ft XL,2495260829
TN28BJ0757,32 Ft XXL,1.41263E+18
MP09GH1930,32 Ft XL,667083889
NL01AA8682,32 Ft XXL,1.27493E+18
HR55Y5391,20 Ft XL,1.27493E+18
HR55AK7980,32 Ft XL,515545083
NL01AC9011,32 Ft XL,1324027201
HR55AK7595,32 Ft XL,616191173
NL01AH2484,32 Ft XL,2914938575
MH46BF8443,32 Ft XL,3575041082
HR55AT1487,22 Ft XL,20079860
MH04KU3392,20 Ft XL,2147148042
MH14KQ8862,32 Ft XL,2467758476
RJ14GQ5113,32 Ft XXL,124184792
MH01EM6375,32 Ft XXL,3862635773
PB05AP4934,34 Ft XL,512034430
MH04KU0102,20 Ft XL,4224400423
NL01AC7845,32 Ft XXL,4188999819
TN28BL0563,32 Ft XXL,3023875542
RJ14GG6841,32 Ft XL,2647333561
RJ14GP8553,32 Ft XXL,1.30839E+18
NL01AA8683,32 Ft XXL,1.27493E+18
KA567257,32 Ft XXL,952918089
NL01AE1299,32 Ft XL,1.27493E+18
MH04MH1277,22 Ft XL,2845067733
TS07UB9674,20 Ft XL,546491409
HR38V3607,34 Ft XL,2438910424
UP14QT8420,32 Ft XL,1757747580
RJ14GJ5002,32 Ft XXL,2830353394
MH46CL5135,20 Ft XL,2215068666
TN19AK6230,20 Ft XL,2541946062
DN09U9939,32 Ft XL,3009755333
MH04LE6137,32 Ft XL,1647748010
GJ27TD2833,32 Ft XXL,2780098488
TN39DD7996,32 Ft XL,4084188667
BR28GA7077,32 Ft XL Ft XL,3657821650
UK06CB7961,32 Ft XXL,657781817
MH04HY2133,32 Ft XXL,3413832098
HR47C9140,32 Ft XXL,1507374815
NL01L6975,32 Ft XL,2552905578
HR55AR8369,22 Ft XL,1700726125
DD01P9954,32 Ft XL,1702125004
HR38AD8545,32 Ft XXL,4203907520
TN88H2679,32 Ft XXL,257130941
KA51AG4527,20 Ft XL,1861644730
MH40CT1065,32 Ft XL,761325456
HR47D6801,20 Ft XL,4274074126
HR55AM8610,22 Ft XL,3363528157
DL1MA5661,22 Ft XL,1.30729E+18
RJ10GB2227,32 Ft XXL,2975591973
KA63A0513,20 Ft XL,2287633116
HR66B6085,32 Ft XXL,3822231402
RJ32GC1237,32 Ft XXL,3957764104
HR55AC7246,32 Ft XXL,267942975
TN39CE8872,32 Ft XXL,3676358555
KA21A3546,32 Ft XXL,2451833745
RJ14GJ8536,32 Ft XXL,2537749035
MH04KF8872,32 Ft XL,1036596673
TN04AV0868,32 Ft XXL,395208720
KA51AL0400,22 Ft XL,3707704079
UP32DN8709,32 Ft XL,833222234
MH04LY9140,20 Ft XL,2042883326
MH04LY9950,20 Ft XL,2439808669
TN85Q4849,32 Ft XXL,1.31421E+18
MH13EP0611,22 Ft XL,3678954684
KA01AN5109,17 Ft DXL,1921332508
HR55V1439,32 Ft XL,1.27493E+18
HR74B8748,22 Ft XL,461645547
MH14CP7687,20 Ft XL,2586560801
KA52A4364,32 Ft XXL,2952713397
TN02BP1836,32 Ft XXL,1.27493E+18
TN88D3899,32 Ft XL,1.3945E+18
MH04FD4265,17 Ft XL,1973998608
RJ14GN5962,32 Ft XL,2553882112
MH12VF5951,32 Ft XL,2512493765
MP09HG0108,32 Ft XXL,1784565714
MH44U8991,32 Ft XL,3634184760
MH04JK4537,20 Ft XL,3939080072
RJ47GA5841,40 Ft DXL,4255940877
HR55AS0429,32 Ft XL,3104138433
HR61E8838,32 Ft XL,2143634519
NL01AG8123,34 Ft XL,842767169
RJ10GB7926,32 Ft XL,3110131596
KA01AM1021,32 Ft XXL,1.28381E+18
BR02GB7635,32 Ft XL,1015529740
UP21BN7641,32 Ft XXL,1115169021
HR55AS3538,32 Ft XL,3104138433
KA51AK1378,32 Ft XL,3189752954
AS01NC6804,32 Ft XXL,1168052891
RJ11GB7808,32 Ft XXL,1263047979
GJ06BV8396,34 Ft XL,104156937
UP13DT1367,32 Ft XL,761325456
PB03BG2417,32 Ft XXXL,2492278967
GJ39T9962,40 Ft DXL,1901596476
MH14GU9633,20 Ft XL,617105610
GJ18AZ9527,32 Ft XL,3671792075
HR55AJ5715,32 Ft XL,3363528157
WB19M0284,32 Ft XXL,1622177116
HR55AE9611,20 Ft XL,3787915751
HR61E7166,22 Ft XL,1764983791
MP09DL3681,32 Ft XL,2228526791
MH04LE4251,32 Ft XL,618016159
DN09S9879,32 Ft XL,2000176526
HR55AL6946,32 Ft XXL,1.27493E+18
HR55AK5125,32 Ft XXL,1.27493E+18
MH14GU9168,20 Ft XL,3964162150
HR55AL4768,32 Ft XXL,1.27493E+18
HR55AC6237,20 Ft XL,425966486
HR55AK2037,22 Ft XL,1.27493E+18
TN34AC8582,32 Ft XL,4085371237
NL01AF5166,32 Ft XL,1.27493E+18
HR55AM3811,32 Ft XL,1933894296
MH46BB5925,32 Ft XL,2564900610
RJ11GC2174,32 Ft XXL,1583587267
AS01NC6803,32 Ft XXL,1168052891
MH14JL3724,20 Ft XL,1251745391
HR55AH1750,20 Ft XL,645486872
HR55AH9181,32 Ft XL,1324027201
TN12AU4945,32 Ft XXL,3383824038
RJ32GC7256,32 Ft XL,265122025
HR47D0496,32 Ft XL,2797242166
MH48AY1890,32 Ft XXL,2039810350
TN39CT8984,32 Ft XXL,1.27493E+18
MH14GU3509,22 Ft XL,1.27493E+18
HR39E6255,32 Ft XXL,245875254
RJ47GA3398,36 Ft XXXL,4255940877
HR55AL2011,22 Ft XL,2941351358
MH04KF9509,20 Ft XL,2439808669
HR38V3054,34 Ft XL,955834925
MH46BB1597,32 Ft XL,2321627227
MH04LY9434,32 Ft XL,2407169107
TN28BJ3521,32 Ft XXL,3493610581
HR55AR2713,32 Ft XL,300477655
KA52B3099,20 Ft XL,773382346
HR38W5431,32 Ft XL,3811649588
RJ11GC6842,32 Ft XXL,2640346638
HR61E2545,32 Ft XL,2635529982
HR55AW0635,32 Ft XXL,660306089
NL01AE6929,32 Ft XXL,2421324061
DD01K9826,22 Ft XL,2007886218
GJ27TD4787,32 Ft XL,1875281957
KA51D5149,32 Ft XXL,902512755
NL01L6473,32 Ft XL,3055078232
KA22C2117,32 Ft XXL,1.32646E+18
GJ27TD6360,32 Ft XXL,1573407155
TN28BF9671,32 Ft XXL,1.29634E+18
HR38AB4591,32 Ft XL,3908165514
NL01AF2614,32 Ft XXL,1.27493E+18
GJ01JT9046,32 Ft XL,3805031758
HR55AC5061,32 Ft XL,1733578037
KA52A4980,32 Ft XL,570434649
TN39CW3488,32 Ft XXL,661594010
TN87A0462,32 Ft XXL,1.31421E+18
RJ11GD3701,32 Ft XL,21951928
MH48T9299,32 Ft XL,4045897604
MH04LQ9562,22 Ft XL,18476183
DD01K9083,32 Ft XL,3685123511
NL01AH2178,32 Ft XXL,154705261
HR38AB6145,24 Ft XL,1816174169
MH04LY1533,32 Ft XL,2047696331
TN36BS6853,32 Ft XXL,12546475
HR38AH8069,32 Ft XL,3908165514
TN88AZ3251,32 Ft XXL,3493610581
MH46CL0997,32 Ft XL,1938500835
TN52L6295,32 Ft XXXL,4290163489
HR55AN1090,20 Ft XL,25443168
NL01AD2931,32 Ft XXL,694678537
MH43BG3238,32 Ft XXL,1.37249E+18
HR55AP6537,32 Ft XXL,3234395569
NL01AF0427,32 Ft XXL,1.27493E+18
UP16LT6531,20 Ft XL,3186854623
MH47BL3680,20 Ft XL,1791136031
HR55AK3117,32 Ft XXL,1.27493E+18
HR46E7334,32 Ft XL,3888426839
WB11D5509,32 Ft XXL,3893635846
HR55AW2902,32 Ft XL,1770398608
HR55AR6686,32 Ft XXL,2148477730
HR38AH5783,32 Ft XL,3908165514
DD01J9063,32 Ft XL,697445373
RJ11GC9412,32 Ft XXL,1.33805E+18
MH43BP0672,32 Ft XXL,1.37249E+18
MH04KU2605,20 Ft XL,200509188
KA50B6697,32 Ft XXL,3979732930
MH05DK6413,20 Ft XL,612144592
DD01J9076,32 Ft XXL,1473081180
RJ01GD8256,40 Ft DXL,3298518857
TN88J7980,32 Ft XXL,2764074792
HR38AB2074,32 Ft XL,3556676147
TN52F8290,32 Ft XXL,1.27493E+18
DD01L9158,32 Ft XXL,1473081180
HR55AM5571,20 Ft XL,3000356243
TN13AC4726,24 Ft XL,904967090
HR47G5713,32 Ft XXL,2523978282
HR38Z4082,34 Ft XL,2399895960
MP09DX7386,32 Ft XXL,3706224517
MH43BG8959,20 Ft XL Ft XL,2126873029
HR38Z4920,32 Ft XL,890382056
MH14KA8646,32 Ft XXL,1618676713
TN18BE5789,20 Ft XL,2524487247
HR61F6433,32 Ft XL,1.27493E+18
HR74B1883,32 Ft XXL,1339074655
KA51AH3841,32 Ft XXL,964210814
MH04JU0838,32 Ft XL,2564900610
MH04LY0860,32 Ft XXL,973970333
NL01AG8955,32 Ft XXL,2903670965
MH46AR7814,32 Ft XL,2321627227
DD01S9771,20 Ft XL,2255109508
HR55V1323,32 Ft XXL,3648094054
HR55AM5085,20 Ft XL,2060987246
HR61C0453,32 Ft XL,1431040845
TN25BT9984,32 Ft XXL,2667612467
DL1MA7516,20 Ft XL,63792241
TN04BA1899,32 Ft XL,882102816
RJ40GA4720,32 Ft XXL,1.29422E+18
HR55X8155,32 Ft XL,1465905406
RJ32GB6622,32 Ft XL,3859975209
NL01AH2172,32 Ft XXL,154705261
TN20DH4915,32 Ft XXL,2247350398
MH43BG5145,32 Ft XXL,1.27493E+18
TS08UF8423,32 Ft XXL,2045484468
UP82AT4902,32 Ft XL,348948273
TN31BE3200,22 Ft XL Ft XL,3835492458
MH14JL9268,32 Ft XXL,340441395
HR38AH2655,32 Ft XL,2399253328
MH43BX3221,32 Ft XXL,1.37249E+18
TN42AK3085,32 Ft SXL,1192105539
NL01Q7114,32 Ft XL,1.27493E+18
RJ14GR4864,32 Ft XXL,154705261
TN34Z4318,30 Ft DXL,722363753
UP78FN5165,32 Ft XXL,3668780931
NL01AC1912,32 Ft XL,956831550
AS01NC6802,32 Ft XXL,1168052891
TN28BH7617,32 Ft XL,1.3391E+18
HR55AM2375,32 Ft XXL,2657042234
RJ32GD8476,32 Ft XL,2757784359
DD01J9145,34 Ft XL,3728681061
NL01L6910,32 Ft MXL,1.34396E+18
HR74B5810,32 Ft XL,3961557537
HR55AM4743,32 Ft XL,3000356243
TN39DB5789,22 Ft XL,4067552050
TN28BH8199,32 Ft XXL,2671633046
RJ09GE6201,32 Ft XXL,1540944418
GJ12BY6741,40 Ft DXL,1608917745
TN56R4216,32 Ft XXL,2314125170
NL01AE7922,32 Ft XXL,1.27493E+18
RJ32GC3586,24 Ft XXL,1629450501
MH05EL8599,32 Ft XXL,2545436316
HR55AP5450,24 Ft XL,20079860
KA51AF3213,32 Ft XL,3836686102
HR47D2969,32 Ft XXL,1.3715E+18
HR38AC0223,34 Ft XL,3216817949
RJ14GR9017,32 Ft XL,2180774793
NL01AE7587,32 Ft XXL,1.27493E+18
HR55AM6748,32 Ft XL,1.27493E+18
TN73Q6456,32 Ft XXL,2456406897
MH04DK7180,32 Ft XL,4067572575
WB11F0375,32 Ft XXL,938965368
MH43BX8969,32 Ft XL,1.37249E+18
TS08UJ4135,24 Ft XXL,3253201229
KA02AJ8835,20 Ft XL,1225539516
DD01E9153,22 Ft XXL,1703106667
MH04JU3246,32 Ft XXL,3193437400
RJ40GA6796,32 Ft XL,2825165965
HR38AE1295,34 Ft XL,1017497294
HR69C1207,32 Ft XL,2824103628
TN88AY3377,32 Ft XXL,2488622514
WB23G8849,24 Ft XXL,3281644032
RJ52GB1622,32 Ft XL,1426192060
NL01AF9900,34 Ft XL,3731347356
TN28BJ3012,32 Ft XXL,1.3391E+18
GJ01KT4480,32 Ft XL,785393395
AS25FC4393,22 Ft XXL,1425998709
NL01AG7331,36 Ft XXXL,533252639
NL01AG7637,34 Ft XL,2914938575
HR61E5319,22 Ft XL,3061652266
TN04BA5199,32 Ft XXL,882102816
MH43BG1187,20 Ft XL,856062481
MH42AQ0825,32 Ft XL,1768169021
UK06CB7349,32 Ft XXL,1721430745
HR55AC1788,32 Ft XXL,365818776
MH43BX2672,32 Ft XXL,1982357314
KA02AH2641,32 Ft XL,1.29971E+18
GJ05AT2851,32 Ft XL,4067572575
HR55AM6940,32 Ft XL,3000356243
RJ14GR4382,32 Ft XL,1645396204
MH12MV0379,32 Ft XL,323402480
KA51B8677,32 Ft XXL,1.37286E+18
MH04LQ4087,32 Ft XL,3958426423
TN12AT8150,20 Ft XL,4123373749
HR55AL0787,32 Ft XL,1933894296
HR55AD8239,32 Ft XXL,1008222599
BR01GN9298,32 Ft XXL,1085132371
WB11D3485,32 Ft XXL,1077479138
NL01AH1851,32 Ft XXL,836748842
HR38V4474,34 Ft XL,4066216907
HR55AG3358,32 Ft XXL,1.27493E+18
MH46BB6206,32 Ft XXL,3143385980
KA05AL5050,24 Ft XXL,1271136930
HR840295,32 Ft XXL,4122073968
HR38AD9689,32 Ft XXL,4188999819
MH43CE9735,32 Ft XL,3555728704
MH04JK9304,20 Ft XL,4224400423
RJ07GB7129,32 Ft XXL,1297437708
WB174357,32 Ft XXL,1327564229
HR38AD8669,32 Ft XXL,4203907520
HR55AK2906,22 Ft XL,4274074126
TN90H1821,20 Ft XL,3096326774
HR63E7892,32 Ft XXL,589435975
TN46Y8196,20 Ft XL,87455394
HR55AF5374,32 Ft XL,267942975
TN88U9459,32 Ft XXL,1.41705E+18
HR46E8570,32 Ft XL,3888426839
KA51AH5769,32 Ft XL,3299064985
UP23T8692,32 Ft XXL,1475335105
TN88X8529,32 Ft XXL,700660184
WB11E0544,32 Ft XXL,517914104
MH04GR6712,20 Ft XL,3254655880
MP09DD1878,32 Ft XXL Ft XXL,3706224517
RJ09GD4501,32 Ft XXL,1.27493E+18
HR55AK3877,32 Ft XXL,1.27493E+18
MH04KU6298,20 Ft XL,1741567511
HR74A9808,32 Ft XL,1806953019
TN15E0844,20 Ft XL,1852920092
HR55AJ3360,32 Ft XXL,1.27493E+18
MH12SX9366,32 Ft XL,2066449745
RJ06GC0588,32 Ft XXL,459124687
RJ11GB7420,32 Ft XXL,2492852780
HR55AL7078,32 Ft XL,1.36953E+18
MH04HD6441,32 Ft XL,3154981282
MH46AF8335,20 Ft XL,2173719893
GJ23AT9337,32 Ft XL,3137555437
RJ14GQ7279,32 Ft XXXL,1524180104
RJ11GB6086,32 Ft XXL,2285897423
MH46AF3813,32 Ft XL,1647748010
UP13AT1818,32 Ft XL,1310073092
TN52R6915,32 Ft XXL,1.32425E+18
TN46X9169,22 Ft XL,485057411
HR55AL4403,32 Ft XL,1253470403
MH46BU4610,32 Ft XXL,855402536
HR55AP1795,32 Ft XL,2371523255
TN52AA7288,32 Ft XXL,1.27493E+18
MH04JK3844,32 Ft XL,2847498919
RJ32GC5544,32 Ft XL,1.27493E+18
TN30CU7931,32 Ft XXL,2636212601
HR38V2687,32 Ft XL,3197078289
HR55AL9293,32 Ft XL,1933894296
UP13AT1919,32 Ft XL,1310073092
RJ32GC7179,32 Ft XL,3630080344
RJ14GP4566,32 Ft XXL,4005448948
BR06GA9013,32 Ft XXL,1.31567E+18
RJ32GC9932,32 Ft XL,1.27493E+18
MH04HY9287,20 Ft XL,3678859715
WB05A4195,32 Ft XL,1080031028
WB11G0573,32 Ft XL,4108083635
MH15GV6513,32 Ft XXL,1117539057
RJ11GB9801,32 Ft XXL,529216191
MP04HE7437,36 Ft XXXL,4207874574
HR55AL2002,22 Ft XL,3752336742
MH03CP8690,20 Ft XL,3689975310
TN88L5477,32 Ft XXL,119052175
UP81CT8511,30 Ft DXL,2115237033
NL01N0357,32 Ft XXL,1168052891
NL01AG8207,32 Ft XL,277791374
RJ02GC6321,32 Ft XXL,3202025075
GJ01JT8391,32 Ft XXL,133396775
UP79AT4136,22 Ft XL,3239702900
RJ18GB5417,20 Ft XL,2150494835
RJ14GR1558,32 Ft XXL,124939735
NL01AG4770,32 Ft XXL,2638422073
TS07UK5564,32 Ft XL,3649422397
TN56Q4333,32 Ft XXL,2314125170
HR74A6395,32 Ft XXL,1790840599
HR61C1311,32 Ft XXL,2072286350
MH14KQ6498,32 Ft XXL,2333307003
TN12AS4957,32 Ft XL,4093429416
MH43BP6357,32 Ft XXL,1.37249E+18
TN52D1758,24 Ft DXL,539730798
MH04HD0272,20 Ft XL,256010910
HR38AD6231,34 Ft XL,1599883026
HR62A6561,24 Ft XL,93434900
RJ11GC8916,32 Ft XXL,1.33805E+18
MH46BB7615,32 Ft XXL,674609754
TN31BH0988,32 Ft XL,2987626821
TN70D7477,20 Ft XL,3485067860
HR38X7492,32 Ft XXL,1795786993
MH04JU2477,32 Ft XXL,1613188788
UP78GT9527,32 Ft XXL,3053775769
HR47F7610,22 Ft XL,3233453383
KA53AB0895,32 Ft XL,1889479727
NL01AB4275,32 Ft XL,611100283
KA01AK0700,20 Ft XL,2231017615
MH43BX2375,32 Ft XXL,1.37249E+18
UP35BT7995,22 Ft XL,2867501786
MH04LQ9590,20 Ft XL,2439808669
HR55AQ3165,32 Ft XXL,1.27493E+18
NL01AE7583,32 Ft XXL,1.27493E+18
KA51AF2853,32 Ft XL,3836686102
HR38AH3630,34 Ft XL,1790931984
RJ14GR4437,32 Ft XL,1625775589
NL01AE9591,32 Ft XXL,2225745508
PB11CJ2279,32 Ft XXL,2322689137
DL1LAC2846,20 Ft XL,1007802443
HR61D0755,32 Ft XXL,3155944960
UP52T5324,26 Ft DXL,3504217824
NL01AC9678,32 Ft XXXL,2492278967
MH17BY4040,32 Ft XXL,1.3714E+18
RJ14GL6921,30 Ft XXL,21951928
HR55AT6928,20 Ft XL,1.3775E+18
MH04JU3364,32 Ft XXL,242377121
HR38Z0638,32 Ft XXL,2523575791
HR55AN6317,22 Ft XL,3435223506
MH12MV0587,32 Ft XXL,2553056249
HR55Y1231,32 Ft XL,1060274607
HR55AM9128,32 Ft XXL,1.27493E+18
MH04KF7353,20 Ft XL,859974101
HR55AL9458,32 Ft XL,911290316
TN11P2288,32 Ft XXL,2286091161
KA02AE5801,32 Ft XXL,1.29971E+18
HR55AL0349,22 Ft XL,666836289
NL01AA6894,32 Ft XXL,1080800009
HR55X6755,32 Ft XL,1310073092
HR55U0378,32 Ft XL,2885354458
HR69F9943,24 Ft XXL,3151132714
MH46BF3080,32 Ft XL,1000425851
TN28BH7340,32 Ft XL,1.3391E+18
TN12AJ1950,22 Ft XL,447128245
DL1MA8289,20 Ft XL,2798176640
RJ23GB7621,32 Ft XXL,908583222
HR55AR9889,32 Ft XXL,2148477730
HR55AK9821,32 Ft XL,586056444
HR55AK6612,32 Ft XXL,3234395569
NL01AC2489,32 Ft XXL,1.27493E+18
HR55AD6712,32 Ft XL,1.36953E+18
NL01L6543,32 Ft XXXL,1.34396E+18
DD01X9630,32 Ft XL,2412338830
UP74T4790,34 Ft XL,2399895960
KA52B3105,22 Ft XL,516674593
MH46CL0186,32 Ft XXL,3944964191
MH12XM3090,34 Ft XL,1431679807
NL01AB2882,32 Ft XXL,2459640882
RJ47GA1327,40 Ft DXL,4255940877
NL02N8101,32 Ft XXL,2425210567
RJ32GC9851,32 Ft XL,292170901
KA52A9766,20 Ft XL,593183256
TN39CU6249,20 Ft XL,381988236
NL01AF3697,32 Ft XL,2921123730
RJ14GQ0044,32 Ft XL,1320756281
NL01Q4648,32 Ft XXL,4138480660
HR69C9356,32 Ft XL,1748235747
RJ14GQ4155,34 Ft XXL,1151920827
NL01AF9300,32 Ft XL,3412867050
MH43BP3558,20 Ft XL,2126873029
NL01N0335,32 Ft XXL,1355641096
TN52H1297,32 Ft XXL,1.27493E+18
MH04JU0780,20 Ft XL,3939080072
MH04KU6971,20 Ft XL,1126085733
NL01AB2204,40 Ft DXL,418533805
NL01AF7606,32 Ft XL,3796565763
TN69BY1776,32 Ft XXL,3610748696
MH18BG1958,32 Ft XL,723912061
NL01AD7629,34 Ft XXL,4112769211
TN34AH7377,32 Ft XXL Ft XXL,729370324
TN12AQ7925,32 Ft XL,4093429416
MH03DV4640,32 Ft XXL,2929041530
UP12AT6464,26 Ft DXL,3504217824
MH43BX0921,32 Ft XXL,1.37249E+18
MH04KU9376,20 Ft XL,1865602514
MH04LQ1898,32 Ft XL,573747521
HR61D3253,32 Ft XL,3553993300
RJ10GB7131,32 Ft XL,42767172
DD01Q9910,32 Ft XXL,1784565714
TN45BF0642,32 Ft XXL Ft XXL,3011042176
KA01AF2251,32 Ft XXL,1930959888
TN88K5967,32 Ft XXL,4003659567
BR02GB7903,26 Ft DXL,3504217824
PB04AA6471,30 Ft DXL,2115237033
MH04KU6530,20 Ft XL,398097778
KA51C7140,20 Ft XL,1908930337
WB11G0324,32 Ft XL,3554695931
HR55AL6598,32 Ft XXL,1.27493E+18
MH43Y8603,32 Ft XL,2736541600
RJ09GD9972,32 Ft XXL,3310019958
DL1MA9938,22 Ft XL,2502202070
RJ06GC7703,32 Ft XXL,1721946921
KA51AC8039,32 Ft XXL,1.37286E+18
RJ52GA6249,32 Ft XXL,4005448948
HR55AK7516,22 Ft XL,20079860
HR847467,32 Ft XL,2434659604
NL01AB0089,32 Ft XXL,1.27493E+18
HR55AJ0839,32 Ft XL,1.27493E+18
MH04LQ8080,20 Ft XL,108749163
RJ11GB9441,32 Ft XXL,643540762
MH46BU7913,32 Ft XL,236876648
HR61D6598,22 Ft XL,2041405395
MH04GR5830,20 Ft XL,2641713812
MH43BP7599,20 Ft XL,672305368
HR55AE2491,32 Ft XL,234476758
HR38AB7713,32 Ft XL,1046681088
NL01AE8618,32 Ft XXL,1.27493E+18
HR38X2903,34 Ft XL,2399895960
TN39CT7889,32 Ft XXL,4067552050
HR55AR3047,32 Ft XL,539372227
RJ30GA7745,32 Ft XXL,2527028872
DD01Q9265,32 Ft XXL,1784565714
MH04LE3166,32 Ft XXL,66625116
DL1MB0757,22 Ft XL,3035691761
NL01AA1925,32 Ft XL,3412867050
RJ09GC1850,32 Ft XXL,1540748078
GJ12BZ8491,36 Ft XXXL,361831879
PB05AP2122,34 Ft XL,512034430
TN88AZ5569,32 Ft XXL,880120454
HR845820,32 Ft XXL,4122073968
TS07UC8473,20 Ft XL,1786154862
TN88AZ8392,32 Ft XXXL,1.38589E+18
MH43CE1719,32 Ft XXL,300477655
RJ32GC1619,32 Ft XXL,639166272
TN88K0268,32 Ft XXL,3486315074
KA51AH4889,20 Ft XL,1.29971E+18
DL1MA1052,20 Ft XL,3782527166
HR55AP9896,24 Ft XL,20079860
KA01AM1025,32 Ft XXL,1.28381E+18
RJ27GE0277,32 Ft XXL,744933130
UP38T6473,32 Ft XXL,1174244948
BR02GC7719,32 Ft XL,2198985595
MH48T9495,32 Ft XL,4045897604
NL01AG4766,32 Ft XXL,2638422073
MH04EY4997,20 Ft XL,647010840
RJ14GQ2065,32 Ft XXL,335011880
NL01AH3619,32 Ft XL,2226737947
MH46CL1751,20 Ft XL,3330172675
DL1MA7738,22 Ft XL,2460345340
HR38U0471,34 Ft XL,2902452507
TN39DX2137,22 Ft XL,3946541699
HR55AP2496,22 Ft XL,2341257917
GJ12BY6742,40 Ft DXL,4039755448
TN12AR4744,32 Ft XL,105402506
MH04LE0107,20 Ft XL,2767863383
HR55AD8797,32 Ft XXL,2611824178
GJ01DZ2677,32 Ft XL,2717088160
RJ11GC5800,32 Ft XXL,632179148
RJ14GQ3663,32 Ft XXL,3310646587
KA593822,32 Ft XL,3093596430
NL01AG5134,34 Ft XL,2903670965
NL01AA5301,32 Ft XL,806780729
NL01AG2295,32 Ft XXL,3194110022
MH46AF7933,32 Ft XXL,1695120916
UP78GT3427,32 Ft XXL,3053775769
GJ12BZ3113,40 Ft DXL,3106825274
HR69B7926,32 Ft XL,3936816206
NL01AF8893,32 Ft XXL,945597649
NL01AG9891,32 Ft XL,761325456
WB11D7327,32 Ft XXL,3812551316
NL01Q4065,32 Ft XL,1.27493E+18
TN29CE8049,32 Ft XXL,3089520401
HR55AP5599,32 Ft XXL,267942975
NL01AE7917,32 Ft XXL,1.27493E+18
MH46BU4862,32 Ft XL,4245958666
NL01AH7867,32 Ft XXL,1.29422E+18
RJ14GP7592,32 Ft XXXL,2492278967
TN88F7697,32 Ft XXL,1096970933
GJ15AT6032,32 Ft XL,1051866713
KA52B3655,20 Ft XL,246389642
HR55AL4334,32 Ft XL,2971335053
HR38AD9674,32 Ft XL,183624329
WB11D7360,32 Ft XXL,3812551316
HR38AD3561,34 Ft XL,955834925
HR47E0249,32 Ft XXL,858282445
MH43BX6814,32 Ft XL,1.37249E+18
NL01AF2174,32 Ft XL,1763251974
HR47F1117,32 Ft XL,3584401640
TN52L1202,32 Ft XXL,1.29099E+18
HR38X5708,32 Ft XL,1806953019
HR55AR8563,32 Ft XXL,1.29422E+18
MH04JK7478,20 Ft XL,4171568488
RJ11GC3023,32 Ft XXL,2287254407
MH04LE7292,20 Ft XL,4130665628
RJ10GB7939,32 Ft XXL,3887912970
MH04HD8497,20 Ft XL,1259620876
NL01AH9308,32 Ft XL,1993271565
MH46BB8041,32 Ft XL,2847498919
RJ14GR4866,32 Ft XXL,154705261
RJ18GB7850,32 Ft XL,2573857057
NL01N1224,32 Ft XXL,1355641096
NL01AD2928,32 Ft XXL,1.27493E+18
HR47E3159,22 Ft XL,909201538
RJ32GD0807,32 Ft XL,265122025
NL01AE7920,32 Ft XXL Ft XXL,1.27493E+18
DD01P9956,32 Ft XL,758805270
TN25CJ4743,32 Ft XXL,1350442366
HR55AL4016,22 Ft XL,2345315178
HR45C2433,40 Ft DXL,3504217824
PB10HR1249,32 Ft XL,3811649588
NL01AF1093,32 Ft XL,90395567
MH04LE0079,32 Ft XL,976860774
RJ11GC2039,32 Ft XXL,2640346638
RJ11GC2617,32 Ft XXL,793419240
MH43BG2220,32 Ft XXL,1.37249E+18
MH04LE1904,20 Ft XL,1780542669
NL01AD8595,32 Ft XXL,3073606796
NL01AD7973,32 Ft XXL,2459640882
NL01AJ0997,34 Ft XL,452822025
TN16D9045,32 Ft XXL,1627850310
MH43BX4880,32 Ft XXL,1982357314
NL01AE6951,32 Ft XXL,1.27493E+18
TS07UE4351,32 Ft XXL,3829683448
HR58D8703,32 Ft XXL,1.27493E+18
TN52R6355,32 Ft XXL,1.37286E+18
HR55AM0208,22 Ft XL,1.27493E+18
HR38Z2779,32 Ft XL,1806953019
MH46AF1857,32 Ft XXL,929513233
TS15UF6657,32 Ft XXL Ft XXL,21598721
DD01U9892,32 Ft XL,1906887287
NL01AA8688,32 Ft XXL,1.27493E+18
NL01AE9581,32 Ft XL,1151558147
NL01AE1675,32 Ft XXL,1739459322
HR38AC8849,32 Ft XL,3908165514
TN70AS1041,20 Ft DXL,3699797569
NL01AG1410,32 Ft XL,2594083566
RJ14GR6395,32 Ft XL,956831550
HR55AM2621,32 Ft XL,586056444
TN52AD0580,32 Ft XXL,742215135
MH04LQ4360,32 Ft XL,1470923263
MH04HD7792,32 Ft XL,2526486597
RJ32GB6654,32 Ft XL,1540654414
HR38W1917,22 Ft XL,1202930013
RJ10GB3156,32 Ft XXL,3896264147
KA569065,32 Ft XXL,3785403625
DD01R9416,32 Ft XXL,1784565714
NL01AD2966,34 Ft XL,2994594257
MH46CL2702,32 Ft XXL,855402536
RJ14GN8392,32 Ft XL,3261373768
TN30CB7628,32 Ft XXL,1.27493E+18
NL01AE8614,32 Ft XXL,1.27493E+18
TN88AZ8044,32 Ft XXL,634067126
NL01AE8477,32 Ft XL,1.27493E+18
TN34MB1380,32 Ft XXL,3590451473
RJ02GC7521,32 Ft XXL,3202025075
GJ01ET2364,24 Ft XL,2870844706
RJ14GQ3396,32 Ft XXL,1026069066
NL01L6547,32 Ft XXXL,1.34396E+18
MH04LY0666,32 Ft XXL,4225747090
MH04LY6964,20 Ft XXL,1883232132
WB05A3328,32 Ft XXL,1080031028
TS07UG6877,32 Ft XXL,3829683448
HR55V0684,32 Ft XXL,3234395569
NL01AE7859,32 Ft XXL,1.27493E+18
MH46BM9626,20 Ft XL,159067077
TN87A0423,32 Ft XXL,1.31421E+18
TN36BS6203,32 Ft XXL,12546475
UP78FN8727,32 Ft XXL,3053775769
HR55AS1340,32 Ft XL,2710583951
TN39CH2542,20 Ft XL,3598520858
HR63E0906,22 Ft XL,3383706013
MH14LB3935,32 Ft XXL,2671813342
NL01AH6178,36 Ft XXXL,4255940877
TN88H8669,32 Ft XXL,1976321926
MH04LE5865,32 Ft XL,3946627381
KA01AM1522,20 Ft XL,4079357729
RJ11GB9131,32 Ft XXL,1463879186
KA01AK8641,20 Ft XL,1.28381E+18
TN52AC2559,32 Ft XXL,1355866713
TN52AA4866,32 Ft XXL,1.37286E+18
TN52AB3566,32 Ft XXL,1.37286E+18
MH05AM3430,20 Ft XL,1812459262
HR38V1920,32 Ft XL,2842289734
MH46CL8059,32 Ft XL,3823797128
NL01AD0301,32 Ft XL,3261373768
HR55AL2450,22 Ft XL,3556676147
HR61D5167,32 Ft XXL,46430971
TN15ME7040,32 Ft XXL,34333609
GJ06AZ4487,32 Ft XL,1882768089
RJ14GJ8243,32 Ft XL,1448998512
RJ11GB7912,32 Ft XXL,4271959797
HR47D3281,32 Ft XL,1691388213
HR55AK7826,32 Ft XL,3117739931
DD01J9180,32 Ft XXL,1.27493E+18
HR55AR8895,32 Ft XXL,1.29422E+18
HR55AT6196,32 Ft XL,3787560362
MH04KU5184,20 Ft XL,2882869930
NL01AG5915,32 Ft XXL,2524529930
MH44U2189,32 Ft XL,4136868482
NL01N7701,32 Ft XL,3296089010
RJ14GK6507,32 Ft XL,3615047490
NL01AE3733,32 Ft XXL,2037476600
TN16E7834,32 Ft XXL,3004704070
MH43BG3237,32 Ft XXL,1.37249E+18
HR55AK0548,22 Ft XL,818100544
NL01AE2356,32 Ft XL,1.27493E+18
TN18BL2658,20 Ft XL,723912061
RJ14GQ3658,32 Ft XXL,3310646587
RJ32GD1880,32 Ft XL,265122025
NL01AB2520,32 Ft XXL,1.28455E+18
HR38W8196,32 Ft XL,268471704
NL01AH4407,32 Ft XL,3155944960
KA02AG4167,32 Ft XXL,1894915495
MH46CU0291,20 Ft XL,3413902153
GJ12BZ2165,40 Ft DXL,3746909028
KA51AH9040,22 Ft XL,3299064985
TN39CM9658,32 Ft XXL,1271043962
MH04JU9448,32 Ft XL,3919548181
HR46F5611,24 Ft XXL,2757888850
PB13BN6279,32 Ft XXL,1.41783E+18
HR55AF9235,32 Ft XL,267942975
HR55AE0514,32 Ft XXL,1.34095E+18
TN52AB2893,32 Ft XL,1.32425E+18
UP78JN4672,20 Ft XL Ft XL,2069124165
RJ14GN1265,32 Ft XXL,3310646587
TN88U6306,32 Ft XL,1845246440
HR55AL0310,32 Ft XL,3117739931
TN12AY6454,32 Ft XL,2939676472
DD01Q9871,22 Ft XXL,1703106667
NL01AH8229,32 Ft XL,300477655
WB23E8929,32 Ft XXL,1602454663
HR55AM7602,32 Ft XXL,769874695
HR38AB6524,22 Ft XL,2715031614
MH04JK6153,22 Ft XL,2035740689
KA01AE6626,32 Ft XXL,1930959888
KA53D7276,20 Ft XL,1225539516
MH04LE8952,32 Ft XXL,2496854578
HR55AP1722,22 Ft XL,3383706013
MH46BU3641,20 Ft XL,1323381085
HR65A4203,40 Ft DXL,2818151988
TN58BA1310,20 Ft XL,3573613894
MH04LE2866,32 Ft XXL,66625116
MH43BP3203,32 Ft XXL,1.37249E+18
RJ32GC0595,32 Ft XXL,465412840
MH04LE1968,14 Ft XL,1996647552
MH12UM9639,32 Ft XXL,4240028878
HR47E3610,32 Ft XL,2746782088
TN55CR2378,32 Ft XXL,2805235997
HR55AP9570,22 Ft XL,947973694
HR38AA5617,32 Ft XL,1995526937
NL01AG5228,32 Ft XL,3914731708
MH43BX3828,20 Ft XL,2126873029
HR66B8373,32 Ft XXL,3313215624
GJ15AT7774,32 Ft XL,2428199260
MH04JK9724,20 Ft XL,3254655880
RJ10GB5848,32 Ft XL,1773597366
MH04JK2694,32 Ft XL,1763251974
UP35AT9275,20 Ft XL,548066073
NL01N7478,32 Ft XXL,1355641096
TN36BV6231,32 Ft XXL,1701426074
TN88U7659,32 Ft XXL,2553133944
DN09S9016,32 Ft XL,2000176526
TN61Z8671,20 Ft XL,3373625613
HR61C5942,20 Ft XL,3387547965
NL01AE5563,32 Ft XL,1763251974
MH04JU6277,20 Ft XL,1791364903
NL01AG3493,32 Ft XL,2594083566
DL1MB0619,22 Ft XL,2352695499
WB11F4757,20 Ft XL,2296239721
HR55AK7040,32 Ft XXL,1.27493E+18
TS08UB0976,32 Ft XXL Ft XXL,3829683448
KA52B4966,22 Ft XL,679759812
KA51AK4838,32 Ft XXL,3174575295
HR38AG7927,32 Ft XL,3908165514
HR55X7777,32 Ft XXL,1788205992
RJ14GR0898,32 Ft XXL,4121746547
MH14KA0057,32 Ft XL,1.27493E+18
RJ11GC5591,32 Ft XXL,4192907165
HR61D1058,32 Ft XXL,2746782088
NL01AG1818,32 Ft XL,2482692038
MH12LT5707,32 Ft XL,2794462599
TN13H1185,20 Ft XL,3848490174
HR55AM1494,32 Ft XXL,1.27493E+18
MH46CL7311,32 Ft XXL,3596259537
TN88AZ0239,32 Ft XXL,895407433
WB05A4163,32 Ft XL,1080031028
MH40BG9038,32 Ft XXL,211013498
TN18BE7333,20 Ft XL,1979615900
MH43CE4889,32 Ft XXL,1.27493E+18
MH04KU4311,32 Ft XXXL,405100793
HR61E2495,34 Ft XL,2815071987
KA04AC9972,20 Ft XL,1588812120
RJ32GC9070,32 Ft XXL,671494097
HR739641,32 Ft XL,3477507933
MH04JK2693,32 Ft XL,1763251974
MP07GA6055,32 Ft XL,1948467592
RJ14GK6052,32 Ft XL,1.27493E+18
RJ14GN7751,32 Ft XXL,3509917328
HR55AB2647,32 Ft XL,1149351257
TN28AP6935,20 Ft XL,3446180446
UP32NN9091,22 Ft XL,1933894296
HR55AN3663,22 Ft XL,3240907532
KA51AH4092,20 Ft XL,2192548172
WB11C8679,32 Ft XL,2708604014
KA01AP7040,32 Ft XXL,887484252
MH04LY0856,32 Ft XXL,973970333
TN12AR1120,32 Ft XXL,533208363
BR03GB6838,32 Ft XXL,2158874376
NL01AF0439,32 Ft XXL,1.27493E+18
TN31BK5626,20 Ft XL,1908930337
NL01AA3675,32 Ft XXL,1.27493E+18
MH04KU4365,32 Ft XL,573747521
RJ32GC2404,32 Ft XXL,2492852780
TN28BK4617,32 Ft XXL,3821008100
RJ14GK1382,32 Ft XXL,2733485050
MH04KU2606,20 Ft XL,3107689210
MH46AR3228,32 Ft XXL,2310542498
MH46BF9837,32 Ft XL,1375808288
UK06CA9612,32 Ft XXL,1900996983
TG07T5698,32 Ft XXL Ft XXL,379973658
WB11D3060,32 Ft XXL,1327564229
HR55AK3781,32 Ft XXL,1.27493E+18
HR55AT6269,32 Ft XL,1073628303
RJ14GQ1864,32 Ft XL,1.27493E+18
KA53AB0518,32 Ft XL,527186420
KA52B6234,32 Ft XXL,2966058994
TN39DX5203,32 Ft XL,3946541699
HR58C6622,22 Ft XL,653551240
HR55W2911,32 Ft XL,3672102456
MH04JK1042,32 Ft XXL,1753998507
KA568854,32 Ft XXL,3044032330
MH04LQ9509,20 Ft XL,2439808669
MH46CL7814,32 Ft XXL,2160159070
BR02GA7903,26 Ft DXL,3504217824
MH48T8091,32 Ft XL,4045897604
MH04JK2805,32 Ft XL,1763251974
HR55AA8492,32 Ft XL,660306089
HR47E7685,32 Ft XXL,858282445
HR38AF8874,20 Ft XL,4097777150
HR61D7125,20 Ft XL,2879369852
HR38Z3507,34 Ft XL,2929007958
HR55AN5802,22 Ft XL,1732868091
MH20GC3671,34 Ft XL,4172357237
MH43BP0952,32 Ft XXL,3944964191
KA51AJ2945,32 Ft XL,1654145397
NL01N2549,32 Ft XXL,1168052891
HR46E9775,32 Ft XL,3888426839
GJ12BZ6462,40 Ft DXL,1901596476
MH46H6179,36 Ft XXXL,1190561432
HR38AC5057,34 Ft XXL,2754522533
KA52A7985,20 Ft XL,773382346
NL01AJ0264,32 Ft XL,2914938575
HR55AR9235,32 Ft XXL,267942975
KA52C3813,22 Ft XL,679759812
PB13BB0283,32 Ft XL,1795786993
HR55AL8404,32 Ft XL,234476758
HR55AR3938,32 Ft XL,2283783132
DL1MA2528,20 Ft XL,4005802236
TN39BM7979,24 Ft XXL,2715396251
HR55AE1871,32 Ft XXL,2715223503
RJ10GB8280,32 Ft XXL,2001354312
HR55W0330,32 Ft XL,3187139634
KA52A6049,20 Ft XL,773382346
MH20GC8301,32 Ft XL,1575234037
GJ27TD5001,32 Ft XXL,934518116
HR840288,32 Ft XL,718481859
HR63E9581,32 Ft XL,4264754060
KA50B6692,32 Ft XXL,1.41743E+18
HR55AA5493,32 Ft XXL,365818776
HR55AL2525,22 Ft XL,3693967299
HR74B3792,32 Ft XXL,1316849815
TN34AJ8937,32 Ft XXL,3343181981
MH40CD5199,32 Ft XXL,3010996311
TN58BW2774,20 Ft XL,670006115
TN88U9879,32 Ft XXL,2025084309
RJ14GQ2082,32 Ft XL,1.27493E+18
RJ14GR2356,32 Ft XL,2524549193
TN88X6203,32 Ft XXL,3218136328
RJ32GD8598,32 Ft XXL,1813276820
MH04KF8860,32 Ft XXL,2984689483
AS01SC5439,32 Ft XXL,4153976699
DL1MA7136,22 Ft XL,34414982
HR38AB8795,22 Ft XL,3783916681
HR55AQ2638,32 Ft XL,3005972218
UK08CB3129,32 Ft XL,1200752148
TN88H9738,32 Ft XXL,1539983844
TN37CS1720,22 Ft XL,1.27493E+18
AS01NC3415,32 Ft XXL,1168052891
HR38AB2010,32 Ft XL,744933130
HR55AA5036,32 Ft XXL,2311999290
GJ23AT6090,32 Ft XXL,3118177014
TN85R0499,20 Ft XL,25619010
GJ01LT7786,32 Ft XL,351731271
RJ22GB4528,32 Ft XXL,585859427
KA01AJ6174,32 Ft XL,3473183693
MH46AR4571,32 Ft XXL,3154981282
NL01AE1614,34 Ft XL,611100283
MH14KQ8869,32 Ft XL,2467758476
DL1MA1680,20 Ft XL,4005802236
MH14HU6211,24 Ft XXL,508365964
HR45C3400,32 Ft XXL,2523575791
WB11F7557,22 Ft XL,2296239721
TN88J0799,32 Ft XXL,390910588
RJ11GC6294,32 Ft XXL,2358251102
GJ03BZ3146,32 Ft XL,2967857427
HR55AL6725,32 Ft XL,3000670204
TN34AH3188,32 Ft XXL,3579763307
TN56Q9877,32 Ft XL,1579908675
HR55AS3748,22 Ft XL,1744554132
HR47F5380,32 Ft XL,4004548899
HR55AK9275,32 Ft XL,2786914631
RJ02GB7861,32 Ft XL,3281459334
NL01AF3977,32 Ft XL,1708392131
TN05CB6462,20 Ft XL,2056925208
HR47E0661,22 Ft XL,4108629306
WB19H3959,22 Ft XL,184828842
TN52AA2188,32 Ft XXL,1.27493E+18
RJ14GN1270,32 Ft XXL,3310646587
BR06GF5743,32 Ft XXL,3958546253
HR55AF1878,32 Ft XL,3866511109
DL1MB1102,20 Ft XL,1635255160
PB05AP4936,34 Ft XL,512034430
NL01AH1700,32 Ft XL,3104138433
MH46CL3499,32 Ft XL,662067935
HR55AS0268,32 Ft XL,2211193487
TN30CB9878,32 Ft XXL,3592864251
TN48BE1226,20 Ft XL,3234226401
HR38AC2284,34 Ft XL,1017497294
MH12RN4403,20 Ft XL,2670583197
MH04KU6340,32 Ft XXL,840650496
NL01AB7791,40 Ft DXL,3106825274
TN37DR7611,32 Ft XL Ft XL,1.27493E+18
HR38AH2206,20 Ft XL,1974847618
TN34AH1960,32 Ft XXL,2463131370
MH44U9133,32 Ft XXL,4138829353
RJ52GA4950,32 Ft XXL,4005448948
KA51D6373,32 Ft XXL,2451833745
MH43BX4308,22 Ft XL,2126873029
HR38U6150,34 Ft XL,2399895960
MH01DR3770,32 Ft XL,2526486597
GJ12BW6710,40 Ft DXL,1608917745
TN34MB1509,32 Ft XXL,3590451473
KA567258,32 Ft XXL,952918089
TN04BA4699,32 Ft XXL,882102816
MH43BX6634,32 Ft XXL,847336365
HR55AR2259,22 Ft XL,307838769
KA22C5378,20 Ft XL,499699852
RJ14GN8393,32 Ft XL,3261373768
MH46CL9450,34 Ft XL,1261369310
HR55AJ7777,32 Ft XXL,267942975
HR58C2694,32 Ft XL,3274342187
RJ14GP5649,32 Ft XL,2288705459
HR55AL4684,32 Ft XXL,1.27493E+18
WB05B2715,32 Ft XXL,1080031028
RJ32GC7137,32 Ft XL,4168537585
NL01AG1616,32 Ft XXL,1038921782
MH04LE5521,20 Ft XL,512273322
HR55AK7301,32 Ft XL,2023278004
NL01Q4056,32 Ft XL,1.27493E+18
TN30BF5122,32 Ft XXL,3644340782
HR46F9157,40 Ft DXL,3019710666
TN52L7384,32 Ft XXXL,1271043962
HR55AA2535,32 Ft XL,671494097
TS07UG6881,32 Ft XXL,3829683448
NL01AH3196,22 Ft XL,2160745227
RJ14GN2416,32 Ft XL,3261373768
HR38AC6319,24 Ft XXL,1192966067
NL01AH9344,32 Ft XXL,2638422073
NL01AF1765,32 Ft XXL,3796565763
TN34AY1088,24 Ft DXL,722363753
MH04KU6342,32 Ft XXL,840650496
TN52J1848,32 Ft XXL,1.37286E+18
NL01AG1872,32 Ft XL,1038921782
HR55AC3863,32 Ft XXL,881402851
NL01AF3069,32 Ft XXL,2459640882
UK06CA9780,32 Ft XL,818677177
RJ14GQ8557,32 Ft XL Ft XL,1509098029
TN36BT2369,32 Ft XXL,730313617
PB05AP2124,34 Ft XL,512034430
RJ14GQ6567,32 Ft XXL,2867161930
GJ06BT5528,32 Ft XL,104156937
KA52B8767,22 Ft XL,679759812
JH12E6684,32 Ft XL Ft XL,1145055287
TN42AH2490,22 Ft XL,3748473302
MH04KF2919,20 Ft XL,3473868831
KA568231,32 Ft XXL,2704721075
AS01NC4961,32 Ft XXL,1168052891
MH43BP3414,32 Ft XXL,1.37249E+18
HR55AC9187,32 Ft XL,2219265497
MH05DK2599,32 Ft XXL,2545436316
KA06AB8761,20 Ft XL,272347843
HR38X0145,32 Ft XL,2524549193
RJ14GQ9841,32 Ft XL,10651475
HR55AF6571,32 Ft XL,267942975
MH04KU5286,32 Ft XL,1675607123
NL01AE4400,32 Ft XXL,2671813342
NL01AF8863,32 Ft XL,4225203505
UP82AT8144,32 Ft XL,1098481868
KA51AK3197,32 Ft XXL,154705261
GJ01DZ5766,32 Ft XL,785393395
KA51AH1969,32 Ft XXL,1.29971E+18
MH43CE4144,20 Ft XL,2126873029
MH04LY0628,32 Ft XL,573747521
GJ01HT1805,32 Ft XXL,133396775
MH14HG4644,32 Ft XL,1.27493E+18
RJ32GD3532,32 Ft XL,22864725
HR55AB9631,32 Ft XL,267942975
NL01AE6952,32 Ft XXL,1.27493E+18
TN52AD2290,32 Ft XXL,2087687405
RJ11GC3489,32 Ft XXL,4137205152
HR739451,34 Ft XL,2205679433
HR55AH6398,32 Ft XXL,1.27493E+18
KA09AA0569,32 Ft XXL,1.29034E+18
TG07T3891,22 Ft XL Ft XL,3310220462
RJ11GC4098,32 Ft XL,148704376
HR66A7307,32 Ft XXL,823897004
NL01L6033,32 Ft XXL,1111699978
GJ27TD8499,20 Ft XL,752912893
KA22C6767,20 Ft XL,837901335
MH12TV8541,20 Ft XL,1474416338
KA01AJ3439,32 Ft XL,727275022
NL01AE0234,32 Ft XXL,1.27493E+18
HR61E3004,22 Ft XL,147476654
NL01AF2179,32 Ft XL,1763251974
DD01Q9230,32 Ft XXL,1784565714
RJ06GC2998,32 Ft XL,1813276820
MH04LE0703,32 Ft XL,2984689483
NL01Q7413,32 Ft XL,1.27493E+18
TN88H7752,32 Ft XXL,532262418
HR55AR5767,22 Ft XL,3654861895
TS07UG0436,32 Ft XXL,3706224517
HR39F7487,22 Ft XL,423339517
TS12UD9277,20 Ft XL,1168018396
MH04LY3836,22 Ft XL,547525069
RJ14GP4646,32 Ft XL,299189946
HR55AA1146,32 Ft XL,660306089
NL02Q3668,32 Ft XL,1.27493E+18
TN72CB5865,24 Ft XL,1102788302
GJ12CT0043,36 Ft XXXL,3106825274
HR47F4056,20 Ft XL,4186992177
TN34MB3790,32 Ft XXL Ft XXL,2849360421
TN12AU7108,20 Ft XL,3713352150
MH43CE0765,32 Ft XL,2126873029
HR65A2183,32 Ft XXL,834023770
NL01AF7035,32 Ft XL,3796565763
RJ14GP5643,32 Ft XL,2288705459
HR55AM2179,32 Ft XXL,1.27493E+18
DL1GC5437,32 Ft XXL,1674182614
HR55Y9714,32 Ft XXL,1.27493E+18
TN39DY1543,32 Ft XXL,3795468966
HR47D4571,32 Ft XXL,858282445
HR38U3432,32 Ft XL,1619570613
KA566294,32 Ft XXL,2945058368
HR38AC9330,20 Ft XL,3184645578
MP09GH5092,32 Ft XL,667083889
HR38Z9978,34 Ft XL,2842289734
NL01AJ3152,32 Ft XXL,2661028326
HR55AM2871,22 Ft XL,3160752292
RJ11GB3481,32 Ft XXL,4214750212
HR47G7093,22 Ft XL,1804682592
KA02AJ2030,22 Ft XL,3243562485
TN36BV0387,32 Ft XXL,12546475
MH01DR2220,32 Ft XL,2526486597
TN39CY2136,32 Ft XL,1962202976
RJ32GB7377,32 Ft XXL,3425893686
MH12HD6106,32 Ft XXL,2456361473
HR47F4897,32 Ft XL,3233453383
UP53GT0864,32 Ft XL,3914731708
MH46BU0370,20 Ft XL,2321627227
NL01AD2192,20 Ft XL,2553056249
HR38V2878,32 Ft XL,2647333561
MH43BX0927,32 Ft XXL,1.37249E+18
HR55AL0221,32 Ft XL,586056444
HR55AL8140,22 Ft DXL,3990027585
HR55AS2649,22 Ft XL,439754354
HR55AM9130,20 Ft XL,3000356243
GJ06BT9344,20 Ft XL,2707834763
HP12P8381,19 Ft DXL,3285513361
HR55AQ9873,32 Ft XL,2710583951
RJ14GP0527,32 Ft XXL,3509917328
TN52R6924,32 Ft XXL,1.32425E+18
MH04KU5545,32 Ft XL,4095825611
HR61E0750,32 Ft XL,2815071987
TN33BM6258,22 Ft XL,152803758
MH04JK1241,32 Ft XXL,1.37247E+18
GJ27TD4861,32 Ft XXL,3858824810
MH04KF8533,20 Ft XL,3456233110
TS07UN4007,32 Ft XXL Ft XXL,3829683448
HR55AR1565,32 Ft XXL,1.27493E+18
HR55AP5611,32 Ft XL,2733533833
RJ32GD0795,32 Ft XL,356233306
RJ14GN3009,32 Ft XL,2783829460
MH46CL3797,32 Ft XXL,2793079243
TN39DB8689,22 Ft XL,4067552050
NL01AD8843,32 Ft XXL,1.27493E+18
TS08UF6398,32 Ft XXL,3176493173
HR55AR2193,32 Ft XXL,2148477730
NL01AJ0707,34 Ft XL,17667683
MH43CE0537,20 Ft XL,2126873029
HR55AL6164,32 Ft XL,3509917328
TN88H1249,32 Ft XL,1.3945E+18
UP82T8784,32 Ft XL,1098481868
TN05CJ2911,22 Ft XL,925634741
MH14LB8043,32 Ft XL,1.27493E+18
NL01AG1144,34 Ft XXXL,2059618537
HR55W8705,32 Ft XL,3672102456
TN01BM6397,20 Ft XL,386041130
NL01AH9346,32 Ft XXL,2638422073
UP78DT9727,32 Ft XXL,3053775769
NL01AD5323,32 Ft XL,3117739931
RJ14GQ5825,32 Ft XXL,1320756281
MH15FV1213,32 Ft XXL,3508822365
HR55AK3331,32 Ft XXL,3648094054
NL01AC3980,32 Ft XL,1.31558E+18
HR38Z7556,32 Ft XL,4006088036
UP21CN5902,32 Ft XL,3284928148
TS09UE3390,32 Ft XL Ft XL,1888282069
HR38AE0515,34 Ft XL,2858977521
HR38AF3835,32 Ft XL,2955837696
RJ14GR2509,32 Ft XL,1142481406
HR55AN7594,32 Ft XL,1.29422E+18
KA16AA3682,20 Ft XL,4057305383
KA52C3812,22 Ft XL,3993520811
MH43Y8230,32 Ft XXL,1369456230
BR06GE5285,32 Ft XL,1675607123
TN88L0167,32 Ft XXL,1027517210
NL01AF1838,32 Ft XXL,3194110022
TN88J3598,32 Ft XXXL,13599718
GJ39T2113,36 Ft XXXL,1649101344
GJ09AV7227,32 Ft XXXL,3840563206
MH46BU3106,32 Ft XXL,2793079243
RJ32GC3062,32 Ft XL,3449106549
MH04LY9917,32 Ft XL,2248536119
WB11F7774,20 Ft XL,3021312461
UP78JT6827,32 Ft XXL,3053775769
TN37DA8704,22 Ft XL,1.27493E+18
NL01Q0247,32 Ft XXL,3010966150
RJ14GJ4521,25 Ft DXL,3973019497
NL01AD6094,32 Ft XXL,159210763
AP39UP9555,20 Ft XL,3188943934
TN30CX9988,32 Ft XXL,2636212601
RJ26GA2160,40 Ft DXL,2376090823
NL01AG2649,36 Ft XXXL,2059618537
MP09HJ6877,32 Ft XXL,38899090
MH04GR4479,32 Ft XXL,2404229792
MH46BU9434,20 Ft XL,2652225535
MH04KU4006,32 Ft XL,573747521
MH04KU9554,20 Ft XL,1698500823
UP13AT3232,32 Ft XL,1310073092
UP53GT2693,32 Ft XL,807951713
HR38AA0741,32 Ft XL,1995526937
DD01R9343,32 Ft XXL,1784565714
HR55AK6156,24 Ft XL,20079860
MH43BX5795,32 Ft XXL,508628337
UP78DN8246,32 Ft XL,2523047837
HR67B8875,32 Ft XXL,1761454400
RJ09GD9971,30 Ft XXL,3310019958
HR55AC6713,32 Ft XL,3811649588
RJ47GA3534,40 Ft DXL,4255940877
MH04JU5507,32 Ft XXL,1.37247E+18
JH12Q1593,32 Ft XL,4239663740
MH04JK7769,32 Ft XL,1763251974
RJ47GA5949,40 Ft DXL,3023042143
NL01AE0228,32 Ft XXL,1.27493E+18
WB05A2148,32 Ft XL,1080031028
GJ01KT3069,32 Ft XXL,3805031758
KA01AR1924,32 Ft XL,188384278
GJ12AZ9289,32 Ft XXXL,3192066426
MH44AE4449,32 Ft XL,426240194
UP13DT1657,32 Ft XL,761325456
RJ14GN4567,32 Ft XXL,3497881716
RJ11GD1369,32 Ft XXL,1583587267
HR38AH6761,22 Ft XL,3273837063
DL1MA9072,22 Ft XL,363437096
TN88U9477,32 Ft XXL Ft XXL,597043359
NL01AH8733,34 Ft XL,17667683
MH46BF1962,32 Ft XXL,3575041082
NL01AD0953,22 Ft XL,3731347356
RJ11GB3213,32 Ft XXL,3788447167
HR39F9107,32 Ft XL,4286141739
TN12J0664,32 Ft XXL,1.36556E+18
RJ09GE0879,32 Ft XXL,1183707012
NL01Q1238,32 Ft XXL,1473552572
HR55AM6535,22 Ft XL,2124614750
DD01K9484,32 Ft XL,23061505
MP41ZH6750,32 Ft XL,3537358630
NL01AA7084,34 Ft XL,291465903
HR55AQ0659,22 Ft XXL,3151132714
NL01AC4623,34 Ft XL,955834925
HR55AF8577,32 Ft XXL,3648094054
HR55AT1211,32 Ft XL,3234395569
RJ32GC6686,32 Ft XL,265122025
RJ11GC3546,32 Ft XXL,1613765122
PB10HT6589,34 Ft XL,3811649588
UP82BT0322,32 Ft XL,1098481868
HR47E7719,22 Ft XL,1607198032
TS07UP2059,32 Ft XXL,2904170378
KA51AK3203,32 Ft XXL,154705261
NL01AE7229,32 Ft XXL,1.27493E+18
TS12UD4531,32 Ft XXL,1056478736
UP78CT7121,32 Ft XL,1.27493E+18
TN28BK5128,32 Ft XXL,1143532529
RJ14GL3001,32 Ft XXL,21951928
HR55AK4536,22 Ft XL,3000356243
HR55AV3724,32 Ft XL,3951664672
HR61E6471,22 Ft XL,2811656503
KA51B6627,32 Ft XL,4224017268
WB23F5230,32 Ft XXL,1602454663
HR840257,32 Ft XL,840420126
HR47C1844,20 Ft XL,2569825664
RJ14GK7135,32 Ft XXL,2783829460
HR47C8943,32 Ft XL,1.27493E+18
RJ11GB9726,32 Ft XXL,1.33805E+18
MH14HG5111,24 Ft XL,508365964
HR73B1415,32 Ft XL,3898848589
WB11G0357,22 Ft XL,2296239721
HR38Z0168,32 Ft XXL,2992939102
TN01BR2949,32 Ft XXL,386041130
TN88U7229,32 Ft XXL,915329855
GJ06BT5369,32 Ft XL,104156937
UP75AT3955,32 Ft XL,374645929
KA51AG5448,20 Ft XL,246389642
RJ47GA6357,40 Ft DXL,4255940877
HR55AF0011,20 Ft XL,2396270916
HR55AG0438,32 Ft XXL,1.27493E+18
HR55AN5098,20 Ft XL,2745718270
TN52AC4233,32 Ft XXL,1.37286E+18
HR657553,22 Ft XXL,1668670859
RJ52GA5816,32 Ft XXL,4005448948
TN88J0618,32 Ft XXL,611573202
MH04JU8343,32 Ft XL,242377121
NL01AD8881,32 Ft XL,345758997
NL01AG1613,32 Ft XXL,1038921782
DL1MA9279,22 Ft XL,3932570966
NL01AG5232,34 Ft XL,2903670965
PB13AW1273,32 Ft XXL,2322689137
MH04KF4014,32 Ft XL,2564900610
TN73AJ4380,22 Ft XL,400278408
KA51D8074,32 Ft XXL,2451833745
HR63F2971,32 Ft XL,1164729439
UP16HT4910,32 Ft XXL,1168052891
PB65AN2088,26 Ft DXL,3504217824
HR39F3157,22 Ft XL,4114635522
TN34MB8177,32 Ft XXL,1061559051
NL02Q9761,32 Ft XXL,690336119
TN28BJ8290,32 Ft XL,1.3391E+18
HR38AC9703,22 Ft XL,2128462718
MH14LB2426,32 Ft XXL,2671813342
MH25F2179,24 Ft DXL,3954209148
TN77E3205,32 Ft XXL,2061117023
MH46CU1499,22 Ft XL,2652225535
MH12VT7951,32 Ft XL,350259233
MH04HD9294,20 Ft XL,1259620876
MH04KU3931,32 Ft XL,3958501448
DL1MA7193,20 Ft XL,3406955461
HR55V7385,32 Ft XL,1.27493E+18
GJ01JT9095,32 Ft XXL,847267180
RJ32GC8093,32 Ft XL,3262989961
HR38AB4689,32 Ft XL,3046325943
HR55AK7607,22 Ft XL,941842947
KA52A7396,20 Ft XL,4073855691
HR840179,32 Ft XXL,4122073968
HR38AF4448,34 Ft XL,3908165514
RJ11GC0880,32 Ft XXL,3252247496
NL01N3043,32 Ft XL,2861709397
MH12TV8865,32 Ft XXL,1407618984
MH46CL2205,32 Ft XXXL,1598732330
HR55AE5519,32 Ft XXL,1.34095E+18
TN52AD1737,32 Ft XXL,2087687405
HR55AK0458,22 Ft XL,3787915751
DD01K9221,32 Ft XL,2018433241
PB65BC0861,26 Ft DXL,3504217824
MH04LY5394,22 Ft XL,3809055012
NL01AB2496,32 Ft XL,532087025
HR55AK1487,32 Ft XL,3449870564
TN25CH0738,32 Ft XXL,3721190428
HR55AN5987,32 Ft XL,3117739931
HR47G5801,32 Ft XL,837567749
RJ14GL8354,25 Ft DXL,1912589015
HR55AG2314,32 Ft XXL,1.27493E+18
RJ25GA5009,32 Ft XXL,663241981
RJ47GA1964,40 Ft DXL,4255940877
HR55AN8186,32 Ft XL,1.27493E+18
MH04LY3178,20 Ft XL,1697190428
HR46E0580,32 Ft XL,3888426839
HR39F4391,32 Ft XL,579953003
NL01AE6946,32 Ft XXL,1.27493E+18
NL01AG5193,32 Ft XL,3914731708
HR55AL2988,22 Ft XL,3556676147
MP04HE5214,32 Ft XXL,1.35684E+18
MH04LQ2041,32 Ft XL,1323381085
DD01R9415,32 Ft XL,697445373
TN39CT9916,32 Ft XL,173607023
DL1GC9635,22 Ft DXL,344527582
NL01N2773,32 Ft XXL,1168052891
HR55AJ7508,22 Ft XL,2596039234
MH04LE6140,32 Ft XL,1647748010
RJ11GB9588,32 Ft XXL,3494373040
RJ11GB4676,32 Ft XXL,3080242868
HR69C0466,32 Ft XL,475727232
UP21DT1306,32 Ft XL,1032874946
MH04JK0568,32 Ft XL,2407505610
RJ32GC3204,32 Ft XXL,1185687987
NL01AF3454,32 Ft XXL,3944964191
NL01N1841,32 Ft XXL,1.27493E+18
NL01AE6923,32 Ft XXL,1.27493E+18
HR38AA1419,32 Ft XL,3509917328
NL01AB9972,32 Ft XL,3769288587
HR38AF8508,32 Ft XL,876196564
MH46AR9541,32 Ft XXL,2984689483
HR55AL7746,32 Ft XXL,2746782088
TN88E0526,32 Ft XL,3888295862
MH44U2185,32 Ft XL,3717669813
HR68B2839,32 Ft XXL,2838899538
HR55AK3683,32 Ft XL,2463724394
HR55AK5406,32 Ft XXL,1.27493E+18
MH46CL0191,32 Ft XXL,3944964191
HR74A8831,20 Ft XL,1126392565
MH48CQ5583,20 Ft XL,2709739130
HR61E8755,22 Ft XL,3565592494
HR39D2201,32 Ft XL,1.27493E+18
TN39CL1499,14 Ft XL,1821256662
HR55AE4114,22 Ft XL,1.27493E+18
TN04BA5499,32 Ft XXL,882102816
KA01AQ0952,32 Ft XXL,1.32425E+18
HR55AL8861,32 Ft XXL,817831524
RJ09GE0399,32 Ft XL,3406521793
RJ18GC9977,32 Ft XXL,2586781197
RJ11GB7950,32 Ft XXL,372403181
MH46BF8106,32 Ft XL,815104678
HR38AG4063,32 Ft XL,2987626821
UP32KN0937,32 Ft XL,2523047837
NL01AE7561,32 Ft XL,945113600
RJ14GR0915,32 Ft XXL,2148477730
RJ32GC9117,34 Ft XXL,826261488
HR38AB6732,32 Ft XXL,1.30614E+18
HR55Y0428,32 Ft XXL,3648094054
RJ11GB7334,30 Ft DXL,2115237033
KA51AH7212,32 Ft XXL,1.29971E+18
NL01AF4239,32 Ft XL,1708392131
DL1MA4001,20 Ft XL,1843032663
RJ32GD5815,32 Ft XL,1064324287
HR55AD9818,32 Ft XL,3778460613
TN12AW5637,32 Ft XL,1335329653
TN02BV6714,22 Ft XL,1.29308E+18
HR47F1663,32 Ft XL,21846615
NL01AH0287,22 Ft XL,893409506
BR24GB0799,26 Ft DXL,3504217824
HP12H9570,32 Ft XXL,2132726553
HR74B1987,32 Ft XL,1060274607
HR74B6167,32 Ft XL,1921398566
TN18BK7363,22 Ft XL,2188603636
HR46F9325,32 Ft XL,2757888850
HR55AC3327,32 Ft XL,149166325
HR61D7616,32 Ft XL,1.27493E+18
HR38AC8950,34 Ft XL,2842289734
KA567968,32 Ft XXL,152244778
UP21BN0530,32 Ft XL,1.34209E+18
MH04JU4248,32 Ft XL,1496954475
HR55AM8122,32 Ft XL,1.27493E+18
MH04JK9322,32 Ft XL,2627105505
UP74T2891,34 Ft XL,2399895960
MH04LE6138,32 Ft XL,1647748010
HR55S7453,32 Ft XL,3066126867
HR55AC8211,20 Ft XL,2041405395
MH05DK1203,32 Ft XXL,3957299046
HR55AH4786,32 Ft XXL,1.27493E+18
MH43BX0681,32 Ft XXL,1.37249E+18
HR38W0379,32 Ft XL,268471704
UP21DT0903,30 Ft DXL,2261330358
TN39CB8831,22 Ft XL,4067552050
MH46BU4884,32 Ft XXL,2160159070
RJ14GN2128,32 Ft XL,1.27493E+18
NL01AB7232,32 Ft XL,3904425606
MP09HH1875,32 Ft XXL,1.27493E+18
MH46BM9097,32 Ft XL,1847180982
HR61C5489,20 Ft XL,1.27493E+18
HR55AK4300,32 Ft XXL,3234395569
HR63F3215,32 Ft XL,1164729439
HR55AL4780,22 Ft XL,3556676147
UP53GT5795,32 Ft XL,3914731708
GJ11TT9709,30 Ft DXL,2967857427
MH04JK7842,20 Ft XL,3226890220
MH43BX8766,20 Ft XL,1362167283
UP21BN3392,32 Ft XL,2987626821
HR66B2911,20 Ft XL,2041405395
HR74B2599,32 Ft XXL,1339074655
UP72BT3808,20 Ft DXL,3666291754
UP21BN3588,32 Ft XL,748753063
RJ14GK8512,32 Ft XL,3538838358
KA01AM1384,32 Ft XXL,1.28381E+18
TN36AK5830,22 Ft XL,4104915327
TN52J7909,32 Ft XXL,1.37286E+18
HR38U2656,34 Ft XL,1.27493E+18
MH31FC6224,32 Ft XL,2322831403
MH12UM9609,32 Ft XL,3720707301
HR55AP7314,32 Ft XL,300910040
HR38AD3545,32 Ft XL,879331787
NL01AF3833,32 Ft XL,1846055503
HR74B5805,32 Ft XL,3539340713
HR66B2854,32 Ft XL,660306089
NL01N4823,32 Ft XXL,1.27493E+18
DL1MA7661,20 Ft XL,1210935453
NL01AE6937,32 Ft XXL,1.27493E+18
TN03X3030,32 Ft XXL,1579965946
MH43BX0673,32 Ft XXL,1.37249E+18
RJ14GK3296,32 Ft XXL,1.29422E+18
MH14FT1654,34 Ft XXL,4100923775
TN52J7270,32 Ft XXL,1.37286E+18
RJ32GC0814,32 Ft XXL,1.27493E+18
HR61D3121,32 Ft XL,3021314891
HR38X7030,32 Ft XL,3295829958
KA53AB7444,32 Ft XL,527186420
MH04JU1100,32 Ft XXL,2984689483
HR55X0946,32 Ft XXL,680015610
MH14JP7699,32 Ft XL,589546240
MH04LE0187,20 Ft XL,1140651377
TN32AD7549,22 Ft XXL,1686184108
HR56B0887,22 Ft XL,2647333561
MH43BX0675,32 Ft XXL,1.37249E+18
NL01AF0014,32 Ft XXL,1.27493E+18
DL1MA8139,22 Ft DXL,247195055
GJ01KT7313,32 Ft XXL,709999871
DL1MA9117,22 Ft XL,1210935453
RJ32GD4186,32 Ft XL,1993271565
RJ27GB9462,32 Ft XXL,2979921946
KA01AM1023,32 Ft XXL,2914072536
HR55AN2944,22 Ft XL,2157329828
TN32AF3988,32 Ft XXL,713766757
NL01AF8720,32 Ft XXL,1622177116
TN39DC2140,22 Ft XL,4188811001
MH24BW8989,32 Ft XXL,1463977881
MH04HS0697,32 Ft XXL,3561104148
GJ15AT4205,32 Ft XL,2528562225
DL1MA9409,20 Ft XL,3080240032
MH04HD8536,20 Ft XL,1542855253
HR55AL9979,32 Ft XXL,1.27493E+18
HR55AB2972,32 Ft XXL,1.27493E+18
NL01AF7724,30 Ft DXL,1650955566
HR55AR9535,24 Ft XL,20079860
MH04KU3796,20 Ft XL Ft XL,1351396032
HR47C9939,32 Ft XXL,1.27493E+18
HR55AA5323,32 Ft XL,1.36953E+18
HR841386,22 Ft XL,3694995851
HR55AH9982,32 Ft XXL,1.27493E+18
HR55AF7615,32 Ft XL,1234471197
HR38AB8292,34 Ft XL,3117296538
TN52AA0333,32 Ft XXL,1.37286E+18
TN30CB5863,32 Ft XXL,3592864251
GJ01ET3091,32 Ft XXL,3187139634
UP16HT6483,32 Ft XL,2034456388
RJ14GP3396,32 Ft XXXL,2492278967
NL01AF9399,32 Ft XXL,2671813342
HR38Z1350,22 Ft XL,3296089010
UK06CA9871,34 Ft XXL,945597649
NL01AG5761,32 Ft XL,611100283
TN34MB1585,32 Ft XXL,3590451473
GJ12BZ5663,32 Ft XXXL,1649101344
HR55AP6505,30 Ft XL,1359662681
RJ32GC9371,32 Ft XL,112136239
UP21CN7423,32 Ft XXL,1115169021
TN45BH0212,32 Ft XXL,2947631358
MH40CT4316,32 Ft XXL,761325456
HR38AE4591,34 Ft XL,2858977521
MH04LE6143,32 Ft XL,1647748010
HR61C5217,32 Ft XL,3642497143
MH04FD6399,32 Ft XL,4045897604
PB13BE6975,32 Ft XL,3609482887
RJ14GN1062,32 Ft XL,2005079660
MH04KU7971,20 Ft XL,3088539230
MH04LQ3123,20 Ft XXL,2595308234
GJ12BZ0314,40 Ft DXL,530468559
WB05A3773,32 Ft XXL,1080031028
HR55AJ1655,32 Ft XL,1.27493E+18
KA53AB4492,32 Ft XL,2769763337
RJ52GA9075,24 Ft DXL,3329704728
KA01AM7227,32 Ft XL,217271024
NL01AG9890,32 Ft XL,761325456
MH04LQ4956,22 Ft XL,2352433594
HR38AA2115,22 Ft XL,2715031614
NL01AA3327,32 Ft XL,1180324994
MH46CL0408,20 Ft XL,2816474766
TN58AU9982,20 Ft XL,800134802
HR55AN7005,20 Ft XL,3363528157
TN39DE9696,32 Ft XL,4084188667
MH04GR5943,32 Ft XL,2753562616
WB05A2441,32 Ft XXL,1080031028
NL01AB1683,32 Ft XL,3949577211
MH04JK3893,32 Ft XL,2847498919
NL01AB8855,32 Ft XXL,1750554841
HR38U9372,32 Ft XL,914395388
TS07UB8961,32 Ft XXL,3176493173
HR55AL5226,32 Ft XXL,1.27493E+18
NL01AJ1087,34 Ft XL,452822025
HR55AR7436,32 Ft XXL,1.29422E+18
TN02BP1807,32 Ft XXL,1.27493E+18
TN52AC8976,20 Ft XL,696654916
HR74B0727,32 Ft XL,3061785767
MH46BF4714,20 Ft XL,159067077
RJ11GB6725,32 Ft XXL,3080242868
RJ32GC5911,32 Ft XXL,4015093222
HR55Y0936,32 Ft XXL,3648094054
KA01AJ1912,32 Ft XL,4251187761
KA51AH6771,32 Ft XXL,1.29971E+18
RJ10GB5807,32 Ft XL,1219188435
DD01Q9636,32 Ft XL,1527684631
HR46F5065,30 Ft DXL,419362581
RJ11GC6073,32 Ft XXL,589031229
GJ15AT2231,32 Ft XL,1240077323
HR46D1670,32 Ft XL,2640399390
HR47E8892,32 Ft XL,133435096
MH04LE5363,20 Ft XL,1700042915
HR61E4399,32 Ft XL,960632885
RJ47GA4765,32 Ft XXL,2532614300
TN56Q8264,32 Ft XL,1579908675
MH04LQ3139,22 Ft XL,2138596688
BR02GA7874,26 Ft DXL,3504217824
MH43BX0924,32 Ft XXL,1.37249E+18
HR55AM3487,20 Ft XL,3000356243
RJ32GD4718,32 Ft XL,2463724394
RJ11GC0040,32 Ft XXL,1.27493E+18
HR38AB5781,32 Ft XXL,1277574383
TS12UD3228,20 Ft XL,767639029
TN40AD4447,32 Ft XL,1975671423
KA592635,20 Ft XL,3706864874
KA52A7551,32 Ft XXL,1962303682
MH04JK0385,20 Ft XL,1973998608
TN52M8547,32 Ft XXL,2463131370
TN18F9014,20 Ft XL,3534123485
HR55AB9753,32 Ft XXL,1.27493E+18
KA568259,32 Ft XXL,952918089
DL1LAG6704,14 Ft XL,4192288782
KA51AK3200,32 Ft XL,154705261
HR38AA9966,34 Ft XL,3216817949
DL1MB0477,24 Ft XL,1.29856E+18
MH04KF4406,24 Ft XXL,1403711368
HR38AE8580,32 Ft XL,789232929
UP42BT2051,30 Ft DXL,2818151988
DL1MA9116,22 Ft XL,1210935453
RJ14GN1947,32 Ft XL,3261373768
MH04GF9193,32 Ft XXL,773863583
KA04AC7026,32 Ft XL,3442279203
MH04KF9840,20 Ft XL,2839395378
MH04HY8572,20 Ft XL,3050340648
UP70ET5621,32 Ft XL,6125682
KA01AH4081,32 Ft XL,727275022
NL01AE6945,32 Ft XXL,1.27493E+18
MH40CT1992,32 Ft XXL,761325456
HR66A5573,32 Ft XXL,1.27493E+18
HR38Z7641,32 Ft XL,1772711426
MH12TV6698,34 Ft XL,2066449745
MH04JK0349,20 Ft XL,1535803282
HR47G5111,32 Ft XL,3584401640
HR55AC7514,20 Ft XL,2107068161
KA01AM2021,32 Ft XL,4186992177
RJ20GC3409,32 Ft XL,3073571164
HR55AL0930,32 Ft XXL,374678490
HR45B4612,24 Ft DXL,3504217824
NL01AF5167,32 Ft XL,1.27493E+18
HR38AF2678,32 Ft XL,3908165514
MH43Y4674,32 Ft XXL,2889685985
RJ11GB9128,32 Ft XXL,1.27493E+18
RJ11GB2092,32 Ft XL,2733533833
TN88J7310,32 Ft XXL,2185953511
DL1MA6398,22 Ft XL,4093642513
UP16JT1554,32 Ft XXL,1168052891
MH46BB9385,20 Ft XL,2173719893
HR55AN4515,22 Ft XL,3654861895
NL01AE8690,32 Ft XXL,1.27493E+18
HR55AM3712,32 Ft XXL,1.27493E+18
MH25AJ2624,20 Ft XL,79468805
HR55W7946,32 Ft XL,3672102456
MH04LE2018,20 Ft XL,3168708829
HR58D4052,22 Ft XL,3453772077
NL01AG4399,32 Ft XL,3164210946
KA01AM1381,32 Ft XXXL,1.28381E+18
NL01AG5187,32 Ft XL,3914731708
WB11F4857,20 Ft XL,2296239721
HR55AC0735,32 Ft XL,2885354458
MH05FJ4891,22 Ft XL,3816525989
RJ14GP8456,32 Ft XXL,3310646587
RJ10GB0950,32 Ft XXL,187491857
TN12AS3136,32 Ft XL,4093429416
HR55S9201,32 Ft XXL,2319926946
TN10BU1002,20 Ft XL,379120559
NL01AG4654,32 Ft XL,2921123730
RJ11GC0903,32 Ft XXL,1349004108
MH04HD8430,32 Ft XXL,2718661616
MH46CL7430,32 Ft XXL,163511175
RJ32GC9436,32 Ft XL,203870232
RJ40GA4582,32 Ft XXL,1.29422E+18
MH43Y8285,20 Ft XL,1259620876
RJ32GD3895,34 Ft XXL,356233306
HR55AL4285,32 Ft XL,3160752292
NL01Q6364,32 Ft XXL,1.41743E+18
RJ14GR6398,32 Ft XL,956831550
NL01AH4095,34 Ft XL,611100283
KA52A7553,32 Ft XXL,1962303682
RJ14GQ8915,32 Ft XL,1038921782
CH01TB1575,32 Ft XL,2838899538
TN39DX8075,32 Ft XL,3946541699
MH04JU3929,20 Ft XL,844649569
UP16GT6733,32 Ft XXL,1.27493E+18
HR55AC2053,32 Ft XXL,3648094054
HR38U1389,32 Ft XL,1.27493E+18
GJ12BY8493,32 Ft XXXL,3298518857
MH04LE5359,20 Ft XL,2693137418
NL01L7090,32 Ft XXXL,1.34396E+18
RJ32GD0424,32 Ft XL,1846249468
TN24AW9856,32 Ft XL,2899732559
MH31FC4663,20 Ft XL,2322831403
MH14HU8511,32 Ft XXL,508365964
RJ21GD2980,40 Ft DXL,933587622
KA01AG8339,32 Ft XXL,3799941888
RJ32GC9494,32 Ft XL,717107948
GJ06BT1601,32 Ft XL,104156937
RJ32GC6747,32 Ft XL,3262989961
HR55AN2818,32 Ft XL,374678490
TN32BA5494,20 Ft XL,1908930337
TN28BK7399,32 Ft XXL,3892668605
HR55W2758,32 Ft XL,1.3653E+18
HR61D0137,32 Ft XL,1.27493E+18
HR55AM9443,32 Ft XXL,1.27493E+18
RJ14GK6054,32 Ft XL,1.27493E+18
RJ14GP2801,32 Ft XL,3538838358
RJ32GC9898,32 Ft XL,3236320043
HR47C9898,32 Ft XL,3913189814
TN28BK0482,32 Ft XXXL,2971273997
MH46BF6873,20 Ft XL,4133277105
RJ22GB5238,32 Ft XXL,3522418087
HR38V3714,32 Ft XL,2190537955
HR55AM7858,22 Ft XL,3378674383
HR55AS5110,32 Ft XL Ft XL,2514232031
MH14HU8811,22 Ft XL,508365964
TN16V2590,32 Ft XXL,1350442366
RJ32GC9489,32 Ft XL,889852707
RJ52GA6878,32 Ft XXL,3509917328
HR38AC9857,32 Ft XL,1599883026
TN42AM7221,32 Ft XL,1192105539
KA51AH0523,32 Ft XXL,3536538517
TN52AA8388,32 Ft XXL,1.37286E+18
BR06GE5602,32 Ft XL,1675607123
NL01AA8690,32 Ft XXL,1.27493E+18
TN52J3960,32 Ft XXL,792423231
HR55AP8255,24 Ft XL,20079860
HR55AK7576,24 Ft XL,649243359
RJ14GQ1253,32 Ft XL,761132796
KA569554,32 Ft XXL,1430288489
NL01AE7238,32 Ft XXL,1.27493E+18
TN52L7837,32 Ft XL,626256173
NL01AG1839,32 Ft XL,1.27493E+18
HR38AG6056,32 Ft XL,3908165514
RJ14GR0485,32 Ft XXL,1093938573
HR55AK6747,32 Ft XXL,3648094054
HR38AD2508,32 Ft XL,2144723344
TN12AY3245,20 Ft XL,578101994
WB05A1840,32 Ft XL,1080031028
NL01AG0517,32 Ft XL,4186992177
WB05A1803,32 Ft XL,1080031028
WB05A0229,32 Ft XL,1080031028
TN39DC9189,32 Ft XXL,1.33082E+18
WB11E1429,32 Ft XXL,3812551316
MH46BU8061,32 Ft XXL,3436619519
RJ06GC3885,32 Ft XXL,1.3715E+18
RJ10GB2683,32 Ft XXL,1038921782
NL01N2555,32 Ft XXL,1168052891
TN88W9169,32 Ft XXXL,2327137613
NL01AG1142,34 Ft XXXL,2059618537
TN88U8998,32 Ft XXL,2061117023
MH04HD9184,20 Ft XL,1955780821
TN88L0697,32 Ft XL,1.3945E+18
MH14KA0644,22 Ft XL,1251745391
HR55AK5551,32 Ft XXL,1.27493E+18
UP14GT9196,32 Ft XL,1614011755
MH04HD6282,32 Ft XL,3232857736
TN05CK1992,20 Ft XL,2092412456
MH43BX7377,32 Ft XL,1.37249E+18
NL01AD1612,32 Ft XXL,3155762556
NL01AF9575,32 Ft XL,3138931512
TN12AP7962,32 Ft XXXL,1.39961E+18
RJ52GA7045,34 Ft XL,1046286026
OD11P8597,32 Ft XXL,560318007
GJ15AT0824,32 Ft XL,1615605047
MH04KU9659,20 Ft XL,1955780821
KA519693,17 Ft XL,2044259757
TN12AZ4207,20 Ft XL,1908930337
KA52B4774,22 Ft XL,3141194182
NL01L8625,32 Ft XXL,1.27493E+18
HR61E1051,34 Ft XL,2480493238
KA51AG7994,32 Ft XL,1016904326
MH04JU4996,32 Ft XL,1763251974
MH04LE3835,20 Ft XL,3088539230
HR47E4212,20 Ft XL,1710323220
HR68B7230,32 Ft XXL,2838899538
HR38AC8041,22 Ft XL,1832643739
MH04KF0456,24 Ft XL,838265691
TN88W2399,32 Ft XXL,1.41705E+18
MH26BE5975,24 Ft XL,4276448811
HR55S4111,32 Ft XXL,2319926946
WB05A1846,32 Ft XL,1080031028
TN19AL7056,32 Ft XXL,387829813
TN30CE1011,32 Ft XXL,3592864251
NL01AB0527,32 Ft XXL,4112769211
MH04KF8890,32 Ft XXL,2984689483
TN88H6739,32 Ft XXL,1096970933
WB05A0793,32 Ft XL,1080031028
HR55AM2733,22 Ft XL,2124614750
RJ18GB4435,32 Ft XXL,1750554841
NL01AF7778,32 Ft XL,3251930681
NL01AE3957,32 Ft XL,2994594257
TN88U2100,32 Ft XXL,902512755
HR38X5908,32 Ft XL,1806953019
GJ06BT8750,32 Ft XXL,1.37249E+18
KA05AL6042,24 Ft XL,1223314759
MH46BF0696,20 Ft XL,2762645453
WB059793,32 Ft XL,1080031028
WB11D3847,32 Ft XXL,36561725
TN54V6449,20 Ft XL,1282172848
RJ09GE0158,32 Ft XXL,1183707012
RJ32GC7974,40 Ft DXL,826261488
UP21CN2981,32 Ft XL,2427659447
TN88L1636,32 Ft XXL,4133393672
MH43BP9502,22 Ft XXL,548066073
TN29BQ7347,32 Ft XL,2847598861
HR61D8193,32 Ft XL,936180188
HR68B5856,32 Ft XXL,2838899538
MH02FG1761,20 Ft XL,773773839
HR55AK3244,32 Ft XL,2971335053
MH04LQ0577,22 Ft XL Ft XL,1558143865
NL01AF9388,32 Ft XL,2005079660
HR55AP9595,32 Ft XXL,267942975
MH43BX4723,32 Ft XXL,1982357314
TN70AD4450,20 Ft XL,3704186055
HR55AK3648,22 Ft XL,1.27493E+18
KA53AA8694,32 Ft XL,1.27493E+18
HR61E0535,32 Ft XL,1245280875
NL01L7694,32 Ft XXL,1.27493E+18
HR55S2858,32 Ft XXL,3234395569
TN52AA7988,32 Ft XXL,1.37286E+18
NL01AE1617,34 Ft XL,611100283
TN28BJ9801,32 Ft XXL,3054172371
KA529531,32 Ft XL,570434649
KA51AH1968,32 Ft XXL,2040112414
HR38AC9731,34 Ft XL,1847991693
MH04LY2366,32 Ft XXL,66625116
RJ32GD5284,32 Ft XL,346898820
HR38AC6426,34 Ft XXL,1017497294
TN42AB0077,32 Ft XXXL,2971273997
HR45C3311,30 Ft DXL,1650955566
TN23DZ9346,20 Ft XL,1908930337
HR38AF6545,34 Ft XL,2128330173
GJ27TD5690,32 Ft XL,1481288314
NL01AE7860,32 Ft XL,2867428369
MH46CL0192,32 Ft XXL,3944964191
HR46F2410,40 Ft DXL,615687181
WB19K9042,32 Ft XXL,560318007
MH04JK9610,20 Ft XL,4230054381
MH14GU1813,32 Ft XXL,1886121876
RJ11GC7399,32 Ft XXL,1016127527
NL01AF2403,32 Ft XL,1.27493E+18
MH04LQ4526,20 Ft XL,1883232132
KA52A9942,32 Ft XL,2552905578
GJ01HT5043,32 Ft XXL,3947458529
HR38AD1457,32 Ft XL,2858977521
HR55AP2818,32 Ft XXL,3234395569
RJ11GC5063,32 Ft XXL,3080242868
HR38V6172,32 Ft XL,1890778991
TN88H6358,32 Ft XL,1.287E+18
HR38AF6572,32 Ft XL,1036038890
MH04KF9590,20 Ft XL,2439808669
MH43BX2959,20 Ft XL,1114198767
HR55AF6569,32 Ft XL,881787732
HR55AL9851,22 Ft XL,2007886218
AS01NC6807,32 Ft XXL,1168052891
RJ11GD3501,32 Ft XL,21951928
MH14GU2399,32 Ft XL,891647125
HR38U2705,32 Ft XL,2003063906
HR69D1076,40 Ft DXL,752833987
TN12AW3513,22 Ft XL,1245280875
HR55AN3708,32 Ft XL,1996182883
GJ01DZ6755,32 Ft XXL,1192292318
RJ14GN8057,32 Ft XXXL,2492278967
MH43BX5584,20 Ft XL,1946049305
NL02N3850,32 Ft XXL,2459640882
WB23F3888,32 Ft XXL,2918717195
HR55AN3174,22 Ft XL,3639783247
UP25DT4486,32 Ft XL,1984404527
HR55AP0135,24 Ft XL,1.27493E+18
AS02DC8359,32 Ft XL,3584741597
GJ12BZ8312,36 Ft XXXL,361831879
MH46BU1488,32 Ft XL,3823797128
NL01AF7881,32 Ft XL,1708392131
TN34AH8121,32 Ft XXL,2348496946
NL01AG1904,32 Ft XL,1324027201
NL01AE8389,32 Ft XXL,836748842
RJ10GB8926,32 Ft XL,3542790875
MH04KU9958,32 Ft XL,2984689483
UP21BN4835,32 Ft XL,748753063
TN20DY1517,30 Ft DXL,3012064984
RJ11GB8541,32 Ft XXL,585093474
UP14QT8072,17 Ft XL,2734095990
MH40CM5449,20 Ft XL,2898795827
GJ12BZ8394,36 Ft XXXL,361831879
NL01AG3482,32 Ft XL,3164210946
RJ11GC1446,32 Ft XXL,382383445
HR55AH4019,32 Ft XL,1996182883
UP21BN1511,32 Ft XL,2215068666
NL01AE8391,32 Ft XXL,836748842
HR843421,20 Ft XL,3635423802
DN09S9961,32 Ft XL,172906540
HR61E4506,32 Ft XXL,2216669381
GJ12BY0590,34 Ft XXXL,530468559
NL01AH2483,32 Ft XL,2914938575
RJ47GA4648,40 Ft DXL,4255940877
GJ12BY1702,32 Ft XXXL,1649101344
MH55C0119,32 Ft XL,3047552012
HR55AK9894,24 Ft XL,649243359
HR55Y0424,32 Ft XXL,1.34095E+18
MH04LE9949,32 Ft XL,2657052929
HR55AB7834,20 Ft XL,1.35842E+18
HR55AF5177,32 Ft XXL,3648094054
MH04KF7480,32 Ft XL,573747521
RJ14GR0455,32 Ft XXL,2463674500
HR55AL6530,32 Ft XL,2827959789
KA51AH4290,32 Ft XXL,1.29971E+18
RJ11GC3574,32 Ft XXL,662234751
HR61D4286,32 Ft XL,1.27493E+18
TN52K2667,32 Ft XXL,3644340782
HR55AE7497,32 Ft XL,2733533833
NL01AE9206,32 Ft XL,1151558147
NL01AF1118,32 Ft XL,4030502194
KA01AM1017,32 Ft XXL,1.28381E+18
NL01AG9057,32 Ft XXL,2638422073
TN90F7405,32 Ft XL,1.31302E+18
MH04LQ4003,32 Ft XL,2542183528
KA51AC5251,32 Ft XXL,367117240
HR55AE1073,32 Ft XXL,1.34095E+18
TN52AA5144,32 Ft XXL,1.37286E+18
NL01AE8620,32 Ft XXL,1.27493E+18
BR06GE4603,32 Ft XL,1675607123
KA22C2116,32 Ft XXL,1.32646E+18
GJ15AT3382,32 Ft XL,4270636751
RJ10GB2642,32 Ft XL,1806535522
RJ32GB9159,32 Ft XL,2090938950
HR55AR6778,32 Ft XL,2219265497
TN28BH6841,32 Ft XXL,1441816125
MH46BU0339,20 Ft XL,2581295655
HR55AJ1627,32 Ft XXL,1.27493E+18
NL01AF7184,32 Ft XL,206958395
RJ14GL8530,32 Ft XL,2005079660
RJ32GD5118,32 Ft XXL,1818846304
HR55AL7737,32 Ft XXL,3234395569
UP13AT7070,32 Ft XL,1310073092
KA52C1588,32 Ft XXL,1473552572
HR38AE7864,22 Ft XL,626384525
UP85AT9646,32 Ft XL,2081056071
MH05DK7109,20 Ft XL,3511667751
HR55AQ5940,32 Ft XL,3030865807
MH04JU4158,32 Ft XXL,1982357314
RJ52GB3556,30 Ft DXL,3836262919
HR38AD8463,34 Ft XL,856211950
TN16E4632,32 Ft XXL,2293179056
KA52B6132,32 Ft XXL,1209855002
GJ06BX4313,32 Ft XL,2089503297
HR38AH3202,20 Ft XL,4005538946
MH04LE5873,32 Ft XL,3847768496
NL01AG0241,32 Ft XL,1.27493E+18
GJ12BX2723,32 Ft XXL,1606375866
RJ14GR1133,32 Ft XL,2733533833
MH12TV9048,32 Ft XL,1366673512
TN10BQ8851,20 Ft XL,379120559
HR61E9888,22 Ft XL,1764983791
TN28BD2962,32 Ft XL,1.29634E+18
NL01AG7963,32 Ft XL,949846854
MH11AL1467,20 Ft XL,2102469056
TN88E6481,32 Ft XXL,359899478
NL01AG0017,32 Ft XXL,2638422073
NL01AF1483,32 Ft XXL,986786147
TN88U9810,32 Ft XXL,915329855
TN39CV4378,20 Ft XL,1067612043
TN12AU3855,20 Ft XL,1432613552
HR55AC6719,32 Ft XXL,149166325
TS08UJ3189,32 Ft XXL,1655424155
TN39CQ7599,32 Ft XXL,2952193960
TN25BL6212,32 Ft XXL,1350442366
HR38AF6463,32 Ft XL,1036038890
HR55AB5545,32 Ft XL,267942975
MH04LE2467,20 Ft XL,819613065
TN42AD5214,32 Ft XL,1.27493E+18
NL01AG5177,32 Ft XL,3914731708
HR55U3033,32 Ft XXL,3234395569
RJ11GB7884,32 Ft XXL,662234751
GJ12BZ8340,36 Ft XXXL,361831879
GJ12BZ0594,40 Ft DXL,1199572047
KA108767,20 Ft XL,3355219628
MH04GR9726,20 Ft XL,4230054381
TN01BP8730,32 Ft XL,3069038635
HR61D2465,20 Ft XL,1044538109
TN22DY2740,24 Ft XL,3895487410
RJ11GC7601,32 Ft XL,21951928
TS07UE2878,32 Ft XXL,3829683448
NL01AF8557,32 Ft XL,163362128
NL01AF2035,32 Ft XXL,1.27493E+18
MH43BX0683,32 Ft XXL,1.37249E+18
TS07UG2035,32 Ft XXL,3706224517
MH42AQ0826,32 Ft XL,1768169021
TS15UF6654,32 Ft XXL Ft XXL,21598721
MH43BP5150,32 Ft XXL,508628337
MH04LE3603,32 Ft XL,725706556
TN28BJ3069,32 Ft XXL,1.3391E+18
HR38AD2236,34 Ft XL,2111733133
MH46BM6419,32 Ft XL,960632885
GJ27TD5652,32 Ft XL,1481288314
HR55AL6514,32 Ft XXL,1.27493E+18
NL01AG1139,34 Ft XXXL,2059618537
KA51AH9029,22 Ft XL,3299064985
MH04LE1704,32 Ft XXL,2160159070
NL01AJ0672,32 Ft XXL,2993117073
HR56A6254,32 Ft XL,1116160635
NL01AA3038,32 Ft XL,2851630548
HR55AW6259,32 Ft XL,3951664672
KA01AK9918,32 Ft XL,3836686102
GJ06XX5248,32 Ft XL,2236679508
WB23C9321,32 Ft XL,1.27493E+18
HR38X7409,32 Ft XL,1.27493E+18
HR55AH2053,32 Ft XXL,1.27493E+18
GJ12BZ0886,40 Ft DXL,530468559
WB11D2129,32 Ft XXL,3203287662
RJ14GR5754,32 Ft XXL,1026069066
HR63D0199,32 Ft XL,3497881716
MH46BM3694,32 Ft XXL,855402536
MH43BX8966,32 Ft XL,1.37249E+18
NL01AC8753,32 Ft XL,1708392131
HR38W7100,32 Ft XL,4165400860
HR55AE5410,32 Ft XXL,3648094054
TN88J4655,32 Ft XXL,3926192934
MH46AF3812,32 Ft XL,1647748010
TN870599,20 Ft XL,3269817907
DL1MA7362,20 Ft XL,2072733907
MH43BP9804,32 Ft XXL,104415644
BR28GB7077,32 Ft XL,3657821650
HR55AU5465,22 Ft XL,1732868091
MH04GR1806,32 Ft XL,2753562616
TN88AZ7659,32 Ft XXL,1885653963
RJ32GC9016,32 Ft XL,2637637250
HR38U6403,34 Ft XL,1.27493E+18
TS07UE2648,32 Ft XXL,3829683448
HR55V4572,32 Ft XL,1.27493E+18
JK02DE6568,32 Ft XL,4063519204
RJ32GD4436,32 Ft XL,1993271565
RJ14GQ5112,32 Ft XXL,124184792
MH43BX3605,32 Ft XXL,1.37249E+18
MH48CQ5592,20 Ft XL,2709739130
UP53GT8565,32 Ft XL,2306105150
DL1MA7587,22 Ft XL,3722569308
HR55AC4750,32 Ft XXL,2471509830
HR38W6069,32 Ft XXL,1297437708
HR55AK1348,24 Ft XL,20079860
MH04KU7390,22 Ft XL,4143037193
NL01AE7027,32 Ft XL,3212021709
TS07UG6950,32 Ft XXL,3829683448
RJ09GD8280,32 Ft XXL,459124687
TN28BH7797,32 Ft XXL,2954855564
NL01AG6355,34 Ft XL,1810559494
CH01TB6888,20 Ft XL,3956485217
KA51AG3442,32 Ft XL,3936517961
TN12M2641,20 Ft XL,2760443417
HR38AB2416,32 Ft XXL,629263962
MH04HS0834,20 Ft XL,1698960924
MH04KU5349,32 Ft XXL,1.37247E+18
KA51AK1112,32 Ft XXL,56537515
MH12LT9587,32 Ft XL,4101499851
RJ01GB6321,32 Ft XXXL,3746909028
MH46CL2002,32 Ft XL,600372835
HR55AL3332,32 Ft XXL,3234395569
MH04HD9759,32 Ft XL,2526486597
GJ27TF6395,32 Ft XL,1875281957
MH43BG4601,32 Ft XXL,104415644
TS08UJ1481,22 Ft XL,546491409
RJ11GC3999,32 Ft XXL,1503107421
MH01DR1960,32 Ft XXL,1982357314
NL01AD9659,32 Ft XL,1763251974
HR55AB9219,32 Ft XL,733178906
MH04KX1413,20 Ft XL,2365570103
HR38AF1708,34 Ft XL,4023146082
RJ52GA9309,32 Ft XXL,20414419
DD01G9930,32 Ft XL,1.27493E+18
WB05A0320,32 Ft XL,1080031028
UK06CB7443,32 Ft XL,1.27493E+18
HR55AK7089,32 Ft XL,3732342199
DD01P9945,32 Ft XL,1702125004
MH20DE3949,32 Ft XL,3113893200
DL1MB0892,22 Ft XL,162849997
TN39CL5151,32 Ft XL,454059699
DN09S9358,32 Ft XXL,2603292377
MP09HH5875,32 Ft XXL,1.27493E+18
RJ11GB9225,32 Ft XXL,663241981
MH04MH5402,32 Ft XL,715885210
GJ01JT1581,32 Ft XXL,1181315497
GJ03BY8806,32 Ft XL,2651560669
TN88X9696,32 Ft XXL,1.27493E+18
HR58B9486,30 Ft DXL,2818151988
MH43BG2251,32 Ft XL,2736541600
RJ09GB5537,32 Ft XXL,1498094060
NL01AC8685,32 Ft XXL,4065038712
HR55V2328,32 Ft XXL,1986634313
MH14JL6788,20 Ft XL,282781142
MH43BX2996,32 Ft XXL,1.37249E+18
RJ11GD0821,32 Ft XXL,1613765122
HR61D5772,32 Ft XXL,1646062634
NL01AD2967,34 Ft XL,2994594257
RJ09GC3270,32 Ft XXL,270169527
NL01AB7967,32 Ft XL,3829863930
HR55AL6037,32 Ft XL,696965115
HR38AD8334,32 Ft XXL,3858824810
HR55AW7114,32 Ft XXL,660306089
RJ14GQ7276,32 Ft XXXL,1524180104
UP23T9477,32 Ft XL,1897334415
HR38AF5480,34 Ft XL,4023146082
TN34AD3479,20 Ft XL,1908930337
HR55AM2151,32 Ft XXL,1.27493E+18
HR55AM2778,32 Ft XXL,1.27493E+18
KA52C0237,32 Ft XXL,3517986486
KA51AG2386,24 Ft XL,2905226544
RJ32GC9626,32 Ft XL,644276696
NL01AF8028,32 Ft XXL,2307042058
KA04AC7004,22 Ft XXL,3964162150
NL01Q2527,32 Ft XXL,2459640882
MH43BX0934,32 Ft XXL,1.37249E+18
DL1MA7855,22 Ft XL,882214106
RJ10GB2702,32 Ft XXL,187491857
UP21CT6805,32 Ft XL,2382778043
AS23CC3519,32 Ft XXL,2340054765
NL01AA6205,32 Ft XXL,2459640882
NL01AJ3217,32 Ft XXL,2972183688
RJ01GC2394,36 Ft XXXL,3298518857
HR38V8092,32 Ft XL,3560206751
JH02BM7692,32 Ft XL,3724713563
KA51AH6597,32 Ft XXL,2043479313
HR38X7839,32 Ft XL,4156182002
MH40CD1513,32 Ft XL,2962862464
MH04JK1447,32 Ft XL,3296058233
GJ06BT4492,32 Ft XL,104156937
HR38AF0932,32 Ft XL,3703281834
HR55AQ2040,22 Ft XL,1359662681
HR39D3450,32 Ft XL,1.27493E+18
BR02GB1464,30 Ft DXL,3401821785
DN09R9279,32 Ft XL,3172135092
HR38AB3610,32 Ft XL,297748916
TN18AV4185,32 Ft XXL,2744315801
JH12Q8250,32 Ft XL,3232201127
NL01AE3954,32 Ft XL,2994594257
NL01AE1649,32 Ft XL,2335060047
MH04KU6121,32 Ft XXL,2496854578
TN52AA2947,32 Ft XXL,1976321926
HR38AC7398,20 Ft XL,3789154817
HR55AH6903,32 Ft XXL,2674354055
UP53ET1026,30 Ft DXL,2818151988
TN39CM0668,32 Ft XXL,1271043962
NL01N8259,32 Ft XXL,2459640882
AP39UB7266,22 Ft XL,563917629
RJ32GC9347,32 Ft XXL,3185270865
MH11DD3888,20 Ft XL,4149146702
HR47E3655,32 Ft XXL,1.29422E+18
HR38U9618,20 Ft XL,572478139
RJ14GR7598,32 Ft XXXL,365818776
PB05AP5495,34 Ft XL,512034430
HR38V9076,32 Ft XL,2892768975
TN88L3854,32 Ft XL,1.3945E+18
TS08UF9836,32 Ft XXL,2045484468
OR01V6668,32 Ft XL,1780175474
RJ14GN3562,32 Ft XXXL,219098028
TN39DY7551,32 Ft XL,3946541699
NL01AH6173,30 Ft DXL,4255940877
TN25CA5384,32 Ft XXL,169616334
HR38Z2806,34 Ft XL,3216817949
GJ12BZ3905,40 Ft DXL,3106825274
MH46BU6447,32 Ft XXL,3083505536
NL01N2600,32 Ft XXL,1.27493E+18
HR38AC7550,34 Ft XL,3216817949
MH04KF5128,32 Ft XXL Ft XXL,3933117663
DL1MA6470,20 Ft XL,3139241246
NL01AG5901,34 Ft XL,1407618984
HR55S5291,32 Ft XXL,2062614801
HR55AR8307,24 Ft XL,20079860
HR55AN9685,32 Ft XXL,267942975
KA591510,32 Ft XL,1861644730
TN88H6321,32 Ft XL,1.287E+18
WB05A1359,32 Ft XL,1080031028
MH46BF6875,20 Ft XL,4133277105
MH48AG8439,32 Ft XL,2039810350
HR55AK1297,32 Ft XXL,1.27493E+18
RJ14GP5238,32 Ft XL,699597433
GJ27TT7399,32 Ft XL,3335723202
HR39E3249,22 Ft XL,666836289
MH46CL6192,32 Ft XXL,2160159070
HR66A8709,32 Ft XXL,1.27493E+18
TN10BU1071,20 Ft XL,379120559
HR38Y6181,32 Ft XL,1806953019
NL01AH3019,32 Ft XXL,2226737947
TN37DQ8870,24 Ft XL,1.27493E+18
KA51AG1314,22 Ft XL,797393465
TN88F8944,32 Ft XL,4288638363
MH14JL6768,32 Ft XL,1.27493E+18
MH12TV9729,32 Ft XXL Ft XXL,3567553426
MH14GU5976,20 Ft XL,1.27493E+18
NL01AE8385,32 Ft XXL,4082689178
HR56A9722,32 Ft XL,1475081516
DL1MB1732,22 Ft XL,794011569
NL01N2841,30 Ft XXL,1355641096
TN39CP7742,32 Ft XXL,1271043962
NL01L7631,32 Ft XXL,3456101104
KA01AN6713,32 Ft XXL,1419639143
MH04LE4093,32 Ft XL,242377121
HR845578,22 Ft XL,1764983791
TN52AA6233,32 Ft XXL,1.37286E+18
PB65AX7899,20 Ft XL,1328369028
RJ14GR3024,32 Ft XL,1532039080
KA51AG2972,22 Ft XL,1812879046
HR55AH1407,32 Ft XXL,680015610
HR38AC4196,22 Ft XL,2715031614
MH28BB2064,32 Ft XL,3566948945
MH46BF0509,32 Ft XXL,2793079243
WB05A1845,32 Ft XL,1080031028
MH40CD4739,20 Ft XL,2898795827
TS08UL9541,22 Ft XL,3310220462
TN96F3376,32 Ft XXL,3803493155
HR38AD9638,24 Ft XL,1816174169
TN12AU3596,32 Ft XXL,754622070
MH43BP4781,32 Ft XXL,1.37249E+18
KA01AF5988,32 Ft XXL,3536538517
NL01AA3679,32 Ft XL,264576972
HR55AK2207,32 Ft XXL,1.27493E+18
NL01N8207,32 Ft XL,1708392131
HR38AA5166,32 Ft XL,4023146082
MH12TV9819,32 Ft XXL,4240028878
NL01AG0462,34 Ft XXXL,2059618537
NL01AH3197,22 Ft XL,2160745227
MH04KU4363,32 Ft XL,573747521
MH04JU3906,32 Ft XL,1763251974
TN56R8859,32 Ft XXL,2314125170
HR47E1417,32 Ft XXL,858282445
HR38V9961,34 Ft XL,1.27493E+18
UP87T5976,22 Ft XL,1732868091
RJ40GA1521,32 Ft XXL,559712815
MH04JK8645,34 Ft XXXL,584674710
RJ52GA5805,32 Ft XL,1868373273
MH04KF7351,20 Ft XL,859974101
HR55AQ0102,32 Ft XL,2710583951
HR55AP6452,32 Ft XL,1038921782
WB23C1663,32 Ft XL,1336031627
MH12SX8765,32 Ft XXL,1407618984
NL01AE7589,32 Ft XXL,1.27493E+18
GA04T8800,32 Ft XXL,1875429376
TN88F2639,32 Ft XL,1.3945E+18
TN88AY1359,32 Ft XXXL,2205338248
NL01AF9079,32 Ft XL,956831550
UP21BN7643,32 Ft XXL,1115169021
TN12AS7978,22 Ft XL,2792505996
HR65B9179,32 Ft XXL,1.27493E+18
UP13AT8276,32 Ft XL,1310073092
TN34MB5671,32 Ft XXL,4070363771
MH43BX6704,32 Ft XXL,2160159070
HR55AT7600,22 Ft XL,20079860
HR55AF3777,32 Ft XXL,3648094054
KA567328,32 Ft XXL,2336306008
NL01AH6273,34 Ft XL,3731347356
MH20DE5186,32 Ft XL,250929381
TN18BC7333,20 Ft XL,1979615900
MH46BB4150,32 Ft XXL,1812459262
TN52J9280,32 Ft XXL,1.37286E+18
RJ14GN2704,32 Ft XL,2783829460
MH04KF1945,20 Ft XL,3013601887
HR55AF7354,32 Ft XL,267942975
KA01AJ6531,32 Ft XL,1930959888
NL01AA8764,32 Ft XL,206958395
UP16GT6730,32 Ft XL,1.27493E+18
WB05A3417,32 Ft XXL,1080031028
GJ12BY0592,32 Ft XXL,1606375866
NL01AG5181,32 Ft XL,3914731708
RJ09GD4934,32 Ft XL,2524549193
HR38AH7739,32 Ft XL,3908165514
WB05A3976,32 Ft XL,1080031028
TN42AJ4849,32 Ft XL,4067552050
KA593824,32 Ft XL,511547080
MH43BX8390,32 Ft XL,1.37249E+18
RJ14GK4349,32 Ft XXL,3785336602
RJ18GB4718,32 Ft XXL,18850625
MP09HH5797,32 Ft XXL,2804062220
MH40CT4315,32 Ft XXL,761325456
TN36BV6453,32 Ft XXL,1701426074
RJ14GQ1811,32 Ft XL,1.27493E+18
RJ32GD4432,32 Ft XL,1993271565
MH01DR6408,32 Ft XL,2526486597
HR55AQ8724,32 Ft XL,2710583951
MH04JK3568,32 Ft XL,3420929383
HR55W0072,32 Ft XL,1.27493E+18
TN22DT7735,22 Ft XL,3228623696
MH04LY2099,20 Ft XL,4130665628
MH31FC6102,20 Ft XL,2322831403
RJ11GB8338,32 Ft XXL,1583587267
NL01AG5143,34 Ft XL,2903670965
RJ11GB9211,32 Ft XXL,1463879186
UP19T1699,30 Ft DXL,3504217824
MH14HG7469,20 Ft XL,2208576898
TN28BJ4407,32 Ft XXL,460545818
TN01BP5864,32 Ft XL,3069038635
KA52B0469,22 Ft XL,336926968
PB11CJ3524,32 Ft XXL,2322689137
KA568209,32 Ft XXL,3785403625
KA01AN8861,32 Ft XXL,1.28381E+18
RJ11GB6257,32 Ft XXL,3569048635
HR38AD7854,32 Ft XXL,662118579
RJ14GN8201,32 Ft XL,1645396204
HR55W2421,32 Ft XL,1317484428
CG04ND7525,32 Ft XL,1309433008
UP85CT2414,32 Ft XL,2081056071
TN88U2669,32 Ft XXL,880120454
MH46AR5801,32 Ft XL,3294551141
HR69C7577,32 Ft XL,3297585044
MH43BP4738,20 Ft XL,1362167283
WB11F5457,22 Ft XL,2296239721
MH43BP6240,32 Ft XXL,1.37249E+18
RJ09GE2974,32 Ft XL,3654861895
RJ32GD6626,32 Ft XXL,3759915411
HR38AH5705,34 Ft XL,1599883026
HR55AH0790,32 Ft XXL,1544717371
RJ32GC6975,32 Ft XL,4168537585
MH46CL3795,32 Ft XXL,2793079243
HR55AL1321,32 Ft XL,586056444
HR55AQ0933,32 Ft XL,2594083566
GJ12BV8818,40 Ft DXL,3369739658
HR67D5466,32 Ft XXL,1768874331
MH14KA9832,22 Ft DXL,3465567339
MH04LE4252,32 Ft XL,618016159
TS12UE2002,32 Ft XXL,1981757587
TN39DX3666,32 Ft XXL,3877970340
MH04GR8311,32 Ft XXL,325838392
NL01N1238,30 Ft XXL,1355641096
RJ11GD1921,32 Ft XL,2990796723
HR47D9074,32 Ft XXL,654904209
DL1MB1030,24 Ft XL,1.29856E+18
MH12MV4534,32 Ft XL,4100923775
TN39CS9348,32 Ft XXL,1.35756E+18
AS32C3784,32 Ft XL,3584741597
RJ11GD2115,32 Ft XXL,1.27493E+18
HR38AC0747,32 Ft XL,1149351257
TN52J9437,32 Ft XXL,46079408
TN95K8827,22 Ft XL,3920435973
TN46AB6292,20 Ft XL,454346142
UP82AT6647,30 Ft DXL,2115237033
KA01AM2304,32 Ft XL,4251612375
TN18BT4443,32 Ft XXL,483994999
HR38W6004,32 Ft XL,4165400860
NL01AC0389,32 Ft XXL,1.27493E+18
UK06CB8390,32 Ft XXL,354428062
MH05EL4628,32 Ft XL,2219697164
MH04LE0705,32 Ft XL,2984689483
NL01L4592,32 Ft XXL,868923692
TN10BU1302,20 Ft XL,379120559
KA568955,32 Ft XXL,334273517
GJ12BX9301,32 Ft XL,2942734151
HR55AC6139,20 Ft XL,2596039234
TN34Y3107,32 Ft XL,3536538517
TN36AK6231,20 Ft XL,3946541699
TN05CF1386,24 Ft XL,2056925208
HR38X0707,32 Ft XXL,753939644
TN56S2790,32 Ft XL,1579908675
HR55AT2934,22 Ft XL,20079860
NL01L6896,24 Ft XXL,1.34396E+18
TN68Y7626,20 Ft XL,800134802
GJ27TD5950,32 Ft XL,2870844706
MH31FC6370,32 Ft XXL,2322831403
WB05A2003,32 Ft XL,1080031028
TN11P2653,32 Ft XXL,2286091161
TN39CQ0115,32 Ft XXXL,1271043962
KA569232,32 Ft XXL,952918089
TN59DD1001,32 Ft XXL,3845497624
HR55AJ9330,14 Ft XL,3234395569
HR55AK5378,32 Ft XXL,1.27493E+18
RJ11GC7303,32 Ft XXL,2640346638
RJ14GR4436,32 Ft XL,1625775589
RJ11GB6899,32 Ft XL,3260176234
MH13CU5209,20 Ft XL,284238917
NL01AE8611,32 Ft XXL,1.27493E+18
RJ11GB8494,32 Ft XXL,2265053414
AP02W9545,23 Ft DXL,3699797569
RJ52GB1880,32 Ft XXL,2400234572
HR38AF6608,34 Ft XL,1599883026
TN21BL6340,20 Ft XL,296499068
UP25DT2211,26 Ft DXL,2229216445
MH43Y4740,32 Ft XL,1407618984
MH46BM0473,32 Ft XL,1261369310
HR38AB7537,20 Ft XL,1816174169
NL01AH6277,32 Ft XL,3731347356
GJ06AV1397,32 Ft XL,2571005689
MH14HU2295,32 Ft XL,537878727
KA01AQ1445,32 Ft XL,570434649
TN88U8626,32 Ft XXL,1287035297
WB37D5306,32 Ft XL,1293337262
RJ06GD4099,32 Ft XXL,56537515
TN88J6919,32 Ft XXL,3027840052
MH12LT2296,32 Ft XL,1600612906
HR55W0972,32 Ft XL,1.27493E+18
TN90F5368,32 Ft XXL,1.31302E+18
MH43BX1169,20 Ft XL,1370732645
BR06GD8677,32 Ft XL,1675607123
MH40BG8886,20 Ft XL,385828317
GJ27TF6313,32 Ft XL,1875281957
HR74A9982,20 Ft XL,1921398566
MH46CL2364,32 Ft XXL,855402536
DD01J9579,34 Ft XXXL,549236583
HR55AA1537,32 Ft XL,671494097
RJ14GR4847,32 Ft XL,1625775589
NL01AC3241,32 Ft XXL,817831524
KA51AC9566,32 Ft XXL,1.28294E+18
NL01AG2890,40 Ft DXL,1.27493E+18
HR55AL9446,32 Ft XL,3262989961
UP14GT8683,32 Ft XL,1890778991
HR55S5471,20 Ft XL,3946872663
TN37DB6320,32 Ft XXL,1.27493E+18
MH12MV3609,20 Ft XL,767639029
TN39CV3082,32 Ft XXL,1271043962
NL01AH3314,22 Ft XL,1.28876E+18
NL01Q7789,32 Ft XL,3914731708
NL01AG2072,34 Ft XL,17667683
HR55AK1109,32 Ft XXL,1.27493E+18
NL01N3521,32 Ft XXL,2100606868
HR38AB5450,32 Ft XXL,629263962
WB19M0503,32 Ft XXL,3334425579
MH12MV0552,32 Ft XXL,598853541
HR45D5422,34 Ft XL,902972995
DL1LAD4363,14 Ft XL,2158937388
UP82T8615,32 Ft XL,2144596399
UP38AT6592,22 Ft XL,194030435
KA53AB1956,32 Ft XL,1.27493E+18
NL01AG5740,32 Ft XXL,3188515354
NL01AE5778,32 Ft XL,1763251974
MH46BM9678,32 Ft XXL,2562173761
HR38U0648,32 Ft XL,4276487451
KA01AP2196,32 Ft XXL,1431985334
TN88L4303,32 Ft XXL,2465996636
HR47F4516,20 Ft XL,4186992177
MH04JU9042,20 Ft XL,205398239
HR67D8484,32 Ft XXL,4145909646
TN88AY0406,32 Ft XXL,3160051068
MH04LQ0242,32 Ft XL,1470923263
HR47E1741,22 Ft XL,2569825664
HR38AB7736,32 Ft XL,1743820464
DD01K9639,32 Ft XL,1315523901
TN48BF4950,32 Ft XXXL,338969663
RJ32GC3152,32 Ft XXL,3838047128
KA01AF6778,32 Ft XL,1.30119E+18
HR38AA1697,34 Ft XL,2399895960
RJ32GC1542,32 Ft XXL,1507374815
MH05AM2535,20 Ft XL,312428173
HR55AL3855,32 Ft XL,234476758
GJ15AX0929,32 Ft XL,1240077323
GJ12BT1134,32 Ft XL,2171578430
RJ10GB7597,32 Ft XL,1369377268
MH01DR4955,32 Ft XXL,2213555593
HR55AM5268,30 Ft XL,1359662681
HR61D9691,32 Ft XL,1.27493E+18
WB11D2186,32 Ft XXL,1.27493E+18
RJ49GA4711,32 Ft XL,1.27493E+18
HR55AQ3986,32 Ft XL,2710583951
HR55AR2502,32 Ft XXL,1.27493E+18
KA53AB3571,32 Ft XL,3550585258
RJ10GB6731,32 Ft XL,1812108049
TN28BH6460,32 Ft XXL,2964440504
TN56Q8446,32 Ft XL,1579908675
HR65A9889,32 Ft XXL,769874695
RJ32GD4439,32 Ft XL,1993271565
DN09R9809,32 Ft XL,2000176526
HR38AE3026,32 Ft XL,4122073968
GJ12AZ2982,40 Ft DXL,361831879
MH04LE8950,20 Ft XL,1192336564
GJ27V9944,32 Ft XL,1.34387E+18
HR55AN1375,22 Ft XL,1273927830
TN88L4559,32 Ft XXL,2965101781
CH01TB1971,32 Ft XXL,2838899538
HR61E8419,22 Ft XL,1744554132
TN88L1302,32 Ft XXL,3699325
GJ27TD0680,32 Ft XXL,267486643
DD01G9874,32 Ft XL,2000176526
MH05DK9245,20 Ft XL,1245280875
UP21BN1843,32 Ft XL,1308705787
KA593687,32 Ft XL,957599466
HR38AD7557,32 Ft XL,2993437593
HR38AF7104,34 Ft XL,4023146082
WB11C7849,20 Ft XL,3281644032
NL01AG7643,34 Ft XL,842767169
TN58BX9849,20 Ft XL,800134802
RJ14GQ3393,32 Ft XL,3490423401
TN12AS3187,32 Ft XL,4093429416
HR39C8002,32 Ft XL,110053541
PB04V9499,40 Ft DXL,3562352710
RJ11GD8501,32 Ft XXL,21951928
HR38AD9635,32 Ft XXL,4122073968
DD01K9313,20 Ft XL,1133569185
RJ32GC6778,32 Ft XL,4015093222
TN52K9464,32 Ft XXL,1711065275
MH14KA0645,22 Ft XL,1251745391
TN23DC3733,20 Ft XL,1908930337
MH04LQ4530,20 Ft XL,2462877883
NL01N2798,32 Ft XXL,1168052891
MH43BX7003,32 Ft XXL,1.37249E+18
RJ14GN6663,32 Ft XL,1142481406
TN64F8408,20 Ft XL,381592855
NL01AF0416,32 Ft XXL Ft XXL,1.27493E+18
HR55AR6490,24 Ft XL,20079860
TN18AS4570,20 Ft XL,1908930337
DL1MA7161,22 Ft XL,2875367520
NL01AH8903,30 Ft DXL,4255940877
HR38W3449,32 Ft XXL,3221061403
NL01AE7830,32 Ft XL,3117739931
MH04LE4668,32 Ft XL,242377121
MH01CR7526,20 Ft XL,1539814415
WB05A1812,32 Ft XL,1080031028
NL01AE7035,32 Ft XXL,1.29422E+18
NL01AD2194,20 Ft XL,2624524510
HR61E6300,32 Ft XL,3164399253
KA52A3875,32 Ft XXL,1.29677E+18
HR55AL7684,22 Ft XL,307838769
RJ40GA1986,32 Ft XXL,2233606558
KA01AE1292,32 Ft XXL,1930959888
HR55AL4649,32 Ft XL,3556676147
TN52AA1971,32 Ft XXL,2010931611
NL01AB5466,32 Ft XL,1309433008
MH04HY3510,32 Ft XL,1390110791
NL01AB1214,32 Ft XXL,2459640882
TN52AC8388,32 Ft XXL,1.27493E+18
TN39DY0336,20 Ft XL,3946541699
RJ14GP6707,32 Ft XL,2553882112
TN10BP9919,20 Ft XL,2540097001
RJ14GL7801,32 Ft XXL,1144309619
HR38AC8319,32 Ft XL,1599883026
HR38T8673,32 Ft XL,2399895960
WB11F4298,32 Ft XXL,3746169806
HR47G0968,22 Ft XL,630531978
HR38X7343,32 Ft XL,17667683
KA03AK5480,20 Ft XL,1893840531
MH04JK1470,32 Ft XXL,1.37247E+18
NL01AG5473,32 Ft XL,3731347356
HR38AD1306,34 Ft XL,2399895960
MH14JL7491,32 Ft XXL,3466989906
OD11C8897,32 Ft XXL,2008807449
HR69D6758,32 Ft XL,726052560
HR55AG3631,32 Ft XL,1208027135
MH04KU6114,32 Ft XL,795547115
HR38V4755,32 Ft XL,1303316277
TN28BK6626,32 Ft XXL,2293179056
RJ14GN6038,32 Ft XXL,3509917328
DD01S9453,32 Ft XL,1121804932
WB19K9026,32 Ft XXL,1077479138
MH04HY9816,32 Ft XXL,3560779715
MH04LE7691,32 Ft XL,2047696331
NL01AG5163,32 Ft XL,3914731708
WB05A1498,32 Ft XL,1080031028
TN20DH5375,32 Ft XL,2247350398
TN88H7899,32 Ft XXL,1987092537
GJ12BX3442,36 Ft XXXL,1649101344
MH48T5834,32 Ft XL,3427847268
WB05A3658,32 Ft XXL,1080031028
HR55AJ8131,22 Ft XL,1.35842E+18
DD01R9142,32 Ft XL,3009755333
MH04LY0207,32 Ft XL,2767863383
MH04KF8919,20 Ft XL,620207144
MH14KA7511,32 Ft XXL,508365964
NL01AD5600,32 Ft XXL,1.33805E+18
HR55AP9696,32 Ft XXL,3234395569
HR38AF8410,32 Ft XL,1036038890
PB11BU5785,30 Ft DXL,3364769651
DL1MA5015,22 Ft XL,3722569308
MH04GR4485,32 Ft XXL,2404229792
RJ32GD4618,32 Ft XL,1404165871
MH46CL8790,32 Ft XXL,3633219397
TN52AA3972,32 Ft XXL,1.32425E+18
RJ11GD2001,32 Ft XXL,21951928
MH04LQ8912,32 Ft XXL,3179876767
HR55AA2590,32 Ft XL,2612215395
MH04HS1097,20 Ft XL,3254655880
RJ11GC7186,32 Ft XXL,3081158133
NL01AF8903,32 Ft XXL,1425998709
TN59BJ9099,20 Ft XL,2792696434
TN54S8154,32 Ft XXL,1567295787
TN88K0725,32 Ft XL,1127926498
KA03AJ2727,20 Ft XL,173607023
TN52AA3155,32 Ft XXL,1.37286E+18
TN52M0537,32 Ft XXL,2114355974
HR55AT9637,22 Ft XL,20079860
TN88H2693,32 Ft XXL,2420284594
GJ06AZ8117,32 Ft XL,104156937
HR55AL9454,32 Ft XL,1.36953E+18
NL01AB0540,32 Ft XL,1.31558E+18
TN88H3009,32 Ft XXL,1.3391E+18
HR38W3556,32 Ft XL,2399895960
HR74B8624,20 Ft XL,737370119
RJ10GB7596,32 Ft XL,1369377268
MH46BF1963,32 Ft XXL,3575041082
TN39BK5959,20 Ft XL,2715396251
HR62A6144,40 Ft DXL,121430025
MH05EL0294,32 Ft XXL,1948467592
MH12RN5786,32 Ft XL,1976137032
RJ09GC0622,32 Ft XL,2283783132
GJ06AU7807,32 Ft XL,2442763039
MH04KU5359,32 Ft XXL,1.37247E+18
NL01L6713,32 Ft XXL,1111699978
HR55Y8207,32 Ft XL,3066126867
MH12XM3085,34 Ft XL,1431679807
TN03Y9333,20 Ft XL,1979615900
MH46F1038,24 Ft XXL,184828842
RJ11GB6034,32 Ft XXL,1463879186
TN05CE3727,32 Ft XL,23845928
MH46AF1544,32 Ft XL,1018379385
KA51AH4712,32 Ft XL,3093596430
RJ14GP5634,32 Ft XL,2288705459
HR47C1599,32 Ft XL,4021733277
MH43BG9716,36 Ft XXXL,2416498216
PB13BP9833,32 Ft XXL,1.41783E+18
KA52B5249,20 Ft XL,1908930337
TN42AM7488,32 Ft XL,1192105539
MH46BU0463,20 Ft XL,2321627227
RJ11GB8995,32 Ft XXL,3438199769
GJ06AZ7004,32 Ft XL,1481288314
MH24AU6737,20 Ft XL,2574297195
MH46AR2446,32 Ft XL,1.27493E+18
MH46BB3873,32 Ft XXL Ft XXL,338969663
MH04LE9659,20 Ft XL,1955780821
UP78HT1927,32 Ft XXL,3053775769
UP13DT0907,32 Ft XL,761325456
HR55AL9232,32 Ft XXL,1.27493E+18
MH04LE0384,32 Ft XL,3946627381
HR55AL5490,32 Ft XXL,1.27493E+18
KA51AK4635,32 Ft XXL,613739916
MH12VF7339,34 Ft XL,3772772683
BR29GA5009,26 Ft DXL,3504217824
HR38AC8770,32 Ft XL,3908165514
MH14HG9711,32 Ft XXL,508365964
HR47C6117,32 Ft XXL,858282445
HR45D2362,40 Ft DXL Ft DXL,2028315697
HR55W1330,22 Ft XXL,2400238471
NL01AG2296,32 Ft XXL,3194110022
DN09S9346,32 Ft XL,2000176526
TN16D6104,32 Ft XXL,1627850310
RJ32GD5796,32 Ft XL,4120205551
MH04HY2545,32 Ft XL,2545436316
UP14KT3727,22 Ft XL,3796708258
OD01N2852,32 Ft XXL,2271053733
TN39BK5359,20 Ft XL,2984353713
KA51AB3277,32 Ft XXL,1.36054E+18
KA52A9446,20 Ft XL,773382346
TN23DZ5549,20 Ft XL,2322275789
TN52L6349,32 Ft XXL,1.37286E+18
MH40BG1622,19 Ft XL,385828317
TN88AY1989,32 Ft XXL,281278569
KA02AH2521,20 Ft XL,3278069371
KA51AJ5352,32 Ft XL,2987626821
UP16JT1707,22 Ft XL,4219310550
MH40BL4402,22 Ft DXL,3600476270
BR03GA8809,32 Ft XXL,3811649588
MH04LE5419,32 Ft XL,3919548181
HR39F2766,32 Ft XL,831371112
GJ12BZ0062,36 Ft XXXL,1901596476
MH12QW7951,32 Ft XL,350259233
HR55AL0699,22 Ft XL,2859755959
HR55AR6978,22 Ft XL,543309783
MH14HG1138,32 Ft XXL,2671813342
TN52H6602,32 Ft XXL,1.27493E+18
HR55AB9220,32 Ft XL,2612215395
WB05A1612,32 Ft XL,1080031028
RJ14GR4867,32 Ft XXL,154705261
PB13AR8193,32 Ft XXL,187491857
MH12MV4532,32 Ft XL,4100923775
KA52B8207,22 Ft XL,2396270916
MH47Y9676,30 Ft XXL,1403711368
MH14JL2795,32 Ft XL,2516929878
TS08UL9542,22 Ft XL Ft XL,3310220462
MH14HG1137,32 Ft XXL,3194110022
RJ14GQ4839,32 Ft XL,68608609
PB13AL3511,32 Ft XL,1726171411
UP78DN3497,30 Ft DXL,3836262919
KA01AK4975,20 Ft XL,1441825273
HR38AG1785,22 Ft XL,2715031614
GJ12BY6569,40 Ft DXL,361831879
MH40AK0329,32 Ft XXL,1106129168
WB11C6380,32 Ft XXL,3746169806
GJ01HT1788,32 Ft XXL,133396775
KA52B6045,32 Ft XXL,2966058994
GJ02AT1191,32 Ft XL,785393395
MH40Y3920,24 Ft XL,2756235569
UK06CB7622,32 Ft XL,1.27493E+18
UP78GN6657,32 Ft XL,502844017
NL01L6536,32 Ft XXXL,1.34396E+18
RJ23GC4991,32 Ft XXL,908583222
HR55AE1962,32 Ft XXL,365818776
NL01AF7598,32 Ft XL,1768169021
NL01AC1888,32 Ft XXL,154705261
NL01AF0435,32 Ft XXL,1.27493E+18
MH42AQ6050,32 Ft XL,1168052891
RJ32GC8606,32 Ft XL,3476152141
MH04LE0796,32 Ft XL,2984689483
MH04KF9095,22 Ft XL,2439808669
TN88J3398,32 Ft XXXL,13599718
HR58C5224,40 Ft DXL,3504217824
DL1MA6477,20 Ft XL,4285292968
WB05B2738,32 Ft XL,1080031028
KA01AJ0616,32 Ft XXL,1185057580
TN54W3739,20 Ft XL,1154944470
UP75AT9315,32 Ft XL,1694419690
RJ32GD3847,32 Ft XL,889852707
KA01AM7293,32 Ft XXL,2711565514
HR55AL2001,22 Ft DXL,4192907165
NL01AD1599,20 Ft XL,3548752523
NL01AD2191,20 Ft XL,2553056249
HR66C8280,22 Ft XL,643629355
HR38X9815,32 Ft XXL,1537721642
GJ12BX9307,32 Ft XL,1.27493E+18
MH04GC7110,32 Ft XL,2564900610
TN52AB2316,32 Ft XXL,3628925945
HR55U2249,32 Ft XL,1668670859
HR55AP5521,32 Ft XL,586056444
TN88AZ1355,32 Ft XXL,1.41813E+18
MH14GD7953,32 Ft XL,1615485527
HR55AK8772,22 Ft XL,3658889535
HR55AA6289,32 Ft XL,2463724394
TN962482,32 Ft XXL,829976166
HR38U6530,34 Ft XL,3342038801
MH04GC4861,32 Ft XXL,1.27493E+18
TN12AW9379,20 Ft XL,4123373749
HR55AT9451,24 Ft XL,20079860
TN88H0867,32 Ft XL,1845246440
MH05EL9856,22 Ft XL,407106004
MH04LY5997,20 Ft XL,3413902153
TN28BJ3205,32 Ft XXL,3502410885
MH12PQ1558,34 Ft XL,33792840
HR47E3130,32 Ft XL,2898880578
KA01AJ8668,32 Ft XL,3905849175
NL01AG1615,32 Ft XXL,1038921782
HR55AU9372,32 Ft XL,3556676147
NL01AG0528,32 Ft XXL,1.27493E+18
KA53AA6780,22 Ft XL,724983716
KA51AF1449,20 Ft XL,1629518632
DD01Q9755,32 Ft XL,3009755333
MH04LE5901,32 Ft XL,2984689483
HR55AB7610,32 Ft XXL,3394553267
HR38W4663,22 Ft DXL,3298444839
NL01AH0508,32 Ft XXL,2638422073
TN88V9319,32 Ft XXL,305662156
RJ40GA6380,32 Ft XL,1206131433
WB41F1055,32 Ft XXL,3876917080
HR55AM9233,32 Ft XL,4238104735
MH43BG9536,32 Ft XL,1373687676
WB11D3470,32 Ft XXL,1.27493E+18
MH03CP9829,20 Ft XL,4143037193
NL01AA5616,32 Ft XXL,1042552918
TN88K6696,32 Ft XXL,786508389
NL01AB0946,32 Ft XXL,1168052891
HR55AJ2350,32 Ft XXL,1.27493E+18
HR55AJ1063,20 Ft XL,397104175
MH43CA4499,32 Ft XXL,589546240
MH04JK0068,20 Ft XL,3413902153
RJ10GB7909,32 Ft XXL,1840265600
TN52AC7855,32 Ft XXL,1.37286E+18
RJ11GB9602,32 Ft XXL,663241981
WB05A1861,32 Ft XL,1080031028
NL01AF9902,34 Ft XL,3731347356
HR47E6197,32 Ft XXL,1116160635
NL01Q9652,32 Ft XXL,4155498689
KA51AK1829,32 Ft XXL,3189752954
HR55AV7474,22 Ft XL,399491083
TN28BD2190,32 Ft XXL,1.27493E+18
MH14KA7411,32 Ft XXL,508365964
HR38AC4436,32 Ft XL,2111733133
HR55U7054,32 Ft XXL,1297437708
NL01AF9455,32 Ft XL,1302501575
HR38X1688,32 Ft XL,1284674657
HR38AD0318,32 Ft XL,183624329
HR55AH3630,32 Ft XXL,1.27493E+18
NL01AB3180,32 Ft XL,1768169021
MH46AR7111,32 Ft XL,299339903
NL01AC0385,32 Ft XXL,1.27493E+18
UP78DN0921,32 Ft XL,2018637452
TN28BK9693,32 Ft XXL,1533559490
HR38AE7966,22 Ft XL,572478139
MH43CE4650,32 Ft XL,2126873029
NL01AC7427,32 Ft XXL,1.41376E+18
NL01AH1016,32 Ft XXL,836748842
TN15D9671,22 Ft XL,2170556022
HR38AC0274,34 Ft XL,3216817949
MH12MV3384,32 Ft XL,2858977521
RJ10GB8525,32 Ft XXXL,1795786993
HR63F9770,32 Ft XL,3952784177
RJ11GC2128,32 Ft XXL,1751227168
KA51AG7839,22 Ft XL,1602562314
MH43BX2234,32 Ft XXL,104415644
MH04LQ0678,32 Ft XL,3226890220
TN02BR9432,20 Ft XL,1576846946
UP16FT7665,32 Ft XL,1.27493E+18
HR55AM1086,32 Ft XXL,2657042234
HR55V6544,32 Ft XXL,3234395569
MH31FC6453,32 Ft XXL,2322831403
HR55AT4660,32 Ft XL,2219265497
WB178242,32 Ft XXL,3812551316
TN36AP1697,32 Ft XXL,1.27493E+18
HR38AE4989,34 Ft XL,512034430
TN52U4299,32 Ft XXXL,1976321926
HR55AT8821,32 Ft XL,3484443326
HR63E8516,40 Ft DXL,615687181
MH40Y4659,32 Ft XXL,3148164318
NL01Q7130,32 Ft XL,1.27493E+18
RJ14GK0195,32 Ft XXL,1336161787
KA04AC5653,32 Ft XL,3442279203
HR55AP3252,22 Ft XL,49848332
MH16DF6206,32 Ft XXL,3143385980
HR55AH0752,32 Ft XXL,1.27493E+18
AP02TH1212,20 Ft XL,146167588
NL01AG1892,32 Ft XL,1.27493E+18
HR38AC0540,22 Ft XL,31340317
DL1GC8579,22 Ft XXL,4093642513
HR38V4255,34 Ft XL,469869520
KA51AK3895,32 Ft XXL,3002720573
TN25BS1053,20 Ft XL,1312175843
RJ32GD6067,32 Ft XL,1.27493E+18
DD01L9608,32 Ft XL,2752591181
NL01AB4179,32 Ft XXXL,2492278967
MH14KQ4183,20 Ft XL,1942934328
NL01AH4759,34 Ft XL,1886121876
HR38W5364,32 Ft XL,726052560
MH04KU4947,22 Ft XL,2475747465
RJ14GQ8020,32 Ft XL,314389732
MH12TV7472,20 Ft XL,491319327
KA51AJ1060,32 Ft XL,1068934149
RJ06GD4097,32 Ft XXL,56537515
HR38W9040,32 Ft XXL,1152643775
HR55AB6562,32 Ft XL,1868373273
HR55AM6562,22 Ft XL,1.27493E+18
GJ01KT5722,32 Ft XL,2571005689
RJ32GD0434,32 Ft XL,1.27493E+18
MH04LE1222,20 Ft XL,603262826
MH46BU3133,32 Ft XXL,2793079243
RJ14GR8967,32 Ft XL,2867161930
MH04LE6135,32 Ft XL,1647748010
RJ11GB9724,32 Ft XXL,1.33805E+18
HR47C3363,32 Ft XL,2898880578
TN34AJ4473,20 Ft XL,3902813005
MH44U3323,32 Ft XXL,1622030892
TN52AA6988,32 Ft XXL,1.27493E+18
KA594163,32 Ft XL,957599466
NL01AF1425,32 Ft XXL,2459640882
NL01AG0447,32 Ft XL,2146623208
NL01AJ7244,32 Ft XXL,761325456
MH04LY8530,20 Ft XL,1759951060
HR63D6723,32 Ft XL,1225747208
HR47E6354,32 Ft XL,1.27493E+18
MH47AS1756,32 Ft XXL,3268018853
HR55AB7843,32 Ft XXL,1.27493E+18
KA51AJ9884,32 Ft XXL,56537515
GJ39T0627,36 Ft XXXL,1649101344
RJ11GC5061,32 Ft XXL,3080242868
GJ27TD7532,32 Ft XL,1163544268
HR61D1131,32 Ft XL,1495002572
HR55Y6469,32 Ft XL,2143634519
KA22D9038,20 Ft XL,3065498193
HR58D0219,32 Ft XL,349728222
HR38X4339,32 Ft XL,3908165514
TN88J0551,32 Ft XXXL,1.41705E+18
GJ06AV9872,32 Ft XL,70598964
MH04LQ2783,22 Ft XL,2015568062
MH04JK4797,32 Ft XL,1036596673
TN91R2107,20 Ft XL,1908930337
RJ14GR0917,32 Ft XXL,2148477730
NL01AC9028,40 Ft DXL,3106825274
HR55X3767,32 Ft XXL,1297437708
TN37DC9187,32 Ft XL,1.27493E+18
HR38Z8245,32 Ft XL,3908165514
HR55AH5932,20 Ft XL,3000356243
GJ06BT7934,32 Ft XL,2975014919
KA51AK3907,32 Ft XXL,3002720573
KA52B8901,22 Ft XL,393160630
HR55AK7774,32 Ft XXL,3234395569
NL01AE3633,32 Ft XL,2370712691
MH46BM3693,32 Ft XXL,2744315801
HR55AL0947,32 Ft XL,3672102456
MH04JU3266,20 Ft XL,1027748821
UP15ET2632,32 Ft XXL,207943066
NL01AD8593,32 Ft XXL,3073606796
UP78GN4627,32 Ft XXL,3053775769
RJ14GT0936,32 Ft XL,4101371399
NL01Q7110,32 Ft XL,1.27493E+18
TN21BZ9857,20 Ft XL,491463336
RJ09GD3600,32 Ft XL,782744564
TN59CL8686,20 Ft XL,228288382
HR55S1429,22 Ft XL,3968807729
HR55AH7685,20 Ft XL,915213659
NL01AF8160,32 Ft XL,2337111323
RJ18GC5283,32 Ft XL,1620241690
DD01N9060,32 Ft XXXL,2412338830
TN88J9714,32 Ft XXXL,1964475697
MH46CL6218,32 Ft XXL,2160159070
RJ07GD8747,32 Ft XXL,2276939676
TN34MB8659,32 Ft XXL,1497083736
TN30BB6387,32 Ft XXL,1.38486E+18
TN88W3379,32 Ft XXL,1.3095E+18
HR74B9058,32 Ft XL,942688014
HR55AB5461,32 Ft XXL,1.27493E+18
HR55AN0726,32 Ft XL,4112769211
MH04HD5095,32 Ft XL,2564900610
TN28BH0799,32 Ft XL,2271300708
TN88H7994,32 Ft XXL,532262418
HR55AP2940,22 Ft XL,1064324287
RJ10GB2062,32 Ft XXL,1.28515E+18
GJ12BX9078,32 Ft XL,2942734151
HR38AC6045,34 Ft XL,3893606305
TN54K5834,32 Ft XXL,987325938
TN01BS6946,32 Ft XXL,1308237041
HR46F3654,24 Ft XXL,2757888850
MP09DU8716,32 Ft XXL,2562192132
MH46BF6512,32 Ft XXL,90127469
HR46F9796,32 Ft XXXL,2757888850
HR38Z0684,32 Ft XL,1046286026
KA51AK1298,32 Ft XL,3189752954
NL01AG8655,32 Ft XL,3366441845
TN36AP1735,32 Ft XXL,3943670243
TN88K9864,32 Ft XXL,2651641047
MH05EL2966,32 Ft XL,2219697164
GJ01HT1661,32 Ft XXL,133396775
TN88U7789,32 Ft XXL,1319779572
NL01Q6871,32 Ft XXL,1933505173
MH43CE1161,32 Ft XXL,1993271565
RJ40GA1931,32 Ft XL,353059615
MH31FC6369,32 Ft XXL,2322831403
UP21BN7711,30 Ft DXL,2229216445
MH04KU4362,32 Ft XL,573747521
HR55AQ8198,32 Ft XL,3398053050
NL01AG8124,32 Ft XL,842767169
DL1MB1526,22 Ft DXL,2125037562
RJ52GB0828,32 Ft XL,20414419
MH05EL7076,20 Ft XL,3017509639
RJ14GP8441,32 Ft XXL,3310646587
TN56S3375,32 Ft XL,1579908675
HR46F2171,32 Ft XXXL,3703984338
HR55AK2953,32 Ft XXL,1.27493E+18
TN39CK8915,32 Ft XXL,37099671
HR55AB5194,32 Ft XL,267942975
MH04HD7246,20 Ft XL,1814556620
NL07AA4820,32 Ft XL,1181632531
DD01U9318,32 Ft XL,3967586099
NL01AA6441,32 Ft XXL,2459640882
WB11F4477,32 Ft XXL,560318007
TN12AC4565,20 Ft XL,4116641066
KA51AJ5086,32 Ft XL,3002720573
MH04LE2027,32 Ft XXL,2546648594
HR56B1459,32 Ft XXL,1543114100
TN39CJ4949,32 Ft XXL,3312851392
NL01AF7960,32 Ft XL,2921123730
DL1MA9335,22 Ft DXL,247195055
TN23CY9648,22 Ft XL,1455734040
HR55AM3174,32 Ft XXL,1.29422E+18
RJ18GB1167,32 Ft XL,1219188435
TN879718,32 Ft XXL,1.31421E+18
NL01AE8387,32 Ft XXL,836748842
KA51AA5794,20 Ft XL,1553660681
RJ14GP0530,32 Ft XXL,1252487903
RJ11GC1790,32 Ft XL,755896143
RJ11GB9316,32 Ft XXL,1.35843E+18
RJ14GJ7429,20 Ft XL,3660680820
KA01AB3053,32 Ft XXL,1930959888
HR55AA9994,32 Ft XL,2023278004
HR55X3215,24 Ft XXL,1197936709
TN73E5855,20 Ft XL,2541946062
RJ14GP0579,32 Ft XL,3487758645
HR55S4131,32 Ft XXL,2062614801
MH46BM2564,32 Ft XL,3268018853
MH01DR3772,32 Ft XL,2526486597
RJ14GL9488,32 Ft XXL,1171116537
NL01AG1580,32 Ft XXL,3155944960
TN52AA8588,32 Ft XXL,1.27493E+18
UP87T6856,32 Ft XL Ft XL,3304413519
DN09V9837,32 Ft XL,1029620883
TN34MB8158,32 Ft XXL,3590451473
RJ09GE2110,32 Ft XL,2366795011
RJ32GD1754,32 Ft XL,2463724394
HR38X7062,34 Ft XL,2399253328
NL01AG7964,32 Ft XL,949846854
HR55AG8112,32 Ft XL,3782184908
UK06CB8003,32 Ft XL,337207618
HR55AM4822,22 Ft XL,1024890800
HR55AA6828,32 Ft XXL,559712815
TN88F4379,32 Ft XL,1.287E+18
TN10BR3440,32 Ft XL,2591512186
HR74B7181,32 Ft XL,4064930658
NL01AF2538,32 Ft XL,1763251974
HR46E8939,32 Ft XL,3888426839
KA01AN8480,32 Ft XL,1877796930
HR38AB7264,20 Ft XL,2715031614
PB13BE5267,32 Ft XL,3897150789
TN12BB1602,20 Ft XL,581693137
HR67D0266,32 Ft XXL,770859557
MH24AU9230,22 Ft XXL,2766810546
NL01AF3093,32 Ft XL,4242867162
HR38AF4933,34 Ft XL,1874062980
MH43BX3292,20 Ft XL,2126873029
NL01AC0323,32 Ft XXL,674609754
GJ15AV8077,32 Ft XL,242034592
TN88AY0439,32 Ft XXL,2124805270
HR73A9157,32 Ft XXL,812608904
RJ14GQ6566,32 Ft XXL,3752501947
HR55AL8579,22 Ft XL,1.27493E+18
HR55AC0738,32 Ft XL,2005079660
HR55AM6256,32 Ft XL,269833353
NL01AB7458,32 Ft XL,2459640882
RJ32GD3089,32 Ft XL,356233306
MH04HD6670,32 Ft XXL,2758846548
MH04MH2552,22 Ft XL,3387547965
KA52A9933,32 Ft XL,1392781138
MH40CT1032,32 Ft XXL,761325456
RJ52GA6057,32 Ft XXL,4005448948
HR55AR5801,24 Ft XL,1.27493E+18
RJ14GK5462,32 Ft XXL,2866879391
TG07T0219,32 Ft XL Ft XL,2904170378
WB23E8727,32 Ft XXL Ft XXL,1111790923
HR55AR0249,32 Ft XL,666836289
TN88U5836,32 Ft XXL Ft XXL,566148689
TN52AC7455,32 Ft XXL,1.37286E+18
MH14GU9629,32 Ft XXL,2671813342
TN39DB1699,22 Ft XL,3949078373
NL02L2092,32 Ft XL,1976137032
NL01AG5144,32 Ft XL,2903670965
RJ32GC8172,32 Ft XXL,1119986499
GJ06BV8256,34 Ft XL,104156937
RJ14GQ5824,32 Ft XXL Ft XXL,3434628435
MH46BU1487,32 Ft XL,3823797128
HR55V0991,32 Ft XL,1.27493E+18
HR74B8187,32 Ft XL,2830190730
HR46F1475,34 Ft XXXL,2757888850
HR46F8800,32 Ft DXL Ft DXL,2689313060
RJ14GN8790,32 Ft XL,1448998512
RJ11GC5359,32 Ft XL Ft XL,1188774641
HR38AB5986,32 Ft XL,1562663088
MH04HD7797,32 Ft XL,2526486597
TN34Y3090,32 Ft XL,3536538517
TN36BS8047,32 Ft XXL,12546475
KA52A9574,32 Ft XXL,3688993955
TN39CV6921,20 Ft XL,1338713815
HR67C5382,32 Ft XXL,4145909646
HR38AE1053,32 Ft XL,1303316277
KA01AJ7664,26 Ft DXL,1096548070
GJ01DV6880,30 Ft XXL,1355641096
TN93F0451,32 Ft XL,1.31557E+18
HR55AL4715,32 Ft XXL,1.27493E+18
TN54K4999,32 Ft XXL,3104665516
MH43BP5294,32 Ft XXL,1.37249E+18
HR38S5668,32 Ft XL,1465917396
HR61D0902,32 Ft XL,1200752148
DD01F9884,22 Ft XL,2963006445
TN88J1693,32 Ft XXL,3825710874
MH43BP7751,20 Ft XL,2126873029
MH43BX8051,32 Ft XL,1.37249E+18
KA01AM1014,32 Ft XXL,1.28381E+18
HR38X7334,32 Ft XXL,3774299076
MH31FC3951,20 Ft XL,2322831403
HR62A0576,32 Ft XL,959619212
HR38X9081,32 Ft XL,1874062980
GJ01DZ3618,32 Ft XL,785393395
KA52C1890,22 Ft XL,2142715244
MH04JK4525,32 Ft XXL,632606191
TN52AD2541,26 Ft DXL,722363753
HR55AL8411,32 Ft XXL,1.27493E+18
HR38AE5168,34 Ft XL,1017497294
MH12PQ4951,24 Ft DXL,350259233
HR38AA9810,32 Ft XXL,1682989489
RJ26GA2702,40 Ft DXL,3023042143
TN24AJ2034,32 Ft XXL,2114355974
RJ14GN8200,32 Ft XL,1645396204
MH42AQ2721,32 Ft XL,1884815561
HR47G1116,32 Ft XL,3584401640
KA02AJ5864,22 Ft XL,3779751405
HR38V6641,32 Ft XL,4165400860
RJ11GB9364,32 Ft XXL,3145915931
RJ40GA4890,32 Ft XXL,2002687540
HR74B5298,22 Ft XL,4062060181
HR38AD2035,34 Ft XL,4239308576
HR55AM5785,32 Ft XXL,2657042234
HR67B9935,26 Ft DXL,3504217824
TN52AA1915,32 Ft XXL,2010931611
TN39CY2137,32 Ft XL,4275884878
HR55Y8469,32 Ft XXL,2142187872
HR55AD3791,32 Ft XXL,2715223503
HR55W8939,32 Ft XXL,3305250565
MH43CE4652,32 Ft XL,2126873029
HR38AC6403,32 Ft XXL,3509917328
RJ32GC6409,32 Ft XL,1873564887
MH44U9033,32 Ft XXL,329336430
RJ10GB6412,32 Ft XXL,3887912970
MH04LE9319,20 Ft XL,620207144
WB25K3107,22 Ft XXL,3658420409
RJ14GL8065,32 Ft XXL,834023770
MH11CH9901,32 Ft XL,4031568064
NL01AH1698,32 Ft XL,3104138433
HR55V6235,32 Ft XL,1.27493E+18
RJ10GB4983,32 Ft XL,1038921782
MH04LE3222,20 Ft XL,173012235
RJ32GD0812,32 Ft XL,265122025
RJ32GD4812,32 Ft XL,265122025
RJ14GN5087,32 Ft XXL,4005448948
RJ11GC8997,32 Ft XXL,1.33805E+18
MH04LY5053,32 Ft XXL,3828730693
MH11CH9900,32 Ft XL,4031568064
TN34MA4799,32 Ft XXL,3160359729
GJ12BX6069,40 Ft DXL,1649101344
MH12PQ7727,32 Ft XXL,2710230084
NL01AF9344,30 Ft DXL,3364769651
NL01AA2344,32 Ft XXL,611792937
MH04GR3717,32 Ft XXL,1.30772E+18
HR69B7542,32 Ft XL,3584239108
KA52B4925,32 Ft XL,1851269370
RJ14GP5644,32 Ft XL,2288705459
HR55AF2577,32 Ft XXL,3648094054
MH04KF7812,32 Ft XL,573747521
UP36AT0952,22 Ft XL,905400072
HR55AP6061,22 Ft XL,20079860
RJ32GC4337,32 Ft XL,2733485050
HR55AE2132,32 Ft XL,2733533833
HR74B0744,32 Ft XL,1752156159
HR47F1659,32 Ft XL,870421878
NL01AF4617,32 Ft XL,4165400860
NL01AG6303,32 Ft XL,2914938575
RJ11GB5537,32 Ft XXL,795144702
HR55AF0414,32 Ft XL,2463724394
HR38X9469,32 Ft XL,4165400860
TN39CS3865,32 Ft XL,4018974809
TN88J2921,32 Ft XXL,1225371014
DL1GC4386,32 Ft XXL,680015610
HR55AJ7427,32 Ft XL,1.36953E+18
GJ01ET0547,32 Ft XL,752912893
MH05EL5431,20 Ft XL,1595304619
DD01M9188,32 Ft XXL,2412338830
MP09GH5028,32 Ft XXL,667083889
HR38V9297,34 Ft XL,955834925
NL01AE0432,32 Ft XL,2225745508
HR38AC1288,32 Ft XL,1599883026
HR55AL8983,32 Ft XL,515545083
RJ32GD3531,32 Ft XL,22864725
MH04LQ2289,20 Ft XL,2327458979
NL01AH5589,32 Ft XXL,1617854670
NL01AG1122,32 Ft XL,2005079660
NL01AG7333,36 Ft XXXL,533252639
NL01AH2171,32 Ft XXL,154705261
MH46H7027,40 Ft DXL,4136868482
HR38AC6167,22 Ft XL,1558659267
MH46BU8335,20 Ft XL,2173719893
HR55AN1921,32 Ft XL,2219265497
HR55AT6414,32 Ft XL,1873564887
HR55AB5644,32 Ft XXL,1.27493E+18
TN45BF7735,32 Ft XL,4094944893
RJ14GP1945,32 Ft XL,2180774793
DD01M9409,32 Ft XXL,2412338830
HR55AF8677,32 Ft XXL,3648094054
MH04LQ2406,32 Ft XL,2545997179
AS01NC9278,32 Ft XXL,2791051512
RJ21GD3789,32 Ft XXL,2090121953
MH43BX1973,21 Ft DXL,1377538525
KA01AJ0614,32 Ft XXL,1185057580
KA09AA0468,32 Ft XXL,1.29034E+18
HR74B6065,20 Ft XL,3241554940
MH20DE5184,32 Ft XL,250929381
MH40BG6139,32 Ft XXL,877707086
RJ11GC5362,32 Ft XXL,4119784991
MH14KA8311,32 Ft XL,508365964
MH05DK1474,32 Ft XXL,3154981282
RJ11GB9215,32 Ft XXL,1040306705
CH01TB8845,32 Ft XXL,2838899538
HR38X0279,34 Ft XL,1263168055
UP54T4357,24 Ft DXL,3504217824
KA51AJ4202,32 Ft XXL,1419639143
GJ27TD5452,32 Ft XXL,709999871
TN42AJ8548,24 Ft XXL,3414398029
HR66B2679,32 Ft XXL,2733485050
WB05A1869,32 Ft XL,1080031028
HR66B0313,32 Ft XXL,823897004
MH40CD8454,20 Ft XL,3977043161
MH04KU8629,20 Ft XL,407106004
MP09GH8628,32 Ft XL,3187139634
DL1MA9147,22 Ft XL,1210935453
HR46F4478,22 Ft XL Ft XL,3274342187
TN28BK4644,32 Ft XXL,2135437450
MH04HD8498,20 Ft XL,1259620876
HR55AK6571,32 Ft XXL,3648094054
MH04HD0470,20 Ft XL,248122003
WB05A2123,32 Ft XL,1080031028
HR38U3374,34 Ft XL,1017497294
HR55AM0817,32 Ft XXL,2657042234
RJ10GB5674,32 Ft XL,2584378470
TN51AU3497,20 Ft XL,4090781766
KA51AH4713,32 Ft XL,511547080
HR47B8897,34 Ft XL,3263664083
HR38W9755,32 Ft XXL,3770692317
MH43BX7370,32 Ft XL,1.37249E+18
HR55AH3358,32 Ft XXL,1.27493E+18
TN37EX3585,20 Ft XL,1908930337
TN34AF5439,32 Ft XL,3094209217
TN88K0217,32 Ft XXL Ft XXL,3495071381
DD01R9429,32 Ft XXL,1784565714
DD01N9358,22 Ft XL,2188882136
HR55AP7438,22 Ft XL,2124372307
UP84AT4516,32 Ft XL,2191379167
GJ01DZ5911,32 Ft XL,2760994774
HR55AK7757,22 Ft XL,3658889535
RJ32GC2608,32 Ft XL,3903017239
RJ09GD1521,32 Ft XL,2663887007
WB175169,32 Ft XXL,3812551316
TN56K7355,20 Ft XL,152803758
KA51AF6315,20 Ft XL,2329708304
KA09AA0386,32 Ft XXL,1.29034E+18
MH46BM2739,32 Ft XL,1.27493E+18
MH04LY9095,20 Ft XL,2439808669
MH04HY8703,20 Ft XL,4130665628
HR55AH6007,32 Ft XXL,1.27493E+18
HR65A6651,32 Ft XXL,2322689137
NL01AG9058,32 Ft XXL,2638422073
MH03DV3530,20 Ft XL,3051829396
NL01AC3640,32 Ft XXL,1.33805E+18
KA01AF5977,32 Ft XXL,3536538517
RJ10GA7312,32 Ft XL,2584378470
TN88K7260,32 Ft XXL,1.36054E+18
HR38X7775,32 Ft XL,1490039778
MH04KU9923,32 Ft XL,3276937431
RJ18GB4319,32 Ft XXL,459124687
HR38AB7232,34 Ft XL,1788205992
CH01TB6050,32 Ft XXL,2838899538
KA52B3538,32 Ft XL,3425071364
DD01P9927,32 Ft XL,1702125004
RJ52GA8871,32 Ft XXL,1895681445
MH04KU4064,20 Ft XL,966991204
HR55AH5061,32 Ft XXL,2746782088
KA01AH4656,32 Ft XL,1.30119E+18
HR55AR3778,32 Ft XXL,1.27493E+18
MH12MV4531,32 Ft XL,4100923775
NL01AC7521,32 Ft XL,1508770843
WB05A1807,32 Ft XL,1080031028
RJ14GL9748,32 Ft XXL,4130478601
RJ11GD0494,32 Ft XXL,2358251102
RJ19GE9271,32 Ft XL,3298950012
RJ11GB9731,32 Ft XXL,1.33805E+18
RJ14GN2165,32 Ft XL,292170901
WB05A2035,32 Ft XL,1080031028
TN02BE4632,32 Ft XXXL,3195117847
KA01AF8052,32 Ft XXL,1930959888
MH04LY2923,32 Ft XXL,3933117663
RJ32GC1053,32 Ft XXL,465412840
NL01AE8136,32 Ft XXL,1.27493E+18
MH43BP6245,32 Ft XXL,1.37249E+18
MH04LY9034,32 Ft XL,3933117663
HR55AK0488,22 Ft XL,3437591882
HR55AR2930,32 Ft XXL,1.29422E+18
HR55AM3224,32 Ft XL,148669732
TN12AV5499,32 Ft XXL,1.39961E+18
MH04KF7805,32 Ft XL,573747521
HR55AJ2190,20 Ft XL,1.27493E+18
HR55T1852,32 Ft XXL,3234395569
HR55AL1284,32 Ft XL,234476758
TN52F8708,32 Ft XXL,1.27493E+18
NL01AB1741,32 Ft XXL,2263179590
WB73G7394,22 Ft DXL,290570608
MH46CL2365,32 Ft XXL,855402536
HR38AA7335,34 Ft XL,2842289734
KA51AG8198,32 Ft XXL,1419639143
NL01AG2496,32 Ft XXL,2254802433
TN52L6925,32 Ft XXXL,1.37286E+18
KA02AH8497,32 Ft XL,1.29971E+18
TN12L6292,32 Ft XXL,3594982882
HR69F4848,32 Ft XL,22864725
GJ06BX3286,32 Ft XL,2707320324
HR38W6129,32 Ft XL,1152643775
KA01AE9876,32 Ft XXL,1930959888
KA01AJ0025,20 Ft XL,1.28381E+18
HR38AE1023,34 Ft XL,512034430
NL01N2431,32 Ft XL,3795148479
NL01AG8760,32 Ft XXL,2904170378
PB04S9475,32 Ft XL,900008320
HR55AM3202,22 Ft XL,1181632531
GJ18AZ3727,32 Ft XL,2651560669
MH23AU5204,22 Ft DXL,3725966953
RJ14GG6077,32 Ft XXL,1902534345
HR38AC8680,32 Ft XL,3908165514
MH31FC5118,32 Ft XL,2322831403
MH43BP4598,20 Ft XL,2126873029
MH04GC7892,32 Ft XXL,2062614801
NL01AB2447,32 Ft XXL,1.27493E+18
MH43BP1488,20 Ft XL,1362167283
TS08UB2120,32 Ft XXL,3829683448
NL01AE0072,32 Ft XXL,1.27493E+18
RJ10GA8578,32 Ft XL,1806535522
RJ11GC0216,32 Ft XXL,2150598927
TN88V3769,32 Ft XXL,1.3095E+18
KA01AE8707,32 Ft XXL,1930959888
HR55AM0524,32 Ft XL,1.36953E+18
TS15UF6656,32 Ft XXL Ft XXL,21598721
TN28BF9698,32 Ft XXL,1.3391E+18
MH04MH1440,32 Ft XL,2407169107
HR55AL4375,32 Ft XL,2503455934
HR55AL3563,32 Ft XL,3732342199
HR55AM0728,32 Ft XL,4112769211
NL01AE0391,32 Ft XXL,1.27493E+18
NL01AE2517,32 Ft XL,3645425668
BR02GC7442,30 Ft DXL,3401821785
HR38X9656,32 Ft XL,404710093
MH05EL5432,20 Ft XL,1595304619
HR38S7514,32 Ft XXL,744933130
HR55AK2569,32 Ft XXL,1.27493E+18
MH46BU4889,32 Ft XXL,2160159070
WB05B3876,32 Ft XXL,1080031028
HR55AL7516,32 Ft XXXL,1.29422E+18
HR56B9313,32 Ft XL,2994993835
NL01AE0419,32 Ft XL,1763251974
MH12MV7489,34 Ft XL,834790516
NL01AB9982,32 Ft XXL,3984391540
MH43BP5295,32 Ft XXL,1.37249E+18
UP85CT0196,32 Ft XL,2081056071
HR55AB7641,32 Ft XL,660306089
RJ32GD5693,32 Ft XL,334548386
RJ32GC6990,32 Ft XL,3759915411
RJ18GC2444,40 Ft DXL,178812621
NL01AF4091,32 Ft XL,1324027201
HR38X1915,32 Ft XXL,1843428836
GJ16AW3086,34 Ft XXL,894334680
MH40CM8626,20 Ft XL,385828317
RJ52GA6844,32 Ft XL,3240727430
TN12AS6340,20 Ft XL,4123373749
NL01AC4625,34 Ft XL,1288404065
KA51AK3201,32 Ft XXL,154705261
GJ12BY0862,36 Ft XXXL,1649101344
UP25BT5665,32 Ft XXL,1900996983
TN16E0138,32 Ft XXL,1.36553E+18
DL1MA7915,22 Ft XL,2854963983
MH04LQ3150,22 Ft XL,2138596688
UP30DT3892,32 Ft XL,3393466958
HR65A3904,32 Ft XXL,2523575791
RJ11GC5192,32 Ft XXL,3660676724
MH04GC7677,32 Ft XL,4045897604
NL01AC2488,32 Ft XXL,1.27493E+18
DL1MA7360,20 Ft XL,2567111398
MH12VT1836,32 Ft XL,3185182714
KA567927,32 Ft XXL,1473433051
HR55AM3057,32 Ft XL,1982572239
TN39DZ0699,32 Ft XXL,1.27493E+18
HR55AR4499,24 Ft XL,20079860
HR55AL4895,32 Ft XL,539372227
RJ14GJ2029,32 Ft XXL,1463879186
MH46BU0725,20 Ft XL,1189264047
HR38AC4579,32 Ft XL,1868373273
RJ18GC4777,32 Ft XXL,2586781197
HR55AK1183,32 Ft XXL,1.27493E+18
GJ18BT9930,32 Ft XL,3805031758
NL01N7468,32 Ft XXL,1355641096
TN04AY4160,32 Ft XL,1.2884E+18
UP78DN2737,32 Ft XL,1391274536
RJ32GD2026,32 Ft XXL,779853357
MH04JK0487,20 Ft XL,4130665628
HR74A9697,32 Ft XXL,1039781994
KA51AJ5432,32 Ft XL,1726171411
MH43Y5052,20 Ft XL,1259620876
RJ14GK6508,32 Ft XL,3615047490
UP47T3645,32 Ft DXL,3504217824
KA52B6172,32 Ft XXL,2966058994
RJ11GC2001,32 Ft XL,21951928
NL01AC2408,32 Ft XXL,2263179590
RJ32GC2257,32 Ft XXL,3553993300
RJ09GC9615,32 Ft XXL,806780729
TN52F8947,32 Ft XXL,1.27493E+18
MH15JC0804,32 Ft XL,730477337
NL01AC7080,32 Ft XXL,3984391540
MH43BG5983,32 Ft XXL,104415644
HR55S8070,32 Ft XXL,2045484468
HR38AD3191,32 Ft XL,2858977521
HR55W6568,32 Ft XL Ft XL,3028474224
MH46BU1485,32 Ft XL,1969318257
TN88AY1656,32 Ft XXXL,730065246
NL01AE5718,32 Ft XL,1763251974
TN28BK1467,32 Ft XXL,2510445634
MH04KU4011,32 Ft XL,573747521
NL01AA0939,34 Ft XL,4283091504
DD01J9265,32 Ft XL,92539438
MH40CM4049,32 Ft XL,354247008
HR46F0458,32 Ft XXXL,2757888850
KA01AR2243,32 Ft XXL,3214209819
RJ14GP0247,32 Ft XL,3117296538
MH46BB4671,32 Ft XL,2322831403
TN88U2965,32 Ft XXL,700660184
RJ14GG0956,32 Ft XXL,4005448948
RJ32GC0408,32 Ft XL,92539438
MH04KU7094,32 Ft XL,2657052929
GA04T4284,32 Ft XXL,1116300122
TR05F1700,32 Ft XL Ft XL,613390843
HR55AC4872,32 Ft XXL,881402851
HR55AK9020,22 Ft XL,4263334231
NL01Q3736,32 Ft XXL,4154186524
MH43BG5683,32 Ft XXL,104415644
HR55AK9959,22 Ft XL,1653080558
HR55AL1654,22 Ft XL,2345315178
WB23C5205,32 Ft XL,2613372579
TN55BM4236,32 Ft XL Ft XL,3856818289
NL01Q0785,32 Ft XXL,2549420806
KA51B3056,32 Ft XXL,2163851750
HR55AC2048,30 Ft XXL,3648094054
MH04LQ2310,32 Ft XXL,2496391614
HR38AD2195,22 Ft XL,3719290741
DL1MA3450,20 Ft XL,2038978574
HR63F2372,32 Ft XL,108382784
HR38AG0308,32 Ft XL,2447723031
HR55AC3432,22 Ft XL,3296089010
HR55AK1173,22 Ft XL,3387547965
HR55AK1473,22 Ft XL,4066882493
HR38AC5725,22 Ft XL,3650087014
HR47D7648,32 Ft XL,3490423401
NL01AC8921,32 Ft XL,586056444
MH43Y4741,32 Ft XL,1407618984
DL1MA5010,22 Ft XL,3722569308
NL01AG0201,32 Ft XXL,2459640882
RJ14GR4442,32 Ft XL,1625775589
HR47E0333,32 Ft XL,1.27493E+18
MH04JK2860,20 Ft XL,3533445298
RJ14GP1618,32 Ft XL,2180774793
HR47D2086,32 Ft XL,1.27493E+18
NL01AG7322,36 Ft XXXL,533252639
MH04GR6885,32 Ft XL,2564900610
UP75AT3685,32 Ft XL,3895148833
MH04JK4802,32 Ft XL,1844772152
TN52AB3399,32 Ft XXL,1.27493E+18
HR55AM1550,24 Ft XL,20079860
TN88AZ3233,32 Ft XXXL,4141229987
HR38T8234,32 Ft XL,1498431023
TN52J2140,32 Ft XXL,1.27493E+18
WB177599,22 Ft XL,2949079549
HR55AN1550,22 Ft XL,3216261906
MH12MV6301,32 Ft XXL,2260064567
HR55AR0208,32 Ft XL,660306089
HR55AP2170,32 Ft XL,435173612
UP53HT0422,32 Ft XXL,3914731708
RJ11GC0047,32 Ft XXL,1.27493E+18
MH04JK9679,20 Ft XL,3371283082
HR55AN3126,32 Ft XL,1.29422E+18
NL01G2737,32 Ft XXL,1.33853E+18
HR38X1768,34 Ft XL,1263168055
TN88E4428,32 Ft XL,1.3945E+18
RJ14GR4565,32 Ft XXL,1751377926
NL01AF7882,32 Ft XL,1708392131
GJ27TT1466,32 Ft XXL,4246959960
MH46BU3379,32 Ft XXL,855402536
NL01AH7896,32 Ft XL,1.27493E+18
MH04KU3168,20 Ft XL,3933117663
DL1LAG2747,14 Ft XL,2345315178
TN05CE4458,24 Ft XL,2056925208
RJ32GB6369,32 Ft XL,3859975209
RJ18GA7483,32 Ft XXL,1.28515E+18
MH47BL8642,32 Ft XL,1844772152
HR55AC0342,32 Ft XXL,1.34095E+18
WB11F2142,32 Ft XXL,3876917080
MH14HU7520,32 Ft XXL,1703075374
NL01AF2038,32 Ft XXL,1.27493E+18
HR55AG9216,32 Ft XL,3778460613
KA52A9947,20 Ft XL,428365861
HR55AR3199,22 Ft XL,307838769
RJ14GR1735,22 Ft XL,925660038
NL01AC7554,32 Ft XL,3491442557
TS07UK5563,32 Ft XL Ft XL,3649422397
HR55AR8135,32 Ft XXL,1.27493E+18
PB13BD2738,32 Ft XL,1431040845
MH14KA3999,32 Ft XXL,589546240
HR61E2438,32 Ft XXL,1495002572
UP63AT0020,30 Ft DXL Ft DXL,3401821785
MH04KF7793,20 Ft XL,108749163
HR55AH5683,32 Ft XXL,1.27493E+18
HR55AK9855,22 Ft XL,616191173
HR55AF8877,32 Ft XXL,3648094054
MH04LQ1640,32 Ft XL,200509188
KA51AH8963,32 Ft XL,1726171411
HR55AQ9150,24 Ft XXL,1902534345
MH43BP4595,20 Ft XL,2126873029
HR38T5012,32 Ft XL,3263664083
TN39DX5472,20 Ft XL,3946541699
MH04KU5147,20 Ft XL,1.27493E+18
KA01AH4655,32 Ft XL,1.30182E+18
TS07UL4078,32 Ft XXL,2368084487
MH04HY2132,32 Ft XL,1763251974
TN52J7911,32 Ft XXL,1.37286E+18
NL01N4825,32 Ft XXL,1.27493E+18
KA01AQ7364,32 Ft XXL,3214209819
HR38AC2081,22 Ft XL,1558659267
MH43BX8971,32 Ft XL,1.37249E+18
MH04KF1686,32 Ft XXL,2718661616
HR47C9379,32 Ft XXL,1.27493E+18
HR47C2376,32 Ft XXL,858282445
HR38AD7513,24 Ft XL,2993437593
HR55AB0701,32 Ft XXL,1750554841
HR55AL5988,32 Ft XL,3672102456
KA51AF6226,32 Ft XXL,570434649
HR61E1556,24 Ft XL,2403252776
HR38AC5089,34 Ft XL,2808252287
NL01AA7092,32 Ft XL,291465903
NL01K9320,32 Ft XXL,3876917080
TN42AK4554,22 Ft XL,3779518540
MH04HY2135,32 Ft XXL,3413832098
MH43CA1499,32 Ft XXL,589546240
TS07UK5118,32 Ft XXL,3829683448
MH04LE2442,32 Ft XL,200509188
KA51AG3564,24 Ft XXL,1861644730
AS01NC5419,32 Ft XXL,134244205
TN88U9499,32 Ft XXL,3145471621
NL01L6542,32 Ft XXXL,1.34396E+18
RJ47GA3740,30 Ft DXL,4255940877
MH12UM1144,32 Ft XXL,641754499
RJ09GB4389,32 Ft XXL,1498094060
TN88H7911,32 Ft XXL,232755880
KA51AH6585,32 Ft XXL,2782874388
KA01AJ1592,32 Ft XXL,1185057580
TN28BF9088,32 Ft XXL,1.3095E+18
HR38AC3544,34 Ft XL,3216817949
HR55AB9012,32 Ft XL,660306089
MH46BB8584,32 Ft XXL,1477332237
TS07UK9276,32 Ft XXL,3829683448
MH14GU1560,32 Ft XXL,2671813342
HR38AC5926,34 Ft XL,3216817949
MH14HU0662,32 Ft XL,854573836
DD01J9695,32 Ft XL,1595332775
RJ32GC8540,32 Ft XL,2546199617
TN28BW3489,32 Ft XXL,2564284815
HR55V1138,32 Ft XXL,1026069066
MH04LY0307,20 Ft XL,2767863383
KA51AK2194,32 Ft XXL,3189752954
TN909311,32 Ft XL,552888187
HR73A3967,32 Ft XL,2951181649
RJ14GK4703,32 Ft XXL,3976597424
TN49CP9427,20 Ft XL,1908930337
RJ09GB5540,32 Ft XXL,1498094060
BR06GE1796,32 Ft XL,1675607123
MH04JU8996,32 Ft XXL,471894188
DD01L9438,20 Ft XL,1133569185
HR55Y0414,32 Ft XXL,1.34095E+18
RJ14GP5517,32 Ft XL,875504629
HR55AV6142,32 Ft XL,2463724394
MH04JK1433,20 Ft XL,3413902153
TN52AD1752,32 Ft XXL,2087687405
KA51AH8964,32 Ft XL,1726171411
TN42AC3389,32 Ft XL,1.27493E+18
HR38AC3969,34 Ft XL,3216817949
MH12WJ0634,32 Ft XXL,3588927568
RJ14GR6394,32 Ft XL,956831550
RJ02GC6401,32 Ft XXL,21951928
HR55AM3221,32 Ft XL,586056444
KA51AG5681,32 Ft XXL,3610748696
RJ10GB2061,32 Ft XXL,1840265600
MH40Y4656,32 Ft XXL,3073606796
HR55AT0302,32 Ft XL,374678490
AS02DC8357,32 Ft XL,3584741597
NL01AG0576,34 Ft XL,17667683
HR39F7602,32 Ft XL,644321050
HR38AH7984,32 Ft XL,3908165514
KA51AG1709,20 Ft XL,2192548172
MH40CM1083,20 Ft XL,3526396359
HR55AN4419,32 Ft XL,2219265497
HR55AL4266,22 Ft XL,2859755959
HR73A3716,32 Ft XXL,2074766361
RJ14GN4724,32 Ft XXL,1636044491
MP09GH0549,32 Ft XL,667083889
TN39CK4725,32 Ft XXL,1.33082E+18
NL01AE6941,32 Ft XXL,1.27493E+18
UP21CT3095,32 Ft XXL,614429144
TN52AD3888,32 Ft XXL,1.27493E+18
MH40CT4049,32 Ft XL,354247008
HR55AM2713,22 Ft XL,307838769
NL01AB2446,32 Ft XXL,1.27493E+18
MH04LE1766,32 Ft XL,3678859715
TN88J6724,32 Ft XL,2672088652
TN52M9776,32 Ft XXL,2463131370
TN52F7664,32 Ft XXL,4124525401
TS12UE3899,32 Ft XXL,1617854670
TN88U2016,32 Ft XXL,902512755
KA01AJ8665,32 Ft XL,3905849175
MH12LT4305,32 Ft XL,2526486597
MH12VT1837,32 Ft XL,3185182714
RJ09GB9165,32 Ft XXL,1183707012
KA594535,20 Ft XL,3189752954
TN52AB9741,32 Ft XXL,2851922560
PB13BN6278,32 Ft XXL,1.41783E+18
HR55AQ6246,32 Ft XL,1038921782
TN21BT1540,20 Ft XL,2378499648
NL01AC4901,32 Ft XXL,3193912759
KA01AL1288,32 Ft XXL,1.37286E+18
NL01AG2321,32 Ft XL,586056444
UP21CN4595,32 Ft XL,2215068666
UP78GT8227,32 Ft XXL,3053775769
TN34MB9546,32 Ft XXL,3590451473
MH04JU6083,32 Ft XXL,471894188
DL1MB0350,24 Ft XL,1749568162
HR55AB2077,32 Ft XXL,1.34095E+18
NL01AG2282,32 Ft XXL,2245822685
HR47F0111,32 Ft XL,3584401640
HP12E6375,32 Ft XXL,2132726553
NL01AE7632,32 Ft XL,1439322943
TN34R3890,32 Ft XXL,4224017268
TN52AC4802,32 Ft XXL,2851922560
MH04HD5526,32 Ft XL,940945578
MH44U2141,24 Ft XL,3796371176
HR55AF1377,32 Ft XXL,2845904092
HR55AH7763,32 Ft XXL,1.27493E+18
TN19AL7078,32 Ft XXL,387829813
HR55AP1957,32 Ft XL,4224261776
NL01AA6793,32 Ft XL,1310073092
RJ23GB5061,32 Ft XL,1.27493E+18
DD01N9391,32 Ft XXL,163511175
KA51AH8555,32 Ft XXL,3073368300
TN52R6394,32 Ft XXL,1.32425E+18
HR38AC2331,32 Ft XXL,3488081982
TN52AD1093,32 Ft XXL,2087687405
HR38AA9601,32 Ft XL,4023146082
TN42AJ8401,32 Ft XL,1192105539
TN45BF7943,32 Ft XXL,4094944893
KA52A4945,32 Ft XL,570434649
TN02BU8623,32 Ft XXL,1.29308E+18
HR55AE9888,22 Ft XL,1.27493E+18
HR55U9689,32 Ft XXL,2732168012
WB05A3974,32 Ft XL,1080031028
HR55AP0649,32 Ft XL,2023278004
KA02AH8498,32 Ft XL,1.29971E+18
RJ11GC2899,30 Ft DXL,3720023400
MH43BX7004,32 Ft XL,1.37249E+18
HR55AR2513,32 Ft XL,374678490
MH04LY3535,22 Ft XL,3035918602
NL01AF9545,40 Ft DXL,2309716914
DL1MA4814,20 Ft XL,34414982
PB13BS2819,32 Ft XXL,1.41783E+18
TN52D5405,24 Ft DXL,442265331
MH46CL3671,32 Ft XXL,2793079243
GJ27TD3625,32 Ft XXL,133396775
TN12AU2754,32 Ft XXL,2792505996
PB11CJ3447,32 Ft XXL,2072286350
HR47E4660,22 Ft XL,324703824
MH14FT1649,32 Ft XXL,4100923775
DD01Q9689,32 Ft XXL,1784565714
TN54AA4297,30 Ft DXL,722363753
HR38AF6151,32 Ft XL,346898820
GJ12BY0668,40 Ft DXL,1649101344
HR38V1070,34 Ft XL,4281343464
RJ10GB6655,32 Ft XL,1219188435
HR55AL5286,32 Ft XXL,1.27493E+18
HR38Y4209,20 Ft XL,1.35842E+18
UP84BT0235,32 Ft XL,982856193
RJ47GA3899,34 Ft XXL,4255940877
NL01AG7694,36 Ft XXXL,533252639
HR55AL3306,32 Ft XL,2594083566
HR47F1652,20 Ft XL,4186992177
HR55AL2694,32 Ft XL,1982572239
RJ09GB4671,32 Ft XL Ft XL,3677704751
NL01AB2359,32 Ft XXL,1168052891
HR55AK1152,22 Ft XL,1.27493E+18
MH46BU2317,32 Ft XL,960632885
HR38AC1698,32 Ft XL,759141546
NL01AH2639,32 Ft XL,1.27493E+18
MH04LQ9744,22 Ft XL,3108073027
HR74B1185,32 Ft XXL,1238476654
KA593756,32 Ft XL,1341297440
NL01AD5271,32 Ft XXL,4082689178
HR55AL1645,32 Ft XL,815520397
RJ10GB2180,32 Ft XL,1773597366
NL01AF2958,32 Ft XXL,1111699978
KA568651,32 Ft XXL,334273517
RJ14GQ3247,36 Ft XXXL,361831879
MH12SF8100,20 Ft XL,312022755
NL01AB7962,32 Ft XL,1209239541
HR55AL8324,32 Ft XL,4112769211
RJ52GA7451,32 Ft XXL,1147749398
HR55AH4158,32 Ft XXL,1.27493E+18
NL01AG7902,36 Ft XXXL,533252639
HR47C5296,32 Ft XL,4108629306
KA51AJ4021,32 Ft XXL,1.27493E+18
TN57CV0798,20 Ft XL,3534123485
TN48BZ8579,20 Ft XL,1472879969
HR55AM9545,32 Ft XXL,1.27493E+18
GJ06AX0431,32 Ft XL,104156937
HR55AN9033,32 Ft XL,2219265497
DD01K9890,32 Ft XL,2412338830
KA568363,32 Ft XXL,952918089
TN52AB6392,32 Ft XL,1.29099E+18
TN28BK3763,32 Ft XXL,259258626
MH46BU5464,32 Ft XXL,855402536
HR38AE3020,32 Ft XL,808752020
HR38AB2007,32 Ft XL,1599883026
GJ06AT6477,32 Ft XL,104156937
RJ11GC3624,32 Ft XXL,3659741175
NL01AC2981,32 Ft XL,1324027201
MH46BF8335,20 Ft XL,2173719893
TS07UE9857,32 Ft XXL,3829683448
MH04LQ1904,32 Ft XL,573747521
BR06GF1786,32 Ft XL,1675607123
WB11F4586,32 Ft XL,3855800101
TN52AC7188,32 Ft XXL,1.27493E+18
HR55W0614,32 Ft XL,3672102456
MH04HD2990,20 Ft XL,3254655880
MH04LY0042,32 Ft XXL,1675607123
HR68B8367,32 Ft XL,2031875708
UP21CN3253,32 Ft XL,2215068666
TN28BJ7490,32 Ft XXL,3365567801
MH04JK0139,32 Ft XL,1763251974
TN09CY6849,20 Ft XL,2288924112
RJ14GG2893,32 Ft XL,3615047490
GJ06BT4270,32 Ft XL,104156937
TN54V5848,20 Ft XL,3742945665
HR55AR2578,32 Ft XL,1.3653E+18
TN54V3479,20 Ft XL,1154944470
TN39CR1891,32 Ft XL,1016904326
KA51AH0156,22 Ft DXL,1921332508
RJ52GA7115,32 Ft XL,3829863930
MH12UM4672,32 Ft XL,1440907567
MH04HY8067,20 Ft XL,3045574443
RJ14GT1407,32 Ft XXXL,1524180104
HR55AB5575,32 Ft XL,2463724394
NL01AD9751,32 Ft XL,1324027201
NL01AE2376,32 Ft XL,1.27493E+18
BR02GC7938,30 Ft DXL,3401821785
MH04LY0857,32 Ft XXL,973970333
HR55AE5407,32 Ft XXL,1.34095E+18
MH04MH4316,32 Ft XL,1992763844
HR55AN0689,32 Ft XL,1.29422E+18
RJ14GR0804,32 Ft XL,84325718
MH04JK6158,22 Ft XL,284177498
MP09GH6640,32 Ft XL,667083889
MH46CL5160,32 Ft XXL,3944964191
HR38AC3796,32 Ft XL,2003063906
RJ09GB4385,32 Ft XXL,1498094060
MH47BL0770,32 Ft XL,1403711368
DD01U9031,22 Ft XL,1850776434
DL1MB2139,22 Ft XL,2737089031
UP53GT4184,32 Ft XL,807951713
RJ32GD8241,32 Ft XL,3692257019
MH04DS1022,20 Ft XL,3486176346
TN18AP4764,32 Ft XXL,4052447887
NL01Q3328,32 Ft XXL,1851720689
HR55AS4146,32 Ft XL,2153189426
MH46CL1096,32 Ft XL,2898468466
WB61B1269,22 Ft XXL,3114406974
MH42AQ3311,32 Ft XL,1032741780
HR38AD3433,32 Ft XL,1.27493E+18
NL01AG4306,32 Ft XL,1.27493E+18
HR74B5179,32 Ft XL,762327543
TN88H8238,32 Ft XXL,2361821579
HR55T2196,32 Ft XXL,3582494891
DD01R9802,22 Ft XXL,2845904092
MH04JU3367,32 Ft XL,242377121
MH04MH3846,20 Ft XL,850810091
RJ47GA3526,34 Ft XXL,4255940877
HR55AM6614,22 Ft XL,4262854756
NL01L1562,32 Ft XL,1.27493E+18
TN52R6288,32 Ft XXL,1.37286E+18
KA568832,32 Ft XXL,2952713405
HR38AG3375,24 Ft XL,250896138
HR55AK0466,32 Ft XL,1.27493E+18
DL1MA5437,24 Ft XL,1.30729E+18
RJ32GD4368,32 Ft XL,1993271565
HR63C2113,32 Ft XL,1748235747
TN36BS9073,32 Ft XXL,12546475
MH14KA0035,22 Ft XL,1251745391
TN69BY7078,32 Ft XXL,1.36553E+18
WB11E5803,32 Ft XL,1896775425
RJ22GB4960,32 Ft XXL,585859427
NL01AH4233,34 Ft XL,611100283
AS01NC9469,32 Ft XXL,2791051512
HR38AA1162,32 Ft XL,1868373273
HR47E3904,32 Ft XL,4242867162
TN12D6877,32 Ft XXL,1.39961E+18
DD01S9343,32 Ft XL,1906887287
MH12QW6456,32 Ft XXL,313863337
RJ14GL8905,32 Ft XL,3117296538
UP21CN1646,32 Ft XXL,1115169021
NL01N7458,32 Ft XXL,1168052891
RJ14GT1925,32 Ft XXL,2351901470
KA01AF2133,32 Ft XXL,387829813
TN88J1356,32 Ft XXL,921178625
MH43BP5413,32 Ft XXL,1.37249E+18
TN39CU3864,24 Ft XL,3084231828
MH46BU3107,32 Ft XXL,2793079243
TN28BK6199,32 Ft XXL,4003659567
MH04LY4918,22 Ft XL,3809055012
UP21CN1640,32 Ft XXL,1115169021
NL01AH9256,32 Ft XL,2914938575
HR55AH6049,32 Ft XXL,1.27493E+18
HR47C5049,32 Ft XL,1.27493E+18
KA51AK3209,32 Ft XXL,154705261
HR55AR8063,32 Ft XXL,1.29422E+18
RJ27GC9979,32 Ft XXL,1253470403
MH46BU3108,32 Ft XXL,2793079243
RJ32GC7138,32 Ft XL,4168537585
MH46BB0747,32 Ft XL,667083889
NL01AF5065,32 Ft XL,4244867269
GJ12AZ2980,40 Ft DXL,361831879
RJ02GB3350,32 Ft DXL,1185687987
TN88H6210,32 Ft XXL,1096970933
RJ32GC9139,32 Ft XL,1116160635
MH46AF4052,32 Ft XXL,2278699910
NL01AB5702,34 Ft XL,955834925
NL01Q6403,32 Ft XXL,548066073
KA51AK3206,32 Ft XXL,154705261
TS15UF6655,32 Ft XXL Ft XXL,21598721
KA51AJ5681,20 Ft XL,1.27493E+18
KA52A1928,32 Ft XL,3691581875
HR55AB4702,22 Ft XL,1.27493E+18
HR55AM9001,32 Ft XXL,817831524
RJ10GB9322,32 Ft XL,1127346228
PB10HY2105,32 Ft XL,4061197690
MH48AG2721,32 Ft XL,395223959
HR55AQ7538,22 Ft XL,1732868091
TN58BB4892,20 Ft XL,2749471559
TN30CA8173,32 Ft XL,1.27493E+18
MH04JU6455,32 Ft XL,754665329
UP78JN4930,22 Ft XL,2069124165
HR38AA6850,32 Ft XL,2003063906
RJ11GC4280,32 Ft XL,2283783132
RJ11GC3646,32 Ft XXL,3076107935
UP54T9344,26 Ft DXL,3504217824
UP21CN1645,32 Ft XXL,1115169021
TN28BJ9497,32 Ft XXL,4170151169
WB11D7409,32 Ft XXL,517914104
GJ12BZ0671,40 Ft DXL,1199572047
DL1MA7509,20 Ft XL,1389454864
HR55AL1283,22 Ft XL,158806673
TN28BK4264,32 Ft XXL,4111273090
KA22D0548,20 Ft XL,3065498193
HR63F7981,32 Ft XXL,589435975
HR55AM2112,32 Ft XL,1982572239
TS07UG0433,32 Ft XXL,3706224517
RJ32GD3093,32 Ft XXL,3759915411
NL01AE5780,24 Ft XXL,3685123511
MH04JU4249,32 Ft XL,618016159
BR01GL1329,32 Ft XXL,3198442396
MH04GF4283,30 Ft XXL,4279831489
NL01AD6133,32 Ft XL,1647748010
HR47C6692,19 Ft XL,2601101007
KA594167,32 Ft XL,957599466
TN90H1435,32 Ft XXL,1.31302E+18
KA51AK3210,32 Ft XXL,154705261
RJ11GC0183,32 Ft XXL Ft XXL,423671424
MH43BP6349,32 Ft XXL,1.37249E+18
DL1MB1092,22 Ft XL,4093642513
HR38AD6312,32 Ft XL,1.27493E+18
GJ07YZ8923,32 Ft XL,351731271
HR38AE3947,34 Ft XL,1599883026
HR55U1660,32 Ft XXL,654234375
MH04JK4089,32 Ft XL,1763251974
TN12AA3355,32 Ft XL,2405984065
HR55AF6841,32 Ft XXL,267942975
MH46BU1307,20 Ft XL,2481686056
NL01AF1930,32 Ft XXL,817831524
TN88U2135,32 Ft XXL,902512755
NL01N6279,32 Ft XXL,2459640882
KA01AK3731,32 Ft XXL,727275022
RJ14GP5647,32 Ft XL,2288705459
KA568226,32 Ft XXL,1430288489
KA51AK2193,32 Ft XXL,3189752954
HR63C2661,32 Ft XXL,3829683448
MH40CM5181,32 Ft XL,4172753922
NL01AE2413,32 Ft MXL,1.27493E+18
HR55AQ2734,32 Ft XXL,4132186330
RJ18GC3378,32 Ft XL,1121114392
HR38W8341,32 Ft XL,1399514005
UP13DT1658,32 Ft XL,1310073092
KA03AJ6516,22 Ft XL Ft XL,404927654
KA52B4772,22 Ft XL,3141194182
WB05A2404,32 Ft XXL,1080031028
HR55AR0307,32 Ft XL,2971335053
NL01AG5148,32 Ft XL,3914731708
MH11AL6799,32 Ft XXL,2194949899
MH46AR3890,32 Ft XL,1261369310
RJ14GK6920,32 Ft XXL,432035234
KA01AE8708,32 Ft XXL,1930959888
MH04JU3320,20 Ft XL,1560232176
RJ32GB6368,32 Ft XL,3859975209
MH40CM2540,20 Ft XL,2898795827
RJ14GP4330,32 Ft XL,3432718452
RJ47GA4786,32 Ft XXL,2532614300
UP50CT1055,26 Ft DXL,3504217824
KA51AH7253,32 Ft XXL,2741874244
MH04LQ5465,32 Ft XL,395223959
NL01AB8559,32 Ft XL,2571428018
NL01AH4396,32 Ft XL,1.27493E+18
KA05AK9062,20 Ft XL,1838431884
KA02AH8111,20 Ft XL,2599416039
NL01AH4354,32 Ft XL,3155944960
GJ27TD5518,32 Ft XL,2870844706
NL01AF7793,32 Ft XXL,154705261
RJ14GR2646,32 Ft XXL,3300087504
HR38AD0968,20 Ft XL,3185323198
NL01AH1940,32 Ft XXL,2638422073
RJ14GN4113,32 Ft XXL,3300087504
UP83CT6592,22 Ft XL,3579085377
NL01AH6269,32 Ft XL,3731347356
HR55T5745,32 Ft XXL,3234395569
HR55AP5155,22 Ft XL,3794646972
TN42AH3413,32 Ft XL,1.27493E+18
HR55AC7612,30 Ft DXL,2229216445
MH04LE6678,32 Ft XL,3179876767
MP04HE3193,32 Ft XXL,4093767920
MH04JU4962,20 Ft XL,3492552783
NL01N4629,32 Ft XXL,1.27493E+18
TN37DS1296,32 Ft XXL,1.27493E+18
RJ10GB7012,32 Ft XL,2310380061
MH40CM5841,32 Ft XL,761325456
TN39CS9189,24 Ft XL,3590202479
UP74T7829,32 Ft XL,1098481868
MH12SX3262,32 Ft XL,4100923775
MH43BX8040,32 Ft XL,1.37249E+18
MH14KA4792,30 Ft DXL,170750798
HR55AE1903,14 Ft XL,3234395569
TN52K5841,32 Ft XXL,383973586
MH12UM9766,34 Ft XL,2066449745
MH23AU5645,32 Ft XL,3051438009
HR55AK7389,22 Ft XL,3658889535
NL01AA8327,32 Ft XL,892309323
TN12AS6068,20 Ft XL,1245280875
TN13AC4572,24 Ft XL,904967090
HR55AM6046,32 Ft XXL,2657042234
NL01AF7785,32 Ft XL,1763251974
UP54AT0078,26 Ft DXL,3504217824
MH46AR7458,32 Ft XL,2321627227
HR55AL2556,22 Ft XL,591616710
HR55W3921,32 Ft XL,1317484428
HR55Y0935,32 Ft XXL,3648094054
NL01N8201,32 Ft XL,1708392131
HR55AP6459,32 Ft XL,1038921782
TN88L0634,32 Ft XL,1.3945E+18
TN28BJ9862,32 Ft XXL,1.27493E+18
DD01M9488,32 Ft XL,1251745391
RJ14GR3393,32 Ft XXL,124939735
MH04KF8160,20 Ft XL,1973998608
BR02GD1355,26 Ft DXL,3504217824
CH01TB4110,32 Ft XXL,2838899538
TN52L3547,32 Ft XL,1.29099E+18
HR55AC0250,32 Ft XXL,3442374659
HR38AD3714,32 Ft XL Ft XL,3934919046
NL01AB5693,32 Ft XXL,1465082562
WB05A0307,32 Ft XL,1080031028
TN30CB7683,32 Ft XXL,1.27493E+18
UP75AT9075,32 Ft XL,374645929
RJ01GC1352,40 Ft DXL,2472847994
TN52AB7133,32 Ft XXL,1.37286E+18
TN77S0214,32 Ft XXL,3284801570
KA28AA0026,24 Ft DXL,3954209148
NL01AH4231,34 Ft XL,611100283
TN36AU4149,32 Ft XXXL,1976321926
UP82T9615,32 Ft XL,1895566026
MH19CX0355,32 Ft XL,2897610068
TN88AY0835,32 Ft XXL,5675809
KA52B9668,22 Ft XL Ft XL,3297313293
KA53AA6517,32 Ft XXL,1.27493E+18
NL01AE5786,32 Ft XL,1763251974
RJ10GB2060,32 Ft XXL,187491857
NL01AE5774,32 Ft XL,1763251974
MH40CM2231,32 Ft XL,2962862464
MH14JL8388,20 Ft XL,282781142
PB11DD7875,30 Ft DXL,3364769651
RJ11GB5233,32 Ft XXL,646155831
UP77AN5316,20 Ft XL,1634179673
RJ14GJ2405,32 Ft XXL,2890380383
TN23DH2786,32 Ft XL,4275884878
HR47F5320,22 Ft XL,4186992177
MH46BM9638,32 Ft XXL,2150828383
TN18AQ1860,20 Ft XL,1352214629
TS29TB5357,32 Ft XXL,4112484380
RJ14GK5741,32 Ft XXL,2008158030
MH04LQ6780,20 Ft XL,3226890220
UP80FT3285,32 Ft XL,1890778991
HR47C7108,32 Ft XL,1382809208
KA51AC5523,32 Ft XL,1630281714
MH04LX7005,20 Ft XL,3438090225
HR38AF4817,32 Ft XL,3908165514
TN34MB5587,32 Ft XXL,2849360421
HR38AD2720,34 Ft XL,2906035098
MH04KF7386,32 Ft XL,1647748010
MH14JL9267,32 Ft XXL,340441395
HR38Z0097,32 Ft XL,1806953019
HR55AQ0932,24 Ft XXL,3151132714
MH42BF3625,32 Ft XL,1615560000
HR55AK3669,32 Ft XXL,1.27493E+18
TN88U7399,32 Ft XXL,1.3095E+18
DL1MB1471,22 Ft XL,2875367520
HR38AC0883,34 Ft XL,1017497294
HR55Y0411,34 Ft XXL,1.34095E+18
HR55AJ6045,22 Ft XXL,439754354
UP80DT7341,32 Ft XL,3664210927
HR38AD4535,32 Ft XL,3908165514
KA01AM3818,32 Ft XL,1886532612
RJ14GP3770,32 Ft XL,1.27493E+18
TS07UE2736,32 Ft XXL,3829683448
DL1MB0403,22 Ft XL,4258461434
HR55AR4820,24 Ft XL,20079860
MH04LQ2419,32 Ft XL,2545997179
UP21CT5907,32 Ft XXL,2382778043
DL1LAE4831,14 Ft XL,1749568162
HR55AF6777,32 Ft XXL,3648094054
RJ14GP5636,32 Ft XL,2288705459
MH20GC2911,32 Ft XL,1206388453
RJ14GN2537,32 Ft XL,3261373768
NL01AF9901,32 Ft XL,3731347356
HR69F3918,32 Ft XL,3990103811
HR69E1109,32 Ft XXL,2043479313
UP53HT1522,32 Ft XXL,3914731708
HR55AR7183,22 Ft XL Ft XL,206622681
MH43BX5794,32 Ft XXL,508628337
NL01AD2923,32 Ft XXL,1.27493E+18
KA52B5525,20 Ft XL,773382346
HR55AA2915,32 Ft XXL,1960149178
HR38AD5409,32 Ft XL,3908165514
TN87B6772,32 Ft XL,1.31421E+18
HR38X4041,32 Ft XL,250896138
TN04BB5207,32 Ft XXL,902512755
WB11F4207,32 Ft XL Ft XL,3953849676
HR38AB1672,32 Ft XL,3556676147
RJ14GP1072,32 Ft XXL,1780897230
HR55AK6754,32 Ft XXL,1.27493E+18
HR38AD3739,34 Ft XL,1017497294
NL01AH0153,32 Ft XL,3104138433
NL01N2437,32 Ft XL,1179273343
MH04MH2159,20 Ft XXL,1015241790
RJ06GD4098,32 Ft XXL,56537515
MH04JU9166,32 Ft XL,3678859715
NL01AF7783,32 Ft XL,1763251974
MH46BM2783,32 Ft XXL,3045574443
TN12BA7051,32 Ft XXL,3616466844
TN88AZ1579,32 Ft XXL,4224789296
HR55AF8294,32 Ft XL,3642987213
UP13CT1768,20 Ft XL,761325456
BR02GD1353,17 Ft DXL,3504217824
TN52J7152,20 Ft XL,656230735
GJ01KT5190,32 Ft XXL,133396775
HR38Y0524,32 Ft XXL,1806953019
GJ27TD6844,32 Ft XL,2994993835
PB11DC7657,30 Ft DXL Ft DXL,3364769651
NL01AG7993,32 Ft XXL,611792937
NL01AD0505,32 Ft XL,3155944960
KA11C1134,32 Ft XL,1127926498
TN54U2799,20 Ft XL,2704369677
NL01AE7228,32 Ft XXL,1.27493E+18
NL01AB9016,32 Ft XXL,674609754
HR38T3150,32 Ft XL,1317484428
MH04LQ5041,32 Ft XL,3045574443
KA04AC5057,32 Ft XL,3442279203
HR55S0948,32 Ft XL,274759906
HR55AF4377,32 Ft XXL,1.34095E+18
MH40CM4254,20 Ft XL,3977043161
KA01AG8064,32 Ft XL,3949577211
BR06GE1822,32 Ft XL,1675607123
MH04HD5471,32 Ft XL,940945578
TN01BP8799,32 Ft XL,3069038635
HR55AB2807,20 Ft XL,2612215395
HR67B5884,32 Ft XXL,493905038
TN63BU0522,20 Ft XL,3534123485
KA52A7928,32 Ft XL,2552905578
NL01AB0951,32 Ft XXL,1168052891
KA01AJ2086,32 Ft XL,3278530542
PB11DD8991,30 Ft DXL,3364769651
RJ11GC0450,32 Ft XXL,2601963471
MH14GU0457,20 Ft XL,3754762794
TN34AB0024,32 Ft XL,1.27493E+18
RJ47GA3869,40 Ft DXL,4255940877
MH43BX1289,20 Ft XL Ft XL,2126873029
UK07CB5245,32 Ft XXL,215964506
MH46BM7609,32 Ft XXL,2160159070
KA52B4773,22 Ft XL,3141194182
MH43BX3596,32 Ft XXL,1.37249E+18
MH04HS0911,20 Ft XL,1621487990
HR55AT3706,22 Ft XL,1.3775E+18
PB13BE2823,32 Ft XXL,1.41783E+18
MH14KA8511,32 Ft XL,508365964
HR38AC3233,32 Ft XL,2858977521
RJ32GC7255,32 Ft XL,265122025
HR69F1134,32 Ft XL,1810258494
MH46BF0832,32 Ft XL,1.27493E+18
HR38W6282,32 Ft XXL,1152643775
MH43BX0919,32 Ft XXL,1.37249E+18
KA52A9576,32 Ft XXL,3412122143
RJ14GP8053,32 Ft XL,1.30839E+18
NL01AD3333,32 Ft XL,206958395
GJ15AT3024,32 Ft XL,1315523901
NL01AB2354,32 Ft XXL,1168052891
KA51AH6612,32 Ft XXL,3267183048
MP09HJ0531,32 Ft XXL,1784565714
KA02AH5680,20 Ft XL,1.29971E+18
RJ27GD1286,32 Ft XXL,2226013350
MH25U0663,20 Ft XL,680773696
RJ09GB4732,32 Ft XL,3117739931
HR55AF4877,32 Ft XXL,3648094054
PB13AL6909,32 Ft XL,1790754355
KA52B0052,22 Ft XL,545764211
WB19J6649,20 Ft XL,2008676863
RJ09GB4398,32 Ft XXL,1498094060
HR846193,32 Ft XL,4289047710
HR47C0036,32 Ft XL,2211193487
MH46BU6651,32 Ft XXL,878491648
TN01BT3379,32 Ft XXL,1308237041
TN16E4852,32 Ft XXL,1921951615
TS07UK9244,32 Ft XXL Ft XXL,3829683448
KA02AH3001,20 Ft XL,1225539516
HR55AC6561,32 Ft XXL,1.27493E+18
TN36AM9496,32 Ft XXXL,1740213702
HR55X9429,32 Ft XXL,2148477730
RJ14GJ2626,32 Ft XXL,3282850666
MH43BX8392,32 Ft XL,1.37249E+18
MH46BU0533,22 Ft XL,18476183
HR55AR1338,22 Ft XL,34414982
NL01AE0227,32 Ft XXL,1.27493E+18
NL01AF1952,32 Ft XXL,2671813342
TG08T0364,32 Ft XXL Ft XXL,441156092
GJ18AZ1322,32 Ft XL,1890888828
RJ14GL4001,32 Ft XXL,21951928
UP21DT2936,32 Ft XXL,199051732
RJ14GN0463,32 Ft XL,2288705459
RJ47GA6312,40 Ft DXL,4255940877
BR06GF8879,22 Ft XL,3400188970
NL01AE7931,32 Ft XXL,3782098726
TN88AZ4491,32 Ft XXL,700660184
TN84D4615,32 Ft XL,1.36118E+18
GJ27TD2719,32 Ft XL,752912893
KA01AQ0966,32 Ft XL,3709077273
HP38H1033,32 Ft XXL,1433607359
HR38AD2892,34 Ft XL,2111733133
KA01AJ0023,20 Ft XL,1.28381E+18
HR55AM5542,32 Ft XXL,1.27493E+18
MH04HY0754,20 Ft XL,3815423237
NL01AE3743,32 Ft XXL,154705261
MH46BU9549,32 Ft XL,662067935
KA01AF1278,32 Ft XXL,387829813
GJ02AT8095,14 Ft XL,1126723980
HR38Z1477,32 Ft XL,1.27493E+18
TN39CT1426,32 Ft XL,1189346497
KA51AH6373,32 Ft XL,3006081937
TN88AZ5766,32 Ft XXL,644862596
HR55U7443,32 Ft XL,3000356243
HR46F6971,34 Ft XXXL,3703984338
NL01AE3951,32 Ft XL,2994594257
RJ18GB2257,32 Ft XL,1.28515E+18
UP82AT9211,32 Ft XL,1098481868
KA52B8235,22 Ft XL,2154408635
HP72D9851,32 Ft XL,1950376544
MH40CM4301,32 Ft XL,761325456
MH12XM3087,34 Ft XL,1431679807
RJ32GD1044,32 Ft XL,2463724394
RJ14GK7201,32 Ft XXL,1534701232
HR38V6849,32 Ft XL,3795148479
TN04AV4230,32 Ft XXL,1539471259
DD03J9937,32 Ft XXXL,2412338830
RJ09GE3646,32 Ft XXL,1183707012
HR46F4622,32 Ft XL,4220346851
TN34MB5850,32 Ft XXL,156102188
UP13DT2504,32 Ft XL,2867161930
NL01AE7921,32 Ft XXL,1.27493E+18
OD11Q9787,32 Ft XXL,560318007
TN52AC5227,32 Ft XXL,2851922560
TN88L3135,32 Ft XXXL,3511626596
HR55AT5380,22 Ft XL,20079860
KA01AN8863,32 Ft XXL,1.28381E+18
MH05FJ7128,20 Ft XL,2448895262
RJ46GA4210,40 Ft DXL,543033815
KA51AJ3402,32 Ft XL,2987626821
KA52A9253,32 Ft XL,2439629654
TN54U8850,20 Ft XL,1.29308E+18
NL01AG7324,36 Ft XXXL,533252639
HR46F3306,34 Ft XXXL,2757888850
HR55AL5410,22 Ft XL,2060987246
HR55AL7582,22 Ft XL,616191173
TN28BH7417,22 Ft XL,1544923054
RJ32GC3151,32 Ft XXL,4178946379
NL01Q5457,32 Ft XL,2051275062
HR55AL3795,20 Ft XL,4132186330
RJ14GT0282,32 Ft XL,2351901470
MH12SX5048,20 Ft XL,3185182714
RJ10GB2423,32 Ft XXL,2734507495
HR55AL2493,32 Ft XL,3509917328
NL01AD8845,32 Ft XXL,1.27493E+18
GJ15YY4866,32 Ft XL,4067572575
KA51AF5067,32 Ft XL,3836686102
HR37E2427,32 Ft XXL,1.36388E+18
MH04HY3794,32 Ft XL,1763251974
MH04LY2778,32 Ft XXL,2496854578
NL01AG0460,34 Ft XXXL,2059618537
HR55AT2366,22 Ft XL,3654861895
KA51AG6253,22 Ft DXL,1921332508
HR55AC6219,32 Ft XXL,149166325
MH43BX7368,32 Ft XL,1.37249E+18
HR55W6659,32 Ft XL,1972772919
MH48AY3140,20 Ft XL,2335372252
HR46F2137,32 Ft XL,3888426839
WB23D2847,32 Ft XL,3281644032
NL01AB8700,32 Ft XXL,1168052891
HR55AK7267,32 Ft XL,1733578037
NL01AA6323,32 Ft XL,511083254
HR55X0174,32 Ft XXL,1297437708
KA22C3339,20 Ft XL,837901335
NL01AG1058,32 Ft XXL,945597649
KA01AL5197,20 Ft XL,3413902153
RJ49GA2457,32 Ft XXL,1.27493E+18
NL01AH7895,32 Ft XL,1.27493E+18
TN88L4152,32 Ft XXL,1585171205
RJ09GC0691,32 Ft XXL,2374041767
NL01AF9161,32 Ft XXL,418533805
NL01AH8125,32 Ft XL,3731347356
HR38V7353,32 Ft XL,4133929115
RJ47GA5975,36 Ft XXXL,4255940877
TS08UL1384,22 Ft XL,2160745227
HR55Y0932,32 Ft XXL,1.36388E+18
TN32AR2360,20 Ft XL,3534123485
HR55AH8604,32 Ft XL,1.27493E+18
HR55AS1109,32 Ft XL,3104138433
RJ14GQ1860,32 Ft XL,1.27493E+18
WB05A3651,32 Ft XXL,1080031028
RJ21GE7086,32 Ft XL,450545805
KA01AP6155,32 Ft XL,4186992177
HR47E3445,32 Ft XL,1382809208
MH46BU5673,32 Ft XL,1.37286E+18
NL01AC3639,32 Ft XXL,1.33805E+18
KA51AH4899,20 Ft XL,1.29971E+18
NL01AE9576,32 Ft XXL,3143865224
MH31FC5262,20 Ft XL,2322831403
HR55AU4388,24 Ft XL,1.27493E+18
HR55AG4024,32 Ft XXL,1.29422E+18
UP84T7785,32 Ft XL,1098481868
MH04JK3837,32 Ft XL,2564900610
HR55U3308,32 Ft XL,3642497143
MH04JU1257,20 Ft XL,3254655880
WB05A4162,32 Ft XL,1080031028
MP09GH4085,32 Ft XL,667083889
HR47E7455,32 Ft XXL,1475335105
MH43BG3118,32 Ft XXL,1.37249E+18
HR55AN3366,32 Ft XL,2023278004
HR55AJ6591,32 Ft XXL,3032333235
MH40CT1036,32 Ft XXL,761325456
TN39CR1480,32 Ft XXXL,1271043962
HR55AN8642,32 Ft XL,3117739931
TN30CB6988,32 Ft XXL,1.27875E+18
MH20GC3612,32 Ft XXL,694341610
NL01AG6090,34 Ft XL,90395567
KA53AA4347,20 Ft XL,3355559666
MP09HG5481,32 Ft XXL,1784565714
NL01AA9880,40 Ft DXL,3106825274
GJ15AV9373,32 Ft XL,2428199260
RJ14GP1823,32 Ft XL,1090881001
MH43CE0358,32 Ft XXL,508628337
MH01DR1945,32 Ft XL,2526486597
MH14EM7256,20 Ft XL,3194110022
NL01AF7061,32 Ft XXL,3731347356
KA52A9581,32 Ft XXL,3412122143
HR63F7137,32 Ft XL,3952784177
HR38Z5788,32 Ft XL,1046286026
NL01AG4400,32 Ft XL,3164210946
KA51B3050,32 Ft XXL,1209855002
HR55AD2545,32 Ft XXL,782744564
NL01AG3399,32 Ft XL,2560436813
HR45D8684,40 Ft DXL,2028315697
TN48BY6329,32 Ft XXL,2062614801
MH04LE6134,32 Ft XL,1647748010
TN88AZ6579,32 Ft XXXL,730065246
HR55AR9591,22 Ft XL,206622681
WB37E5751,32 Ft XXL Ft XXL,3850780764
KA02AH4514,32 Ft XL,1.29971E+18
NL01AC1913,32 Ft XL,956831550
RJ11GB9343,23 Ft DXL,1374872036
HR55AK2252,32 Ft XXL,1.27493E+18
DL1GE0996,22 Ft XXL,2072733907
DN09U9768,32 Ft XL,3066126867
RJ32GC1151,32 Ft XXL,1427707618
MH40BG6140,32 Ft XXL,849841871
NL01AC8811,24 Ft XXL,1.27493E+18
HR55AL5473,32 Ft XXXL,1.29422E+18
MH16CE9527,32 Ft XXL,2855359186
HR55AP2792,22 Ft XL,238962439
TN85S4363,22 Ft XL,3201071426
TN37CQ3983,20 Ft XL,1.27493E+18
TN88L3882,32 Ft XXL,1148295671
NL01AF8279,32 Ft XXL,3788447167
HR55AK4441,32 Ft XXL,1.27493E+18
MH14KA3480,32 Ft XL,1.27493E+18
RJ27GB9461,32 Ft XXL,2979921946
RJ47GA3637,30 Ft DXL,4255940877
RJ14GQ4092,32 Ft XXL,2537749035
RJ32GB8893,32 Ft XXL,2351901470
NL01AH4709,32 Ft XXL,2638422073
MH04KU5357,32 Ft XXL,1.37247E+18
UP54T9252,26 Ft DXL,3504217824
MH14GU1981,32 Ft XXL,1.27493E+18
WB11F4297,32 Ft XXL,3746169806
MH04JK7781,32 Ft XL,1763251974
TS12UD3915,20 Ft XL,767639029
DD01W9431,32 Ft XL,4291807038
MH46AF9843,32 Ft XXL,3587963592
DD01R9298,22 Ft XL,2007886218
MH04JK2938,32 Ft XXL,1242355690
NL01AC4864,24 Ft XL Ft XL,1.27493E+18
RJ14GK5990,32 Ft XXL,4173327311
TN37DJ9157,22 Ft XL,1.27493E+18
MH04HD5727,32 Ft XL,1051866713
RJ14GQ8558,32 Ft XL,1509098029
GJ03BW6298,32 Ft XL,1789649965
TN45BM6601,32 Ft XXL,4278097753
TN85H9293,32 Ft XL,1.31421E+18
HR55AH2205,32 Ft XL,291465903
RJ32GC5419,32 Ft XL,1996182883
MH04JU2169,32 Ft XL,795547115
HR55AG7010,32 Ft XXL,1.27493E+18
KA52C3815,22 Ft XL,679759812
GJ15AV8166,32 Ft XL,242034592
UP78DN2393,32 Ft XL,1129944236
MH04JU8720,32 Ft XL,618016159
KA52B4927,32 Ft XL,1851269370
NL01G5902,32 Ft XXL,1191498657
RJ27GB9464,32 Ft XXL,1253470403
TN39CU2477,32 Ft XXL,2170596285
TN39DV2782,32 Ft XL,1.30119E+18
HR55AF0433,32 Ft XXL,782744564
HR38V7661,34 Ft XXL,856211950
MH40BL2140,19 Ft XL,1839097813
HR55AA1261,32 Ft XL,1733578037
RJ18GA8818,34 Ft XXL,1.27493E+18
DD01K9209,20 Ft XL,2356042825
HR55AH4051,32 Ft XXL,1.27493E+18
TN28BH8358,32 Ft XXL,198198050
RJ32GC8909,32 Ft XL,3630080344
HR38AE0627,22 Ft XL,1832643739
HR55AH8120,32 Ft XL,157134406
MH16CA1677,32 Ft XXL,1.27493E+18
MH04KF9218,20 Ft XL,1973998608
HR55AQ5954,32 Ft XXL,1038921782
TN04BB5221,32 Ft XXL,902512755
KA51AH7251,32 Ft XL,1068934149
TN23DX1369,32 Ft XL,516468939
HR38Z0274,34 Ft XL,816630178
HR47C6520,32 Ft XXL,1.27493E+18
TN56R4295,32 Ft XXL,2314125170
RJ14GK3303,32 Ft XL,1.29422E+18
TN19AP6903,32 Ft XXL,4094944893
HR47D9959,32 Ft XXL,3234395569
WB19J6619,20 Ft XL,2008676863
TN36BS9011,32 Ft XXL,12546475
MH04JU8062,20 Ft XL,609750096
RJ47GA1413,40 Ft DXL,4255940877
NL01AC7555,34 Ft XL,976425297
MH12MV5284,24 Ft XL,3263664083
HR38AC0268,34 Ft XL,3908165514
KA03AK5551,20 Ft XL,1893840531
MH04LE5904,32 Ft XL,2984689483
MH46BB8050,20 Ft XL,3035918602
TN28BH6697,32 Ft XXL,1371274692
HR38W0576,32 Ft XL,1.27493E+18
KA51AD2289,20 Ft XL,4228368484
MH19CX0255,32 Ft XL,2897610068
MH43BX3214,32 Ft XXL,1.37249E+18
RJ14GL2001,32 Ft XXL,21951928
NL01AG1875,32 Ft XL,3398053050
TN37DJ9270,22 Ft XL,1.27493E+18
HR37D9213,32 Ft XXL,1487578275
RJ11GB9367,32 Ft XXL,3080242868
HR55AP9095,32 Ft XL,1225747208
GJ01DZ3090,32 Ft XL,785393395
RJ52GA7085,32 Ft XXL,1147749398
MH43BP3206,32 Ft XXL,1.37249E+18
TN38DD8506,32 Ft XXL,1095640172
WB37E1601,22 Ft XXL,1021033428
HR38Z4356,34 Ft XL,2399253328
OD14N1899,30 Ft DXL,3401821785
HR38AA4614,32 Ft XL,2399895960
GJ18BT9433,32 Ft XL,3805031758
NL01AG2656,36 Ft XXXL,2059618537
UP13AT0606,32 Ft XL,1310073092
MH40CD6533,20 Ft XL,2322831403
NL01AF4794,24 Ft XL,2794462599
TN40D9558,32 Ft XXL,1115169021
TN54U3555,20 Ft XL,3684270484
MH04LQ5469,32 Ft XL,395223959
GJ18BT7658,32 Ft XL,333469321
TN52L1138,32 Ft XXL,1.29099E+18
HR38AB6782,32 Ft XL,1017497294
MH16CD6206,32 Ft XXL,3143385980
RJ14GP5336,32 Ft XL,3816205853
NL01AF5550,32 Ft XL,1810559494
UK06CB8199,32 Ft XL,3113967960
NL01AE2008,32 Ft XL,2512493765
MH46AR0883,32 Ft XXXL,1882953237
NL01AF0019,32 Ft XXL,1.27493E+18
TN30BD1947,20 Ft XL,1508397153
MH14GD7534,20 Ft XL,2208576898
MH14JL9265,32 Ft XXL,340441395
NL01AG7233,32 Ft XL,4186992177
HR55AL3227,32 Ft XL,737029079
HR55AK0634,20 Ft XL,4091380543
OD11X4086,32 Ft XXL,560318007
HR74A8172,24 Ft DXL,933587622
RJ27GD0832,32 Ft XXL,102187834
TN90J8959,32 Ft XXL,3743629039
TN88AY1722,32 Ft XXXL,3145471621
RJ40GA6090,32 Ft XL,1921398566
GJ01HT7366,32 Ft XXL,133396775
HR55AR6783,32 Ft XXL,1.27493E+18
NL01AC4233,32 Ft XXL,817831524
MH14KQ9324,20 Ft XL,2497231977
MH46AF1788,32 Ft XXL,3823797128
NL01N7474,32 Ft XXL,1168052891
TN87E2611,32 Ft XXL,815997266
UP14HT8678,32 Ft XL,3993762366
RJ31GB6582,40 Ft DXL,4190506476
KA01AP6917,32 Ft XL,815098367
TN28BH7818,32 Ft XXL,2777095355
HR38V7853,34 Ft XL,2399895960
UP78GT7001,20 Ft XL,2069124165
HR55W4121,32 Ft XL,1982572239
TN88L4646,32 Ft XXL,986690396
HR55Y8999,32 Ft XXL,2292498585
GJ12BZ9563,36 Ft XXXL,1649101344
HR47G9060,32 Ft XL,337502529
MH04KU5348,32 Ft XXL,1.37247E+18
UP14KT5149,22 Ft XL,1916374914
TN12AD0050,20 Ft XL,2703008339
KA01AM1026,32 Ft XXL,822721021
HR55U4003,32 Ft XXL,1851720689
HR55AK1462,22 Ft XL,2938473363
DL1LY5802,17 Ft XL,548066073
RJ11GB9476,32 Ft XL,2150598927
WB05A2207,32 Ft XL,1080031028
RJ10GA9036,32 Ft XL,2734507495
UP16HT6270,32 Ft XL,2034456388
MH04JK4093,32 Ft XL,3833289463
RJ11GC2020,32 Ft XXL,1463879186
KA01AJ4696,32 Ft XL,1.3945E+18
HR55AF7577,34 Ft XXL,3648094054
UP75BT9468,32 Ft XL,535446248
NL01AG8274,32 Ft XXL,3194110022
TN77K6313,32 Ft XXL,1.2754E+18
HR55AF3736,20 Ft XL,2963006445
DL1MA9274,22 Ft XL,241939549
KA05AK8662,24 Ft XL,1864800108
MH04KU9466,32 Ft XXL,66625116
MH04HY8069,20 Ft XL,3109175520
HR38AH9989,32 Ft XL,3908165514
TS07UG1884,32 Ft XXL,3706224517
DL1MA9308,24 Ft XL,20079860
HR39F2527,32 Ft XL,579953003
RJ10GB7567,32 Ft XL,1219188435
MH43BP6271,32 Ft XXL,1.37249E+18
TN52H7417,32 Ft XXL,1.34101E+18
MH46BM2593,32 Ft XXL,2160159070
RJ47GA3669,40 Ft DXL,4255940877
KA51AG4084,32 Ft XXL,3267183048
HR69E5187,40 Ft DXL,726656351
NL01AG2651,36 Ft XXXL,2059618537
TN28BJ0772,32 Ft XXL,106157341
TN04AW8062,32 Ft XL,1.27493E+18
TN58BW3285,22 Ft XL,670006115
KA51AG7190,22 Ft DXL,1921332508
RJ52GA4631,32 Ft XXL,3118341656
DL1MA8827,22 Ft XL,1007802443
MH04LQ5576,22 Ft XL,18476183
TN88U9889,32 Ft XXL,2061117023
MH04EL3713,20 Ft XL,4210928357
RJ14GN4036,32 Ft XXL,1919260655
MH46AF4055,32 Ft XXL,2278699910
HR74B0761,32 Ft XL,3538268192
MH43BX3826,20 Ft XL,2126873029
TN54L0410,20 Ft XL,4109483088
MH04KU1208,20 Ft XL,1140053235
NL01AD3501,32 Ft XL,1324027201
TN54K5002,32 Ft XXL,558443080
MH04KU8075,32 Ft XXL,1939665496
HR55AE0170,32 Ft XXL,1.34095E+18
NL01N5555,32 Ft XL,1310073092
HR38AC5620,34 Ft XL,2399895960
TN30CB5862,32 Ft XXL,3592864251
HR63C1379,25 Ft DXL,3504217824
MH20DE4346,34 Ft XL,2880141006
WB11E6375,32 Ft XXL,938965368
TN39BB7499,32 Ft XXL,1032216632
NL01AD8649,32 Ft XL,959619212
GJ27X2398,32 Ft XXL,3118177014
WB11E3970,22 Ft XXL,2038505690
HR55AL9021,32 Ft XL,586056444
MH12MV7484,34 Ft XL,834790516
NL01L8109,32 Ft XXXL,1.34396E+18
OD11U0647,32 Ft XXL,68976327
HR38U6637,32 Ft XL,1995526937
DD01Q9662,22 Ft XL,3425196473
DN09S9421,32 Ft XL,172906540
RJ11GC6846,32 Ft XXL,2640346638
HR55AL8206,22 Ft XL,2941351358
HR55V1322,32 Ft XXL,3648094054
HR38AD8352,32 Ft XL,1599883026
HR55U8529,32 Ft XXL,1.27493E+18
HR55AR8629,32 Ft XL,3104138433
NL01N7475,32 Ft XXL,1168052891
MH46BU5480,20 Ft XL,3330172675
DD01Y9041,32 Ft XL,3539489649
TN39CW6564,32 Ft XXL,37099671
BR02GC8153,30 Ft DXL Ft DXL,3401821785
MH43BX1295,20 Ft XL,2126873029
TN52AB5388,32 Ft XXL,1.27493E+18
TN36BV9822,32 Ft XXXL,12546475
TN88H6564,32 Ft XXXL,1.287E+18
MH04LE1708,32 Ft XXL,2160159070
RJ11GB8925,32 Ft XXL,1256778886
RJ23GB7106,32 Ft XXL,1795786993
GJ01HT6250,32 Ft XL,752912893
MH43BX6805,32 Ft XL,1.37249E+18
TN88AZ1031,32 Ft XXL,2249213736
NL01AE8494,32 Ft XL,334477258
TN37EV1149,22 Ft XXL,2035918744
HR55AV6060,32 Ft XL,2463724394
HR69B7915,32 Ft XL,1748235747
RJ14GP1968,32 Ft XL,1812108049
HR38W9836,32 Ft XL,1.27493E+18
RJ11GB5733,32 Ft XXL,3080242868
RJ14GR0482,32 Ft XXL,1093938573
MH04LE9840,20 Ft XL,2042883326
HR55AT9768,32 Ft XL,2710583951
HR55AA2678,32 Ft XL,671494097
RJ32GD4314,32 Ft XL,1590686214
TN23DY2757,20 Ft XL,1908930337
NL01AG7641,32 Ft XL,842767169
TS07UE4355,32 Ft XXL,3829683448
KA52B9155,32 Ft XXL,3501902309
NL01AJ1984,32 Ft XL,2247350398
MH46BU9729,32 Ft XL,662067935
GJ02AT4967,32 Ft XL,2396825470
HR46E6307,32 Ft XL,3805993097
HR55AM2152,32 Ft XXL,1.27493E+18
RJ32GC9154,32 Ft XL,265122025
RJ14GN2419,32 Ft XL,3261373768
UP78FN1552,32 Ft XXL,3706224517
HR37F1188,30 Ft DXL,3836262919
HR38AC5638,32 Ft XL,3811649588
TN18BT6009,32 Ft XXL,483994999
HR73B6337,32 Ft XXL,506016401
NL01AH6832,32 Ft XL,2048461383
MH12VT2265,34 Ft XL,1431679807
PB13AW9175,32 Ft XXL,1.30221E+18
HR55AR5193,32 Ft XL,660306089
HR38AE8029,34 Ft XL,1599883026
HR55AJ7610,32 Ft XXL,1.27493E+18
MH46BM3549,32 Ft XL,4058092887
RJ02GC6921,32 Ft XXL,3202025075
HR38W4481,32 Ft XL,2223231849
KA51B4653,32 Ft XL,387829813
HR55AS1167,32 Ft XL,3104138433
NL01N1216,32 Ft XXL,1355641096
HR55AM1134,32 Ft XL,1733578037
HR56B1149,32 Ft XL,1943818100
DD01K9409,32 Ft XXL,2412338830
KA05AH9109,32 Ft XXL,1332367455
UK07CD5745,32 Ft XXL,215964506
DL1MA6772,22 Ft XL,4120500801
TN54U2299,24 Ft XL,1451860228
KA01AH6703,32 Ft XXL,1.3095E+18
MH14GU1527,32 Ft XXL,3194110022
HR55AL5602,32 Ft XXL,1.27493E+18
NL01L8795,32 Ft XXL,426679704
RJ32GC7252,32 Ft XL,265122025
RJ32GC6718,32 Ft XL,3759915411
HR55AL6738,32 Ft XL,815520397
GJ27TT5364,32 Ft XL,2994993835
RJ14GQ8917,32 Ft XL,1038921782
RJ32GC6773,32 Ft XL,4015093222
RJ32GC6974,32 Ft XL,4168537585
HR38AA2036,22 Ft XL,1199079010
MH43CE6622,32 Ft XL,2788796019
TN74BE2226,20 Ft XL,1908930337
HR61C9599,14 Ft XL,2199198002
MH43BX0935,32 Ft XXL,1.37249E+18
HR61E0587,24 Ft XXL,2424679995
RJ32GC5397,32 Ft XL,2400238471
TN28BK4318,32 Ft XXL,2233087854
NL01AH0049,34 Ft XL,17667683
NL01AD3628,34 Ft XXL,4112769211
MH04JK1593,32 Ft XXL,2697384642
WB15D9298,32 Ft XXL,1393868493
JH12L0331,32 Ft XXL,4172966421
KA01AQ7363,32 Ft XXL,3214209819
KA52A7711,32 Ft XXL,1962303682
HR55AJ3999,32 Ft XXL,2358251102
HR63C1916,32 Ft XL,1846249468
MH12SF9166,32 Ft XL,2066449745
TN54U2199,24 Ft XL,1451860228
UP87T8716,22 Ft XL,1732868091
MH04HD6440,32 Ft XL,3813797361
NL01N0360,32 Ft XXL,1168052891
KA51AJ5680,20 Ft XL,1.27493E+18
TN28BH9466,32 Ft XXL,2117522071
HR55AG5092,32 Ft XL,3635423802
NL01AH1943,32 Ft XL,2084022422
WB76B2408,32 Ft XL,3525417847
KA593082,32 Ft XXL,3031005527
HR63D6539,32 Ft XL,1748235747
GJ12BW9860,40 Ft DXL,1649101344
TN06U4754,32 Ft XL,387829813
RJ11GB6076,32 Ft XXL,88385984
NL01AB5336,32 Ft XXL,2459640882
TN39DY6249,20 Ft XL,381988236
DL1MA8057,22 Ft XL,3787560362
KA05AN4193,20 Ft XL,633237463
HR55AB3405,32 Ft XL,1.36745E+18
MH46CL3582,20 Ft XL,2793079243
PB11DD7589,30 Ft DXL,3364769651
TN30CU3989,32 Ft XXL,3743629039
HR55AV4701,32 Ft XXL,1857062294
PB11DB9791,30 Ft DXL Ft DXL,3364769651
RJ32GC8425,32 Ft XL,434830473
KA594821,32 Ft XXL,4075213069
MH04KF9682,32 Ft XXL,1.27493E+18
RJ10GB1353,32 Ft XL,2975591973
WB05A0787,32 Ft XL,1080031028
UP54T7739,26 Ft DXL,3504217824
NL01AG2574,32 Ft XL,3866243074
MH12WJ9241,32 Ft XXL,641754499
TN37DS2063,32 Ft XXL,1.27493E+18
RJ14GN8391,32 Ft XL,3261373768
MH14GU0051,32 Ft XXL,2462232406
RJ14GQ2626,32 Ft XXL,3261373768
PB65BA0774,20 Ft XL,1807992685
HR55AL0675,32 Ft XL,234476758
NL01AF4136,32 Ft XL,4112769211
HR38AA2089,32 Ft XL,1806953019
MH14HG6529,20 Ft XL,481761679
NL01AB2583,32 Ft XXL,881787732
MH46BB8051,20 Ft XL,2481686056
DL01MB0499,22 Ft XL,1749568162
NL01AB3444,32 Ft XXL,2340054765
NL01AD5145,32 Ft XL Ft XL,1566019046
GJ15AV8853,24 Ft XL,838265691
HR38AD2298,32 Ft XL,2993437593
HR74A9339,32 Ft XL,1806953019
HR55AK3423,32 Ft XXL,1.27493E+18
TN42AQ8472,24 Ft XL,722450206
NL01AE9009,32 Ft XXL,4047393824
HR55AC0736,32 Ft XL,2005079660
NL01AH2184,32 Ft XXL,154705261
MH04LQ5636,32 Ft XL,2407169107
HR55AJ3672,22 Ft XL,649243359
RJ40GA5294,32 Ft XXL,2993117073
WB76A9088,32 Ft XL,452822025
TN88U6800,32 Ft XXL,141131161
HR61D0378,20 Ft XL,2396270916
HR38AE6361,32 Ft XL,1599883026
MH44U2794,32 Ft XL,2529209529
MH04KF8870,32 Ft XXL,2984689483
HR47D5955,32 Ft XL,2283783132
KA51AJ1892,20 Ft XL,1323241802
UP21ET3926,32 Ft XL,2215068666
WB23G5949,32 Ft XL,3281644032
TN05CC2527,32 Ft XL,23845928
MH12TV5707,20 Ft XL,163662848
MH14FT1653,32 Ft XXL,4100923775
HR55AM8328,22 Ft XL,238962439
BR06GE2687,32 Ft XL,1675607123
HR55AH6501,14 Ft XL,2963006445
TN34MA6447,32 Ft XXXL,534191680
RJ14GL9787,32 Ft XL,805447376
UP21CT0749,32 Ft XXL,1188419003
MH04LE3301,32 Ft XXL,735842685
HR55AN8434,32 Ft XL,267942975
GJ01DZ4747,32 Ft XL,1789649965
MH22AN9351,32 Ft XXL,1543007177
MH04GR6583,24 Ft XXL,1403711368
HR55AN0867,32 Ft XXL,2605562883
NL01AG3977,32 Ft XXL,1.34387E+18
MH46BU9351,32 Ft XXL,878491648
RJ14GJ7653,32 Ft XXL,1.30839E+18
MH43CE0762,32 Ft XL,2126873029
HR55W5334,32 Ft XL,2463724394
HR67E4266,32 Ft XXL,1768874331
RJ32GD6298,32 Ft XL,2463724394
MH46AR4121,32 Ft XXL,1259620876
MH14GD9464,32 Ft XXL,2456361473
KA51AH0482,20 Ft XL,2111380787
MH04KF8022,20 Ft XL,603262826
WB05A2975,32 Ft XL,1080031028
NL01AG5197,32 Ft XL,3914731708
RJ32GD5755,32 Ft XL,1064324287
MH20GC4865,32 Ft XXL,1513559001
UP81DT4284,30 Ft DXL,2115237033
NL01AG7692,36 Ft XXXL,533252639
MH46BU6766,32 Ft XL,2321627227
HR55AH4746,32 Ft XXL,1.27493E+18
TN42AK7533,32 Ft XXL,3820313597
MH04KU9625,20 Ft XL,1192336564
TS09UC4842,20 Ft XL,1237752103
NL01AD4355,32 Ft XL,1181540467
HR55AK6386,32 Ft XL,3000356243
UP21CN7428,32 Ft XXL,1115169021
TN36AX6521,20 Ft XL,106075174
HR55AM0501,22 Ft XL,3251427046
MH40BL3746,19 Ft DXL,2792570902
TN39CP9193,32 Ft XXXL,1271043962
HR38AD5998,32 Ft XXL,3193912759
TN52R9366,32 Ft XXL,1.37286E+18
RJ32GC9530,32 Ft XL,3729315915
RJ47GA5839,40 Ft DXL,4255940877
MH04KU7998,32 Ft XL,242377121
MH14KQ6499,32 Ft XXL,2333307003
NL01AA1941,32 Ft XL,3993762366
KA51B8499,32 Ft XXL,1.37286E+18
UP14QT5542,22 Ft XL,2847125317
RJ32GD6527,32 Ft XL,356233306
TN23DX6423,24 Ft XL,1859553500
HR38AE1520,22 Ft XL,572478139
HR38AD1045,32 Ft XL,3908165514
GJ23AW0805,32 Ft XL,4196710372
MH04JK9858,20 Ft XL,3963283725
TN28CZ9380,32 Ft XXL,1580774015
MH01DR4643,32 Ft XXL,1982357314
RJ14GK0196,32 Ft XXL,4247009103
MH46CL9268,32 Ft XL,299339903
MH04LQ1641,32 Ft XL,200509188
HR38AF9791,32 Ft XL,789232929
RJ32GD6692,32 Ft XL,909601974
RJ14GK0214,32 Ft XXL,3097805495
RJ14GQ0798,40 Ft DXL,3866511109
KA51AJ3403,32 Ft XL,268789533
WB11F7759,20 Ft XL,3021312461
RJ14GP8443,32 Ft XL,3310646587
GJ06BT0204,32 Ft XXL,1007598178
NL01AE2515,32 Ft XL,3645425668
MH06BW8566,32 Ft XXL,3749361327
RJ11GC5728,32 Ft XXL,1.33805E+18
HR38AF4427,32 Ft XL,1995526937
RJ11GB9047,32 Ft XXL,1427707618
MH04JK3287,20 Ft XL,1168621851
NL01AF8332,32 Ft XXL,2638422073
HR55AR5309,32 Ft XXL,1.27493E+18
MH46BF9526,32 Ft XL,4013396894
HR55AL5442,22 Ft XL,238962439
MP09HJ7055,32 Ft XXL,1.27493E+18
RJ11GC3496,32 Ft XXL,4070493743
HR55AM2049,32 Ft XL,984861035
TN88J2914,32 Ft XXL,1.287E+18
KA50B3353,32 Ft XL,4041637941
TN18BH5431,32 Ft XL,268789533
NL01AF1141,32 Ft XL,2005079660
NL01AG4772,32 Ft XXL,2638422073
RJ14GN6912,32 Ft XXL,1.30222E+18
RJ11GD0595,32 Ft XXL,4124352010
RJ32GB8692,32 Ft XXL,465412840
KA51AH7259,32 Ft XXL,154705261
UP78HN9281,32 Ft XL,3251962340
HR55AL6804,32 Ft XL,2325798148
HR55AL0025,22 Ft XL,3693967299
TN18BT9868,32 Ft XXL,483994999
DL1MA9438,22 Ft XL,3358424519
HP93A9075,32 Ft XL,2132726553
RJ14GK2785,32 Ft XXL,1733715727
RJ10GB7992,32 Ft XL,2734507495
UP78HN0491,32 Ft XL,3251962340
WB19L5396,32 Ft XL,2008676863
TN54K3990,32 Ft XXL,1.39961E+18
HR55AL5208,32 Ft XXL,1.27493E+18
MH31FC6160,20 Ft XL,2322831403
RJ32GC8536,32 Ft XL,2546199617
HR38Z2847,32 Ft XL,2858977521
NL01AF5169,32 Ft XL,1.27493E+18
GJ12BX6710,40 Ft DXL,1608917745
HR55V8451,32 Ft XXL,3234395569
RJ11GB7368,32 Ft XXL,2820047993
RJ11GD0133,32 Ft XXL,3227171451
WB23D1013,32 Ft XXL,514621679
MH05DK4801,20 Ft XL,1994835786
NL07AA4826,32 Ft XL,1181632531
TN52AA2599,32 Ft XXL,1.27493E+18
KA01AQ6636,32 Ft XXL,2385288699
RJ02GC6201,32 Ft XXL,21951928
HR74B8600,20 Ft DXL,1982548391
RJ01GC9385,36 Ft XXXL,3298518857
TN54AA8254,32 Ft XXL,2998296772
HR55AJ7641,22 Ft XL,3000356243
MH48CQ6855,22 Ft XL,2709739130
RJ10GB6164,32 Ft XXL,3557494937
TN28BF7691,32 Ft XXL,2675629299
HR38AG3492,32 Ft XL,3703281834
MH12NX4574,32 Ft XL,1592761032
MH04KU9508,20 Ft XL,856062481
MH46BU6874,20 Ft XL,4133277105
MH43BP2830,32 Ft XL,747175245
KA06AB4983,32 Ft XXL,123305063
HR38T6057,32 Ft XL,3117296538
TS07UG1885,32 Ft XXL,3706224517
NL01AE8145,32 Ft XXL,1.27493E+18
TN90K3827,32 Ft XXL,3224671518
UP54T7675,30 Ft DXL,2818151988
TN59CQ7223,20 Ft XL,1619213589
HR55AL6593,20 Ft XL,2856914655
HR55AL4614,20 Ft XL,1326956535
RJ14GN6085,32 Ft XXXL,2780012034
RJ09GC8394,32 Ft XXL,3502332986
HR55AM5036,22 Ft XL,3387547965
UK08CA9242,32 Ft XL,1326091066
RJ32GD8478,32 Ft XL,2757784359
TN42AM7296,32 Ft XL,1192105539
HR38AA3268,32 Ft XL,2275596032
UP32MN0162,32 Ft XL,3393466958
MH04LE0246,20 Ft XL,1994835786
TN88U7989,32 Ft XXXL,2860560941
HR55AB5167,32 Ft XL,267942975
UP66T9604,22 Ft XL,1420603818
HR55AE2563,32 Ft XL,1234471197
HR55T0723,32 Ft XL,4217818
RJ40GA4894,32 Ft XXL,2002687540
NL01AF1882,32 Ft XL,4112769211
KA51AK1301,32 Ft XL,3189752954
RJ10GB2059,32 Ft XXL,187491857
RJ47GA3573,36 Ft XXXL,4255940877
NL01AE5714,32 Ft XL,1763251974
HR55AH0789,32 Ft XXL,3300087504
TN06R6103,32 Ft XL,387829813
TN05CE5782,20 Ft XL,1938068082
NL01AE6935,32 Ft XXL,1482464153
MH04JU3695,32 Ft XXL,3393575609
NL01AH4712,32 Ft XXL,2638422073
HR38Z6056,20 Ft XL,2528441701
MH43BG8254,32 Ft XL,2736541600
RJ32GC9158,32 Ft XL,265122025
HR38AE0779,34 Ft XL,512034430
NL01AB7844,32 Ft XXL,104415644
HR55AG3162,32 Ft XL,1.3653E+18
TN34AC6926,32 Ft XL,1.28559E+18
MH46CL9269,32 Ft XL,299339903
HR38W2121,32 Ft XL,904969546
NL01AE9205,32 Ft XL,1151558147
TN88H8290,32 Ft XL,1527983037
HR47D1242,32 Ft XL,1.27493E+18
RJ11GB4436,32 Ft XXL,662118579
KA01AN5497,24 Ft XL,1921332508
RJ32GD0895,32 Ft XL,334548386
HR58B9341,30 Ft DXL,3836262919
NL01G5142,32 Ft XXL Ft XXL,1111699978
HR55AL2445,22 Ft XL,1.30944E+18
MH46BM4221,20 Ft XL,3726974546
RJ52GA7447,32 Ft XXL,1147749398
HR73B0033,22 Ft DXL,2170114661
UP60T8821,26 Ft DXL,3504217824
RJ18GC3888,32 Ft XXL,3582494891
TN01BQ8669,32 Ft XXL,386041130
TN88J4759,32 Ft XXL,2205338248
KA566904,32 Ft XXL,1473433051
HR47D0118,20 Ft XL,1545230132
HR55AR8421,32 Ft XL,3005972218
MH04KU9952,32 Ft XL,2984689483
NL01AE1600,32 Ft XXL,2459640882
NL01AE4346,32 Ft XL,1.27493E+18
TN36AV4748,24 Ft DXL,442265331
MH04JU8937,20 Ft XL,1083855552
TN12BA4943,32 Ft XXL,3616466844
HR55X7187,32 Ft XL,2929007958
TN88J2902,22 Ft XL,1544923054
HR38AB9467,24 Ft XL,1816174169
HR55AH5824,32 Ft XL,267942975
NL01AD2929,32 Ft XXL,1.27493E+18
MH04KU8782,22 Ft XL,3946627381
NL01AF4081,32 Ft XL,1324027201
TN05CF8227,32 Ft XL,23845928
HR55AJ9282,32 Ft XXL,1.27493E+18
HR37E3404,30 Ft DXL,2115237033
MH14FT4341,20 Ft XL,3912298211
RJ32GB7208,32 Ft XXL,3662962400
HR55Y2559,32 Ft XL,1.27493E+18
HR55AU1540,24 Ft XL,1.27493E+18
MH46BU3134,32 Ft XXL,2793079243
GJ38T0777,32 Ft XL,2254802433
HR55AK9888,32 Ft XXL,1.27493E+18
HR38AE3926,32 Ft XL,3851277118
HR38W1965,34 Ft XL,955834925
TN28BJ3580,32 Ft XXL,3493610581
MH04LE1798,32 Ft XL,573747521
KA04AC6834,20 Ft XL,1588812120
NL01AG0064,34 Ft XXL,945597649
HR38AA8469,32 Ft XL,1599883026
KA51AJ6049,32 Ft XXL,3073368300
NL01AG1723,34 Ft XXXL,2059618537
TN72CC6810,32 Ft XXL,1102788302
TN15C2194,20 Ft XL,1908930337
UP87T8667,22 Ft XL,1732868091
TN54S5736,20 Ft XL,2240939864
HR55AF6477,32 Ft XL,3648094054
NL01AG7639,32 Ft XL,2914938575
JH12N4034,32 Ft XL,4244867269
MH13CU3131,20 Ft XL,2102469056
UP53HT5821,32 Ft XXL,3914731708
KA53D8163,20 Ft XL,3065498193
MH40CD3323,32 Ft XXL,4093767920
GJ15AT4773,32 Ft XL,964008560
UP13AT4949,32 Ft XL,1310073092
HR38AE8603,34 Ft XL,1017497294
MH43BP5421,32 Ft XXL,1.37249E+18
MH04JU8069,20 Ft XL,3260652665
HR47F4885,32 Ft XXL,1.27493E+18
HR55AE0517,32 Ft XXL,1.34095E+18
KA593463,32 Ft XL,1341297440
GJ27TD5998,32 Ft XL,2870844706
TN57BP0574,32 Ft XXL,1243243610
NL01L8329,32 Ft XXL,4112769211
TN90K2264,32 Ft XL,2570274621
DL1MA9205,22 Ft XL,1768121074
TN52AC5607,32 Ft XXL,2851922560
RJ32GC8092,32 Ft XL,3262989961
MH43Y8402,32 Ft XXL,3353892844
GJ15AV8706,32 Ft XL,1002224970
DL1MA7609,22 Ft XL,1210935453
TN88U9011,32 Ft XXL,700660184
WB11C5411,32 Ft XXL,3876917080
GJ01KT4256,32 Ft XL,785393395
DL1MB2766,22 Ft XL,3035691761
RJ32GC6907,32 Ft XL,1987930042
HR46F6141,36 Ft XXXL,3019710666
KA01AJ8491,32 Ft XL,1.29057E+18
HR55AG5424,32 Ft XL,3782184908
HR55AK7352,22 Ft XL,3387547965
MH04LY5470,32 Ft XXL,395223959
KA41C5249,20 Ft XL,246389642
RJ14GK6953,32 Ft XL,2642490147
UP84AT4931,32 Ft XXL,3757924998
TN30BD2880,32 Ft XXL,3376401708
RJ32GB9422,32 Ft XXL,2492852780
WB05A2964,32 Ft XXL,1080031028
UP81CT5371,30 Ft DXL,2115237033
HR47E0150,20 Ft XL,1607198032
RJ52GB9011,32 Ft XXL,20414419
MH04FU0520,20 Ft XL,4051353573
HR55AM0104,22 Ft XL,3387547965
NL01AE7220,32 Ft XXL,1.27493E+18
NL01AH0150,32 Ft XL,3104138433
KA01AH3319,32 Ft XXL,2451833745
TN12AQ1741,32 Ft XXL,4170151169
HR38X1455,32 Ft XL,1.27493E+18
MH04KU2348,32 Ft XXL,907115612
WB11D5485,32 Ft XXL,1077479138
RJ10GB0945,32 Ft XXL,2734507495
HR55AL1615,32 Ft XXL,1.27493E+18
RJ52GA2403,32 Ft XL,2372990490
NL01K7143,32 Ft XL,899478693
MH04JK1242,32 Ft XXL,1.37247E+18
NL02Q9322,32 Ft XXL,690336119
KA594224,32 Ft XL,1341297440
NL01AH4758,34 Ft XL,1886121876
RJ14GQ0602,32 Ft XL,1.27493E+18
HR61E7302,32 Ft XL,2323416498
MH40CM3401,20 Ft XL,2898795827
RJ14GK3080,32 Ft XXL,1327256741
TN37CX6211,32 Ft XXL,1.3945E+18
NL01AE8281,32 Ft XXL,1.29422E+18
NL01AG5180,32 Ft XL,3914731708
MH12QW9514,32 Ft XL,350259233
UP53ET6993,26 Ft DXL,3504217824
RJ11GB9603,32 Ft XXL,3080242868
DL1M9775,21 Ft DXL,2218712832
HR47F3406,20 Ft XL,4186992177
HR55AJ2033,22 Ft XL,1.35842E+18
KA01AL3019,32 Ft XL,2711565514
RJ11GB7370,32 Ft XXL,3080242868
MH14KQ6501,32 Ft XXL,2333307003
HR38AC5902,32 Ft XL,1599883026
TN73Q6418,32 Ft XXL,3118939182
HR55AK0726,22 Ft XL,797046859
MH14KA6055,20 Ft DXL,723912061
HR38AB8508,32 Ft XL,3908165514
HR38AH7750,34 Ft XL,1599883026
NL01AG9893,32 Ft XL,761325456
DD01U9752,32 Ft XL,3401547151
HR56B5454,32 Ft XL,4111286643
GJ03BY8803,32 Ft XL,2651560669
MH43BG2252,32 Ft XL,2736541600
MH12QW5893,32 Ft XL,954731846
RJ14GP2837,32 Ft XXL,3569766999
UP85CT3656,32 Ft XL,2081056071
TN52AA6755,32 Ft XXL,1.37286E+18
MH04LQ1649,32 Ft XL,723912061
DD01N9366,32 Ft XXL,2412338830
TN28BH3706,32 Ft XXL,1625205517
MH04KU8921,20 Ft XL,346024543
NL01AD5602,32 Ft XXL,1.33805E+18
HR38AC8142,22 Ft XL,3811649588
HR55AL4962,22 Ft XL,2345315178
HR61C4714,32 Ft XL,1431040845
NL01AG4303,32 Ft XL,1.27493E+18
HR39E3384,32 Ft XL,3949577211
TN52K8555,32 Ft XXL,1.29607E+18
MH46CL0190,32 Ft XXL,3944964191
RJ11GB8736,32 Ft XXL,1.35843E+18
NL01AE5792,32 Ft XL,1763251974
MH14HU1599,32 Ft XL,589546240
TN19AL7076,32 Ft XXL,387829813
HR63E7421,40 Ft DXL,3504217824
NL01AB3212,32 Ft XL,1.31558E+18
RJ32GC9068,32 Ft XL,671494097
NL01L3434,32 Ft XL,1.34396E+18
DD01G9781,32 Ft XL,2000176526
TN42AJ5499,20 Ft XL,1.27493E+18
MH40CT1998,32 Ft XXL,761325456
HR55AK3564,22 Ft XL,1.3775E+18
MH04HD7610,32 Ft XL,3371283082
RJ11GB9654,32 Ft XXL,1.27493E+18
GJ27X7749,32 Ft XXL,1072377431
HR55AL8633,32 Ft XXL,3234395569
HR47C2355,32 Ft XL,1.27493E+18
NL01AH3756,22 Ft XL,3421384006
HR55AJ3558,32 Ft XL,1.27493E+18
MH14KA0043,22 Ft XL,1822488993
HR38AC5935,34 Ft XL,3216817949
WB19J4915,32 Ft XL,2370712691
GJ38T8150,20 Ft XL,3561130050
RJ07GD5656,32 Ft XXL,2276939676
RJ14GN5354,32 Ft XL,526548579
CH01TB6600,20 Ft XL,30000797
HR38AD5528,34 Ft XL,4239308576
MH04LQ4026,20 Ft XL,1087228994
NL01AF2881,32 Ft XXL,1.27493E+18
HR38T9464,34 Ft XL,4281343464
RJ14GQ5135,32 Ft XL,1625775589
UP81CT5034,20 Ft XL,1698857278
NL01AH5389,32 Ft XL,4220346851
PB13BF9828,32 Ft XXL,1.41783E+18
HR55AM6589,32 Ft XL,2637171806
HR38AC9118,22 Ft XL,3712202889
NL01AC1001,32 Ft XXL,1704051195
NL01AC2943,32 Ft XXL,3984391540
HR38AD4091,22 Ft XL,2532781938
TS06UB1375,32 Ft XXL,1.32646E+18
GJ01ET6464,32 Ft XL,1631467570
MH01EE5365,32 Ft XXL,1982357314
MH04LY6741,22 Ft XL,10874610
TN52L6124,32 Ft XXL,1.37286E+18
MH12MV4657,32 Ft XL,858259056
UP21CT5559,32 Ft XXL,3898709
NL01AD2316,32 Ft XL,181972057
TN36BS7605,32 Ft XXL,12546475
PB11AR3698,32 Ft XXL,2322689137
MH04JU1105,32 Ft XL,2984689483
MH04GR7055,32 Ft XL,1018379385
TN24AX5161,22 Ft XL,1357646412
MH04KU5693,20 Ft XL,2648421154
MH46BF9687,20 Ft XL,819946315
MH43BX0930,32 Ft XXL,1.37249E+18
GJ15AV8475,20 Ft XL,3129600940
WB05A2145,32 Ft XL,1080031028
RJ10GB6421,32 Ft XXL,3887912970
MH12LT6846,32 Ft XL,3055078232
MH14KA7388,22 Ft XXL,2624524510
HR38X3622,34 Ft XL,2399895960
DL1MA8378,32 Ft XL,2072733907
BR06GE5284,32 Ft XL,1675607123
NL01AB6604,24 Ft XL,1.27493E+18
TN52L1113,32 Ft XXL,1812879046
MH04KU1028,20 Ft XL,2610630761
TN54U3399,20 Ft XL,2704369677
UP32HN0728,32 Ft XXL,200650373
HR55T1426,32 Ft XXL,3234395569
NL01AH9407,32 Ft XXL,3194110022
NL01L4268,32 Ft XXL,1.27493E+18
HR38AC1345,32 Ft XXL,629263962
TN70AH0438,20 Ft XL,3704186055
HR38AC1884,34 Ft XL,1599883026
TN32BF2602,21 Ft DXL,1628763046
MP07HB3868,34 Ft XXL,1065690193
UP60AT1123,40 Ft DXL,3504217824
WB05A0212,32 Ft XL,1080031028
TN29BH9765,22 Ft XL,4018974809
DD01R9588,32 Ft XL,2008158030
MH46BB8467,32 Ft XXL,3939271031
KA51D5148,32 Ft XXL,902512755
UP21BN8595,32 Ft XXL,614429144
RJ10GB4985,32 Ft XL,1038921782
HR55AK7031,32 Ft XXL,1.27493E+18
MP07GA7001,34 Ft XL,1065690193
WB05A3173,32 Ft XL,1080031028
HR38AC5657,34 Ft XL,4282519870
GJ12BZ2125,40 Ft DXL,3746909028
TN28BK7477,32 Ft XXXL,1579060235
TN12AU3895,24 Ft XL,875625779
MP09GH8629,32 Ft XL,3187139634
MH12LT3363,32 Ft XXL,3573459283
MH05AM2739,32 Ft XXL,869840467
HR45B9994,40 Ft DXL,2901472048
KA51AA1743,32 Ft XL,957599466
TN12AX2455,32 Ft XL,2939676472
GJ27TD4316,32 Ft XXL,2780098488
MH04FU3829,32 Ft XXL,1407618984
HR61B6285,32 Ft XXL,3002953019
NL01AG1064,32 Ft XL,3155944960
MH04JK1025,32 Ft XL,1.27493E+18
MH04GR9722,20 Ft XL,4230054381
MH14JL5699,32 Ft XL,589546240
TN39CQ4896,32 Ft XXL,1271043962
KA51AH6240,32 Ft XL,2793293537
MH43BX3601,32 Ft XXL,1.37249E+18
RJ32GD4114,32 Ft XL,238962439
WB05A1841,32 Ft XL,1080031028
TN39CV9788,22 Ft XL,3586827150
RJ14GR4838,32 Ft XL,1101147109
TN88AY1297,32 Ft XXXL,4290163489
MH04LE3066,32 Ft XXL,66625116
HR55AQ1179,32 Ft XL,4132186330
HR38Z8472,32 Ft XL,2906035098
MH43BX7379,32 Ft XL,1.37249E+18
MH46BU2860,20 Ft XL,1400814806
NL01AG0530,32 Ft XL,1.27493E+18
RJ32GC9549,32 Ft XL,334548386
TN09CT3634,32 Ft XXL,2242436319
KA09D6317,32 Ft XXL,1617854670
DD01M9206,22 Ft XL,1173055176
HR55AF5488,32 Ft XXL,3234395569
JH05BV8760,24 Ft XXL,997453790
TN34AJ4334,32 Ft XXL,2482612884
MH04KU7968,20 Ft XL,3729037305
KA51AH1967,32 Ft XXL,1.29971E+18
NL01AA8925,32 Ft XXL,2903670965
HR55AL1938,22 Ft XL,158806673
MH46AF6784,20 Ft XL,1259620876
NL01AE1947,32 Ft XXL,2459640882
HR47E1810,32 Ft XL,2746782088
HR39E5222,32 Ft XXL,102187834
OD11D3247,32 Ft XXL,2008807449
HR47F4789,32 Ft XL,3046828630
HR47F8873,20 Ft XL,4186992177
HR55AQ0554,32 Ft XL,3494412717
KA51C3668,24 Ft XL,957599466
KA52B1733,20 Ft XL,1908930337
HR55AL9539,22 Ft XL,2859755959
MH14JL6396,20 Ft XL,2782571790
MH04HD6597,32 Ft XL,1966530278
AS25FC1782,32 Ft XL,202218560
TN39CR3099,34 Ft XXXL,2952193960
TN36BS7520,32 Ft XXL,12546475
KA52B6130,32 Ft XXL,1209855002
MH04LQ9520,20 Ft XL,1955780821
TN88AZ1499,32 Ft XXL,2046068966
MH23AU2190,32 Ft XXL,3175930939
MH04LQ3138,22 Ft XL,2138596688
TN28BK7149,32 Ft XXL,1711065275
UK06CB6796,32 Ft XXL,3478782852
RJ11GC7401,32 Ft XXL,21951928
TN83Q2586,20 Ft XL,1856351618
TN42AL2325,22 Ft XL,3160051068
NL01N3363,32 Ft XL,1305091623
HR55AK3217,32 Ft XXL,1.27493E+18
KA596817,32 Ft XXL,599470660
HR55AK3284,32 Ft XL,616191173
NL01AE9579,32 Ft XL,1151558147
TN54V7357,20 Ft XL,1.29308E+18
HR47C1750,32 Ft XXL,1341734251
HR55AP6084,32 Ft XXL,1643466399
TN56J4954,32 Ft XXL,2755402057
HR55AC1824,32 Ft XXL,1.34095E+18
MH12SX9165,32 Ft XXL,1407618984
NL01AB2495,32 Ft XL,532087025
GJ01DZ3371,32 Ft XL,785393395
WB05A2505,32 Ft XXL,1080031028
KA51AF5013,32 Ft XXL,1.2754E+18
RJ31GB3030,32 Ft XL,3792397753
HR55AM7690,32 Ft XL,2360715924
RJ32GD6815,32 Ft XL,1.27493E+18
MH43BX6998,32 Ft XL,1.37249E+18
HR55AQ4353,32 Ft XXL,2148477730
HR38U5252,32 Ft XL,2906035098
KA04AB6948,20 Ft XL,1436605487
RJ32GD0811,32 Ft XL,265122025
NL01AD2927,32 Ft XXL,1.27493E+18
RJ14GR7288,32 Ft XL,3413718173
NL01AG5128,34 Ft XL,2903670965
MH04LE5870,20 Ft XL,3847768496
TN42AE5599,24 Ft XL,1.27493E+18
RJ11GD0096,32 Ft XXL,4122073968
UP16ET9219,32 Ft XXL,2226737947
MH04HD7876,32 Ft XL,1763251974
HR38AC8235,32 Ft XL,1849037156
TN29CE8024,32 Ft XXL,3089520401
MH04JU3319,20 Ft XL,844649569
RJ14GN8760,32 Ft XXL,3497881716
WB25K1207,22 Ft XXL,3114406974
RJ09GB5555,32 Ft XXL Ft XXL,245207813
NL01AF5170,32 Ft XL,1.27493E+18
RJ11GC5053,32 Ft XXL,283610073
RJ18GC2886,32 Ft XL,1620241690
MH04LY0631,32 Ft XL,573747521
RJ11GB9734,32 Ft XXL,2487002141
HR38AB9918,22 Ft XL,3338273053
PB05AP4681,34 Ft XL,512034430
HR47D3512,32 Ft XXL,1.27493E+18
PB13AR3701,32 Ft XXL,2322689137
NL01AH8235,32 Ft XL,1993271565
HR61E8733,32 Ft XL,3164399253
DL1LAH0829,14 Ft XL,4152824840
HR55AU4852,32 Ft XL,1121937332
NL01AB1301,32 Ft XL,818677177
HR55AP4109,32 Ft XXL,817831524
RJ11GC4311,32 Ft XXL,4144027284
MH14JL9264,32 Ft XXL,1624835171
MH46CL6220,32 Ft XXL,2160159070
DL1MA5993,20 Ft XL,1728887769
RJ18GB4777,32 Ft XXXL,2586781197
RJ18GB1451,32 Ft XXL,2904170378
MH04KU7388,22 Ft XL,4143037193
MH43BX2383,32 Ft XXL,1.37249E+18
RJ14GR1561,32 Ft XXL,124939735
TN28BL0748,22 Ft XL,511618613
MH40BG0670,32 Ft XXL,385828317
MH43BP3557,20 Ft XL,2035777852
UP81DT4836,30 Ft DXL Ft DXL,2115237033
NL01AG5137,34 Ft XL,2903670965
GJ15AT6083,32 Ft XL,3066126867
HR55AM6087,22 Ft XL,306808731
MH46CL0142,34 Ft XL,3823404355
TS07UP1494,32 Ft XXL,2375633805
TN52AA3177,32 Ft XXL,1.37286E+18
RJ32GC9992,32 Ft XL,265122025
MH46BM3480,32 Ft XL,1.27493E+18
MH02FG5661,24 Ft XL,1504749533
RJ27GE1677,32 Ft XXL,744933130
GJ06BX0178,32 Ft XL,2420304504
HR55AN7497,22 Ft XL,3363528157
HR67D7206,34 Ft XXL,4145909646
HR842319,32 Ft XL,3635423802
NL01AE7784,32 Ft XL,1324027201
MH46BM9777,32 Ft XL,1847180982
DD01K9878,32 Ft XL,1992556108
HR38AD1959,32 Ft XL,2219265497
MH04LE1921,20 Ft XL,1823154337
NL01AE7225,32 Ft XXL,1.27493E+18
HR47C7480,32 Ft XXL,3234395569
BR02GB3139,26 Ft DXL,3504217824
GJ05AT2847,32 Ft XL,4067572575
HR38AC4361,34 Ft XL,2399895960
MH04JU8342,32 Ft XL,242377121
TN54K4990,32 Ft XXL,1113974383
MH04LY0865,32 Ft XXL,973970333
GJ12BY6410,40 Ft DXL,1608917745
HR61D4847,32 Ft XL Ft XL,629489436
KA53AA8719,32 Ft XL,778060625
HR55AM9202,32 Ft XL,3794646972
NL01N2562,32 Ft XXL,1168052891
HR65A4448,32 Ft XXL,2322689137
TN88H3972,32 Ft XXL,1976321926
NL01Q6431,32 Ft XXL,1.27493E+18
RJ01GC2342,40 Ft DXL,2472847994
HR47D1932,32 Ft XXL,1.27493E+18
MH43BG2064,32 Ft XXL,1.37249E+18
RJ14GQ2685,32 Ft XL,1142481406
HR38X3527,32 Ft XL,2845904092
HR55AV2980,32 Ft XL,1732868091
RJ47GA5289,40 Ft DXL,4255940877
DL1MA6409,22 Ft XL,1554558016
NL01AE6927,32 Ft XXL,1.27493E+18
AP28TB4002,32 Ft XL,2947936166
HR47E8469,32 Ft XL,1116160635
HR61E4061,22 Ft XL,25376123
HR55AK7464,32 Ft XXL,1.27493E+18
NL01AD5281,32 Ft XXL,4082689178
RJ11GB6039,32 Ft XXL,2576064134
RJ47GA5923,30 Ft DXL,4255940877
MH04HY0478,32 Ft XL,940945578
RJ14GP9683,32 Ft XXL,4005448948
HR63C4549,32 Ft XXL,1895681445
KA01AM3398,22 Ft XL,4186992177
MH04JU8130,32 Ft XL,1793510137
TN73AK7638,32 Ft XXL,2817258603
CG04ND7526,32 Ft XL Ft XL,1309433008
UP33CT0583,32 Ft XL,3703281834
KA01AF6490,32 Ft XXL,1930959888
MH43BP6348,32 Ft XXL,1.37249E+18
HR55AR5696,32 Ft XXL,1.29422E+18
RJ14GL7861,32 Ft XL,3433847032
HR55AJ9696,32 Ft XXL,1.27493E+18
NL01AC4484,24 Ft XL,1.27493E+18
UP53GT4187,32 Ft XL,807951713
PB05AP1629,34 Ft XL,512034430
MH04GC5075,32 Ft XL,1024546760
MH12VF7337,34 Ft XL,3772772683
MH43CE4359,20 Ft XL,2126873029
NL01N6686,32 Ft XL,2211193487
HR38AB4515,32 Ft XL,250896138
HR55AS2505,32 Ft XL,3104138433
KA52B8179,22 Ft XL,2154408635
NL01AH8734,34 Ft XL,17667683
HR61E9353,32 Ft XXXL,292659324
PB13BG1160,32 Ft XL,4203508341
WB05A3430,32 Ft XXL,1080031028
TN52AD0522,32 Ft XXL,742215135
GJ06BV1729,32 Ft XL,2975014919
HR55AP8459,22 Ft DXL,1374872036
HR55AK6758,24 Ft XL,1.30729E+18
WB05A2159,32 Ft XL,1080031028
WB25K7031,20 Ft XL,2825637543
HR55AC9601,32 Ft XXL,2072286350
HR55AA6736,34 Ft XXL,365818776
NL01AG2283,32 Ft XXL,2245822685
KA04C9121,20 Ft XL,2120715474
MH14GU9731,22 Ft XL,1.27493E+18
DL1GC4275,32 Ft XXL,1.27493E+18
TN18U2593,20 Ft XL,1908930337
GJ05BX2623,24 Ft XL,2754812778
KA38A2006,32 Ft XXL,3745362445
HR38AF4260,32 Ft XL,3908165514
MH05EL1125,32 Ft XXL,2375583676
NL01AB4287,32 Ft XL,611100283
GJ39T2565,36 Ft XXXL,1649101344
KA01AL7639,32 Ft XL,343278498
NL01AE7593,32 Ft XXL,1.27493E+18
TN37DL4208,20 Ft XL,1.27493E+18
TN54X0916,20 Ft XL Ft XL,3835492458
TN29CE8082,32 Ft XXL,3089520401
HR58C5590,34 Ft XXL,1663337462
HR38AD2239,34 Ft XL,2399895960
HR55AB0708,32 Ft XL,591616710
DD01R9340,32 Ft XXL,1784565714
HR58D4832,32 Ft XL,3148346367
MH04JK1311,32 Ft XXL,1938142745
RJ14GQ5468,32 Ft XXL,245875254
HR38AA9051,34 Ft XL,3961368920
UP16HT5229,32 Ft XXL,1168052891
HR55AL6869,32 Ft XL,2827959789
MH12RN9498,34 Ft XL,509883995
MH43BG9283,32 Ft XXL,104415644
GJ12BY2291,36 Ft XXXL,1649101344
TN05CF9227,32 Ft XL,23845928
NL01AB2353,32 Ft XXL,1168052891
DD01U9150,32 Ft XL,3967586099
HR56B1965,32 Ft XL,95824802
MH04LY8508,20 Ft XL,3816016317
MH04KU9035,20 Ft XL,850810091
RJ11GC1345,32 Ft XXL,2060987246
NL01AF2401,32 Ft XL,1.27493E+18
RJ02GC6521,32 Ft XXL,3202025075
DL1MA8217,20 Ft XL,1074729916
HR61C6005,32 Ft XL,9010554
TN88U6680,32 Ft XXL,1587781364
GJ19X7310,32 Ft XXL,459124687
HR38AA4757,20 Ft XL,70598964
TN88J5166,32 Ft XXXL,3619485752
RJ27GD0242,32 Ft XXL,2979921946
RJ18GB4719,32 Ft XXL,18850625
MH46F5694,24 Ft XXL,184828842
KA596447,32 Ft XL,957599466
TN45BF3368,32 Ft XXL,2635730199
MH14LB6905,20 Ft XL,3194110022
MH46BF1512,32 Ft XXL,1.28265E+18
HR55AL8333,32 Ft XXL,1482464153
MH12MV0324,24 Ft XL,2938149582
MH31FC6225,32 Ft XL,2322831403
HR55AH5507,32 Ft XXL,1.27493E+18
DL1GE2512,22 Ft XXL,3512239717
MH12SF2318,34 Ft XL,1188994017
HR47D2954,32 Ft XL,1.27493E+18
KA01AJ9465,32 Ft XL,727275022
KA05AK8664,22 Ft XL,1864800108
HR63D0194,32 Ft XL,55998927
TN52H7166,32 Ft XXL,1.37286E+18
GJ06BV1828,32 Ft XXL,3854022401
TN34Y0637,32 Ft XXL,664052371
TN52L6305,32 Ft XXXL,4290163489
RJ32GD4366,32 Ft XL,1993271565
TS07UM6101,32 Ft XXL Ft XXL,762560645
HR55AT5812,32 Ft XL,2219265497
MP07GA7003,34 Ft XL,1065690193
MH14HG0317,22 Ft XL,1.27493E+18
HR55AL8032,32 Ft SXL,1.36953E+18
MH04JK0862,32 Ft XXL,242377121
MH46BB1042,32 Ft XXL,929513233
NL01AE5569,32 Ft XL,1763251974
RJ14GK6509,32 Ft XL,3615047490
MH46AR6987,20 Ft XL,1259620876
RJ10GB7901,34 Ft XL,3157559511
DL1MA9390,24 Ft XL,20079860
WB23B6801,32 Ft XL,3525417847
RJ10GB6835,32 Ft XXL,2790224233
RJ11GB6148,32 Ft XXL,646155831
HR55AE3271,20 Ft XL,2124372307
HR55AN2981,32 Ft XXL,3234395569
UP53HT1272,32 Ft XXL Ft XXL,807951713
HR55AL9996,32 Ft XXL,3234395569
RJ14GL8312,32 Ft XL,2783829460
MH46BU0523,20 Ft XL,2350531113
TN88W3481,32 Ft XXXL,700660184
KA51B6096,32 Ft XL,2129506853
HR55AF3577,32 Ft XXL,1.34095E+18
UP21BN3789,32 Ft XL,109089485
DL1MA9144,22 Ft XL,1985957034
MH14KQ5493,32 Ft XXL,2671813342
RJ14GQ9193,32 Ft XL,956831550
MH04JU4673,20 Ft XL,4230054381
DL1MA5511,20 Ft XL,63792241
UP21BN6082,32 Ft XXXL,2229216445
HR66C6872,30 Ft XL,2158937388
HR55AH7894,32 Ft XL,3635423802
KA52B2013,22 Ft XL,3141194182
KA593083,32 Ft XXL,3031005527
AP29TA9673,32 Ft XL,2947936166
HR61E7468,32 Ft XL,147476654
HR55AC2063,32 Ft XXL,1.34095E+18
UP78DT6725,32 Ft XL,1305091623
HR38Y4448,20 Ft XL,1.35842E+18
RJ11GB8524,32 Ft XXL,2060987246
HR61E7152,32 Ft XL,1495002572
NL01AG1930,32 Ft XL,90395567
HR38Y8986,20 Ft XL,1.35842E+18
TS07UG0301,32 Ft XXL,3706224517
HR38AD5739,34 Ft XL,1017497294
KA569248,32 Ft XXL,952918089
HR55AR4901,32 Ft XL,2766089958
TN28BK4888,32 Ft XXL,3884450348
KA01AM8725,32 Ft XL,900619015
HR55AM1116,32 Ft XXL,1.27493E+18
TN99V2637,30 Ft DXL,2792670999
MH48AG2723,32 Ft XL,395223959
TN52AD0031,32 Ft XXL,2767191394
RJ10GA8501,32 Ft XL,3100201124
TN28BH2448,32 Ft XXL,1.29634E+18
KA01AM4136,20 Ft XL,6399246
HR38AE3711,34 Ft XL,183624329
RJ10GB1906,32 Ft XXXL,3011755205
NL01AJ1730,32 Ft XL,3155944960
NL01AB2578,32 Ft XL,1409802567
NL01AF7039,32 Ft XL,3796565763
MH04JK0482,20 Ft XL,4130665628
HR47C1689,32 Ft SXL,3805993097
HR46F3243,32 Ft XXL,2252146783
TN19AL0276,24 Ft XXL,626256173
HR38W1637,32 Ft XL,1.27493E+18
HR55AL4991,32 Ft XL,3732342199
GJ27TF4383,34 Ft XL,1875281957
HR840588,32 Ft XL,1306945947
TN88J1056,32 Ft XXL,2763048658
NL01AE8616,32 Ft XXL,1.27493E+18
NL01AG5184,32 Ft XL,3914731708
HR55AL2522,22 Ft XL,1.27493E+18
PB13BS2822,32 Ft XXL,1.41783E+18
TN03Y1314,20 Ft XL,1908930337
HR38AD8063,32 Ft XXL,2111733133
HR74B8231,32 Ft XL,466841734
HR66C0009,32 Ft XXL,475520936
NL01AG4396,32 Ft XXL,3164210946
DL1MA7247,22 Ft XL,1554558016
HR55AB1913,32 Ft XXL,1.27493E+18
UP32KN0936,32 Ft XL,2523047837
NL01AD2195,20 Ft XL,2624524510
UP16GT4227,32 Ft XL,2167790723
DL1GC6417,32 Ft XL,435173612
TN88H6293,32 Ft XXXL,1096970933
KA09D2498,32 Ft XL,1309433008
RJ11GC1099,32 Ft XXL,2718940235
MH40CM2269,32 Ft XXL,817831524
MH12QW8951,32 Ft XL,350259233
NL01AF7791,32 Ft XXL,154705261
HR55W5338,32 Ft XL,2867161930
NL01AG2121,32 Ft XL,586056444
HR38AA6587,32 Ft XL,3070543185
HR66C3632,32 Ft XL,823897004
GJ12BX9826,30 Ft XL,2009961632
TN34AF1264,32 Ft XXL,1127926498
HR47E0561,22 Ft XL,28774287
HR55AV2827,22 Ft XL,1744554132
HR38AB7568,22 Ft XL,448994585
GJ01DZ6026,32 Ft XL,752912893
RJ10GB3123,32 Ft XXL,1822197213
TN77S1414,32 Ft XXL,3722235971
WB23C5258,32 Ft XL,3356478158
HR38T6229,32 Ft XL,3404567956
MH01DR2063,32 Ft XXL,1982357314
AP39TK4372,32 Ft XXL,1617854670
KA52A9944,32 Ft XL,2552905578
MH20DE3027,32 Ft XXL,2670709282
HR55AQ2871,22 Ft XL,2514232031
WB11D3380,32 Ft XXL,3766410643
GJ27TF4206,32 Ft XL,706916410
HR38W8699,32 Ft XXL,1297437708
TN66Q5905,20 Ft XL,1775338673
MH04EL4677,32 Ft XXL,3530094332
HR61D5698,22 Ft XL,1.3775E+18
RJ11GB9723,32 Ft XXL,1.33805E+18
RJ14GN1533,32 Ft XL,2005079660
TN37EV8327,20 Ft XL,2035918744
MH43BX2378,32 Ft XXL,1.37249E+18
NL01N4832,32 Ft XXL,1.27493E+18
TN28BU4822,24 Ft XL,341377438
HR55AJ3487,32 Ft XL,1.36953E+18
MH04JU8731,20 Ft XL,205398239
RJ32GC1195,32 Ft XXL,1185687987
MH04LQ1895,32 Ft XL Ft XL,573747521
HR55AL9593,22 Ft XL,3794646972
BR02GA8390,30 Ft DXL,3401821785
HR55AL7894,22 Ft XL,2859755959
TN52J3364,32 Ft XXL,1.37286E+18
MH44U3249,32 Ft XL,933126524
TN28BH5892,32 Ft XXL,106157341
UP21CT3619,32 Ft XL,2215068666
NL01L7284,32 Ft XXL,1111699978
HR74B5276,22 Ft XL,461645547
HR55AF4977,32 Ft XXL,3648094054
HR38V3230,34 Ft XL,1.27493E+18
RJ47GA3517,40 Ft DXL,4255940877
TN39CX2309,20 Ft XL,604138943
MH14JL9144,20 Ft XL,582060334
HR55AT7510,22 Ft XL,20079860
MH14HG9753,20 Ft XL,2208576898
NL01N2835,32 Ft XXL,1355641096
GJ27TD3889,32 Ft XXL,3237106679
NL01L7094,32 Ft XXXL,1.34396E+18
WB11D5372,32 Ft XXL,3746169806
TN42AL3199,32 Ft XXL,1.27493E+18
MH04LE8891,32 Ft XL,3610812758
TN45BH0558,32 Ft XXL,298901479
RJ14GQ8559,32 Ft XL,1509098029
MH12MV1580,32 Ft XL,2543797088
MH48CB7279,20 Ft XL,1949856932
HR55V2626,32 Ft XXL,1.27493E+18
TN54V6520,20 Ft XL,1.29308E+18
TN12AP2883,20 Ft XL,1908930337
MH12TV5188,32 Ft XL,3251930681
UP53HT0423,32 Ft XXL,3914731708
TN69BA6220,20 Ft XL,2035918744
HR55AK2592,32 Ft XXL,1.27493E+18
MH04LE1069,20 Ft XL,3429163546
RJ10GA8835,32 Ft XXL,2734507495
UP81ET4171,30 Ft DXL,2115237033
MH43BP7134,32 Ft XXL,508628337
HR38AB8308,22 Ft XL,528477028
NL01N7633,32 Ft XL,2211193487
RJ14GP1943,32 Ft XL,2180774793
DD01W9136,32 Ft XXL,2412338830
HR38AF8794,32 Ft XL,1993271565
HR55AH3258,32 Ft XXL,1.27493E+18
HR55W3658,32 Ft XL,435173612
MH14HG8897,32 Ft XXL,781664581
UP21BN3980,32 Ft XXL,1161547333
KA528812,32 Ft XXL,570434649
TN56R7428,32 Ft XXL,1506927181
HR38V8120,34 Ft XL,2399895960
UP74T4795,34 Ft XL,2399895960
MH15EG9993,32 Ft XXL,2383128423
TN88K3791,32 Ft XXL,1.3945E+18
NL01AF2503,32 Ft XL,1.27493E+18
TN56H2243,20 Ft XL,1.27493E+18
HR38AD9336,34 Ft XL,2003063906
HR55AL2644,32 Ft XL,3117739931
TN04BA9463,32 Ft XXL,724297732
RJ09GD9882,32 Ft XXL,1540944418
MH19CX0455,32 Ft XL,2897610068
HR55AN2767,32 Ft XXL,1.27493E+18
RJ11GC0048,32 Ft XXL,632179148
TN39DZ5869,20 Ft XL,3946541699
TS12UE5499,32 Ft XXL,1617854670
TS07UP2061,32 Ft XXL,2904170378
KA02AH8183,22 Ft DXL,2222256497
MH46AR3221,22 Ft XL,3726974546
NL01AH8128,32 Ft XL,3731347356
HR55X6461,32 Ft XL,208449432
RJ02GC8901,32 Ft XL,21951928
RJ11GB3764,32 Ft XXL,1695120916
TN12AT0680,32 Ft XL,1908930337
MH44U9767,32 Ft XL,1135796669
TN28BJ9523,32 Ft XXL,1.3391E+18
HR55AL9525,22 Ft XL,3693967299
HR55AG8207,32 Ft XL,4030502194
MH46F2747,20 Ft XL,1259620876
TN12AP0786,32 Ft XL,4275884878
TN88K0263,32 Ft XXL,1987092537
HR47C3217,32 Ft XXL,818100544
HR66B1834,32 Ft XXL,3313215624
HR55AJ9484,22 Ft XL,1.27493E+18
KA02AH7002,32 Ft XL,3906241320
HR38AB0259,19 Ft XL,823562646
NL01AF2666,32 Ft XXL,1.27493E+18
HR55AN4408,32 Ft XL,2981349654
TN96H1629,32 Ft XXXL,3803493155
TN88J4659,32 Ft XXL,2205338248
HR55AJ0029,32 Ft XL,3607592787
HR55AL4033,32 Ft XL,1253470403
RJ32GD5283,32 Ft XL,346898820
HR39C6797,32 Ft XL,1225747208
NL01AE4868,32 Ft XXL,2459640882
HR38Z3606,22 Ft XL,1.27493E+18
HR38AB0953,32 Ft XL,1688320793
NL01AG1821,32 Ft XL,1508770843
HR55AR1476,32 Ft XXL,1.29422E+18
HR55AN6510,22 Ft XL,3160752292
NL01AH0042,34 Ft XL,17667683
WB05A1583,32 Ft XL,1080031028
MH04HY8066,20 Ft XL,3314012324
KA01AM1016,32 Ft XXL,1.28381E+18
NL01AH7892,32 Ft XL,1.27493E+18
KA52A2872,32 Ft XXL,570434649
NL01AG5153,32 Ft XL,3914731708
NL01AD6736,32 Ft XXL,2741874244
TN88L3469,32 Ft XXXL,1784067533
MH04KU7702,32 Ft XXL,2984689483
MH43BP2912,32 Ft XXL,508628337
HR55AA1414,32 Ft XL,2463724394
HR47D7134,32 Ft XXL,858282445
HR58C4767,30 Ft DXL,3836262919
NL01AE8641,32 Ft XL,3672102456
HR38AD1036,34 Ft XL,93293185
HR55AA1615,32 Ft XL,3829863930
HR38AF3482,32 Ft XL,3908165514
MH11CH8838,20 Ft XL,4149146702
HR61E9348,32 Ft XL,3777517413
MH14KA5172,20 Ft XL,116585342
TN88H6132,32 Ft XXL,1287035297
TN52AC4172,32 Ft XXL,2767191394
WB11E0019,32 Ft XXL,2964666076
HR55AL2365,32 Ft XL,3732342199
KA595256,32 Ft XL,2793293537
HR55AG4421,32 Ft XL,586056444
RJ11GB9657,32 Ft XXL,1503107421
TN12AS4926,32 Ft XL,4093429416
GJ12BW3788,32 Ft XXL,1606375866
KA51AK9695,32 Ft XL,2655206995
HR38X9618,32 Ft XL,17667683
UP21BN4801,30 Ft DXL,2229216445
MH04LE1962,20 Ft XL,844649569
TN12AE5434,32 Ft XL,105402506
WB05A3519,32 Ft XXL,1080031028
MH04LQ0251,32 Ft XL,3862635773
MH04JU7624,20 Ft XL,18476183
UK06CB5285,32 Ft XL,2845904092
MH04KU7450,20 Ft XL,10874610
MH12LT3653,32 Ft XL,4035562971
HR55AM4016,32 Ft XXL,1.27493E+18
RJ09GE0878,32 Ft XXL,1183707012
HR55AK2389,22 Ft XL,1.27493E+18
NL01AF8705,32 Ft XXL,1407618984
NL07AA4822,32 Ft XL,1181632531
MH04HY9711,32 Ft XL,4237741110
RJ40GA3378,32 Ft XXL,1.29422E+18
RJ23GC5277,32 Ft XL,501625075
RJ14GK7394,32 Ft XXL,4130478601
MH14JL9654,32 Ft XL,1.27493E+18
TN28BH7277,32 Ft XL,1.29099E+18
HR47C5135,32 Ft XXL,1090881001
MH04JK0485,20 Ft XL,4130665628
DN09S9146,32 Ft XL,2000176526
MH04LE1960,32 Ft XXL,2160159070
NL01AE8936,32 Ft XL,2316285435
HR61E5551,32 Ft XL,3777517413
OD01AX9436,32 Ft XL,3128632445
MH04LQ5452,20 Ft XL,1074153407
KA569345,32 Ft XXL,1068956697
RJ14GP5641,32 Ft XL,2288705459
MH04LY1402,32 Ft XL,2047696331
HR74B6859,32 Ft XL,3398421637
HR74B9420,22 Ft DXL,1982548391
UP42BT2589,26 Ft DXL,3504217824
HR69C6952,32 Ft XL,1514143024
HR38AH0306,32 Ft XXL,1682989489
TN28BL4348,32 Ft XXL,4003659567
KA51AK3963,20 Ft XL,2036647773
MH04KU7397,22 Ft XL,4143037193
NL01AG0292,32 Ft XXL,1.27608E+18
KA51D5150,32 Ft XXL,902512755
HR55AK7215,32 Ft XXL,1.27493E+18
HR55AE6384,32 Ft XXL,1.34095E+18
MH04HD5832,32 Ft XL,1.37249E+18
RJ10GB6541,32 Ft XL,68608609
CH01TB6476,32 Ft XL,2838899538
RJ10GB7855,32 Ft XXL,1.28515E+18
HR55AK9386,32 Ft XXL,1.27493E+18
TN28BK4599,32 Ft XXXL,3965627099
HR61E5034,32 Ft XL,3164399253
DD01G9361,20 Ft XL,54612708
MH43BX3602,32 Ft XXL,1.37249E+18
KA52A4969,32 Ft XL,570434649
MH46BM0781,32 Ft XL,335045382
UP22AT4914,32 Ft XXL,2017158087
RJ11GC5062,32 Ft XXL,3080242868
KA39A1934,32 Ft XXL Ft XXL,2768506079
DL1GC5299,32 Ft XXL,680015610
HR38AD6467,34 Ft XL,2858977521
KA22D8063,20 Ft XL,3664235095
TN19AL7008,32 Ft XXL,4094944893
UP47T0808,32 Ft DXL,3504217824
RJ11GB9787,32 Ft XXL,3616048854
MH04KU1510,32 Ft XL,2984689483
HR66B2061,32 Ft XXL,1960149178
KA51AH6582,32 Ft XXL,2782874388
TS08UJ1666,24 Ft XXL,3253201229
HR55AB5563,32 Ft XL,267942975
RJ11GB4940,32 Ft XXL,2890380383
RJ14GN2510,32 Ft XL,3261373768
NL01N2000,32 Ft XXL,1.27493E+18
MH46BB2987,32 Ft XXL,3939271031
HR66B3034,32 Ft XL,660306089
RJ14GP5638,32 Ft XL,2288705459
TN88J5266,32 Ft XXXL,3619485752
HR55AK3515,22 Ft XL,3658889535
PB06AS9596,30 Ft DXL,3836262919
RJ14GK9464,32 Ft XXL,2783829460
GJ27TD5622,32 Ft XL,2870844706
HR47C2633,32 Ft XL,3487758645
HR55AE6159,32 Ft XXL,3648094054
MH14KA1527,20 Ft XL,902026487
TN88J1834,32 Ft XXL,3074833442
DL1MA8745,20 Ft XL,1843032663
WB05A1420,32 Ft XL,1080031028
TN25BS0903,32 Ft XXL,2667612467
KA01AJ1905,32 Ft XL,727275022
DD01F9401,22 Ft XL,1220344741
MH46AF3822,20 Ft XL,3507186491
BR02GB1383,24 Ft DXL,3504217824
HR55AL6443,32 Ft XXL,1.27493E+18
TN34MB5046,32 Ft XXL,3590451473
HR46F9771,36 Ft XXXL,3703984338
WB11F2858,32 Ft XL,3876917080
TN88M9797,32 Ft XXXL,4290163489
MH04LE5291,20 Ft XL,3940096407
TN88U5659,32 Ft XXL,1.38589E+18
TN04BA1499,32 Ft XL,2763048658
MH14GU8163,20 Ft XL,2732412751
UK06CB7869,32 Ft XL,309125986
HR55AP9601,22 Ft XL Ft XL,495198545
RJ32GC7311,32 Ft XL,4044411169
OD02CB7471,32 Ft XL,4163748724
UK06CB5081,34 Ft XXL,945597649
HR38AD5804,32 Ft XL,1868373273
RJ32GC9528,24 Ft XL,1540654414
RJ14GR0494,32 Ft XXL,1093938573
MH43BP3404,20 Ft XL,2126873029
HR38AF9979,32 Ft XL,1752156159
RJ11GB4216,32 Ft XXL,1465905406
TN52AD0400,32 Ft XXL,3729590013
DD01R9382,32 Ft XL,2188263491
RJ11GC1903,32 Ft XXL,3542601600
DL1GC5698,32 Ft XXL,817831524
NL01AE7930,32 Ft XXL,1.27493E+18
HR55AK7743,22 Ft XL,797046859
TN16D5385,32 Ft XXL,3908210485
MH04HY2854,32 Ft XL,242377121
RJ27GC9980,32 Ft XXL,2979921946
TN52AA7113,22 Ft XL,856169180
TN39CU6081,32 Ft XXL,1812879046
HR38AB7584,32 Ft XL,2715223503
MH46BU0094,32 Ft XXL,2160159070
HR56A8627,26 Ft DXL,3504217824
HR55S6534,32 Ft XL,3829863930
HR74B0741,22 Ft XL,3292276155
TN31CC1674,22 Ft XL,3527797965
GJ27TD3969,32 Ft XXL,855381175
MH48CQ2019,20 Ft XL,3985273770
UP54T9851,26 Ft DXL,3504217824
TN11AQ4002,20 Ft XL,3534123485
NL01AC9394,32 Ft XL,956831550
KA01AH9145,32 Ft XL,1.30119E+18
MH46BM7751,32 Ft XXL,878491648
HR56A9446,32 Ft XXL,283774835
NL02N4364,32 Ft XXL,2459640882
HR55Y1800,32 Ft XL,1.27493E+18
HR55AM7173,32 Ft XXXL,1.29422E+18
MH46BB6692,20 Ft XL,2333134361
MH46BF5256,32 Ft XL,4013396894
KA01AM2367,32 Ft XL,4251612375
HR38W9875,34 Ft XL,438536401
TN28BH2436,32 Ft XXL,1670845927
HR842883,32 Ft XXL,4122073968
HR55AL8490,22 Ft XL,2615761642
DD01L9246,20 Ft XL,3759103250
MH04LY5054,32 Ft XXL,3828730693
MH46BB9041,20 Ft XL,1323381085
TN28BH6993,32 Ft XXL,3172923935
MH46BB6415,32 Ft XXL,712418492
GJ27TD5974,32 Ft XL,1481288314
HR55AK5524,22 Ft XL,1663240036
DL1MB2292,22 Ft XL,1200861955
HR38X6270,32 Ft XL,17667683
TN34AJ5288,32 Ft XXL,2456406897
MH23AU1475,32 Ft XL,4136868482
HR55AK4340,24 Ft XL,1.30729E+18
HR55AL8092,32 Ft XL,3509917328
KA51AF6221,32 Ft XXL,570434649
MH04GF9165,32 Ft XXL,2319926946
RJ14GK0049,32 Ft XXL,3145915931
HR38AF4504,32 Ft XL,1036038890
MH04JK5420,32 Ft XL,3471848031
HR55AL3265,22 Ft XL,1.30944E+18
NL01AF0432,32 Ft XXL,1.27493E+18
MH04KF3505,32 Ft XXL,2546648594
HR63C3998,32 Ft XL,1846249468
NL01AC3017,32 Ft XL,121602937
TN39CM5862,22 Ft XL,223488297
RJ27GC4967,32 Ft XXL,4260509302
HR68B8614,32 Ft XXL,2838899538
MH46BM6418,32 Ft XL,960632885
KA01AM5995,32 Ft XXL,762560645
HR67D4007,32 Ft XXL,1077283717
HR55AR2811,32 Ft XL,2283783132
UP21BN5904,32 Ft DXL,2229216445
TN88H9425,32 Ft XXL,863134033
MH04JU4188,20 Ft XL,3413902153
OD01C6604,32 Ft XXL,468491364
MP09HG8785,32 Ft XXL,571640855
KA568129,20 Ft DXL,3954209148
HR55AL0265,22 Ft XL,1.36451E+18
MH04KU1046,32 Ft XL,4133929115
MP09HH1324,32 Ft XXL,877707086
MH02ER4157,20 Ft XL,2425593342
MH04HD7790,32 Ft XL,2526486597
HR38X2514,32 Ft XL,269703972
NL01AD1614,32 Ft XXL,3155762556
NL01AC3125,32 Ft XL,3731347356
HR38AB0269,32 Ft XL,1562663088
TN39CV6385,20 Ft XL,310681829
HR55AH6711,32 Ft XL,2289849404
HR55Y6447,22 Ft DXL,1240647876
NL01N0362,32 Ft XXL,1355641096
MH14GD8422,20 Ft XL,3932034080
KA52A9711,20 Ft XL,428365861
NL01AE8138,32 Ft XXL,1.27493E+18
NL01AB0087,32 Ft XXL,1.27493E+18
NL01AG4129,32 Ft XL,1.27493E+18
AS32C3782,32 Ft XL,3584741597
RJ11GC7648,32 Ft XXL,3659002255
NL01AF7990,32 Ft XXL,3796565763
UP85ET1039,32 Ft XXL,4287314856
TN12L9342,20 Ft XL,2035918744
TN88AY0680,32 Ft XXL,3844877009
HR55AE0550,32 Ft XXL,3234395569
RJ11GD8601,32 Ft XXL,21951928
HR61E7716,34 Ft XL,2815071987
MH14JL8818,32 Ft XL,2467758476
KA568258,32 Ft XXL,952918089
UP80GT3618,32 Ft XL,3042525567
TN52AC4255,32 Ft XXL,1.37286E+18
TN90K0517,32 Ft XXL,2570274621
RJ32GC9833,32 Ft XL,1.27493E+18
RJ32GD8163,32 Ft XL,356233306
TN88AZ6464,32 Ft XXL,1514556212
MH04HS0298,20 Ft XL,3013601887
RJ14GP2785,32 Ft XL,1.27493E+18
RJ18GA8423,32 Ft XXL,3234395569
TN88J2860,32 Ft XXL,1.287E+18
TN34AJ3858,32 Ft XXL,3559566826
GJ12BZ8335,36 Ft XXXL,361831879
KA21A4190,32 Ft XL,1930959888
UP16HT3091,22 Ft DXL,4219310550
HR55AH1768,32 Ft XXL,1.27493E+18
HR55AP0158,32 Ft XL,2637171806
HR38AE1500,34 Ft XL,512034430
DD01X9532,32 Ft XXL,4171808944
TN12BA1342,20 Ft XL,4123373749
RJ32GC9361,32 Ft XXL,3407040720
HR47E0178,32 Ft XL,1116160635
MH14HG0724,32 Ft XXL,2671813342
MH04JU2717,20 Ft XL,1700042915
HR55AQ9112,32 Ft XL,2853112797
RJ10GA8575,32 Ft XL,3077465268
TN88AZ2966,32 Ft XXL,3289565272
TN52J9281,32 Ft XXL,1.37286E+18
HR55AH4062,32 Ft XXL,1.27493E+18
GJ06AV7248,32 Ft XL,104156937
NL01AE7596,32 Ft XXL,1.27493E+18
UP75AT3321,32 Ft XL,3005533047
MH43BX0923,32 Ft XXL,1.37249E+18
HR47E6652,20 Ft XL,4122580626
MH04LE7690,32 Ft XL,2047696331
RJ14GN8385,32 Ft XL,3261373768
RJ32GD4433,32 Ft XL,1993271565
MH12SX8465,32 Ft XXL,1407618984
NL01AC3849,32 Ft XXL,4064930658
HR55T5918,32 Ft XXL,3234395569
MH46CL3583,20 Ft XL,2793079243
KA52A7325,20 Ft XL,428365861
NL01AH4026,32 Ft XXL,3203379070
RJ14GP7512,32 Ft XXXL,3560206751
MH14JL1342,14 Ft XL,3609027591
MH04JU9914,20 Ft XL,556203466
NL01AH7863,32 Ft XXL,1.29422E+18
HR47E7380,32 Ft XL,3630080344
RJ14GP2020,32 Ft XXL,2601963471
HR38T9954,20 Ft XL,2715031614
NL01AA6327,32 Ft XL,2201767223
RJ14GH8449,32 Ft XL,870421878
TN88W9789,32 Ft XXL,880120454
RJ47GA5980,36 Ft XXXL,4255940877
TN34AF1626,24 Ft XL,693862358
DD01U9262,32 Ft XL,4270636751
NL01AF2036,32 Ft XXL,1.27493E+18
TN52J8563,32 Ft XXL,2729920795
RJ14GP8457,32 Ft XL,3310646587
MH04KU6120,32 Ft XL,3622709046
GJ12BX9043,32 Ft XL,1.27493E+18
UP82T8706,32 Ft XL,308481358
TN30BQ4698,32 Ft XL,1.27875E+18
HR38W8686,34 Ft XL,2399895960
MH43BX3827,20 Ft XL,2126873029
NL01Q1459,32 Ft XL,1.27493E+18
TN52R9766,32 Ft XXL,1.37286E+18
MH04LE6141,32 Ft XL,1647748010
UP70MT5043,30 Ft DXL,2818151988
MH46AR3454,32 Ft XXL,147647391
RJ14GQ2683,32 Ft XL,1142481406
NL01AJ2612,32 Ft XL,3104138433
MH04KF0737,20 Ft XL,1535803282
RJ11GD2056,32 Ft XXL,1.33805E+18
KA51AF9531,32 Ft XL,727275022
MH04LE6136,32 Ft XL,1647748010
MH04JU1480,32 Ft XXL,2546648594
HR55AB9348,32 Ft XL,2236468660
HR46G5320,32 Ft XL,1703646594
TN52AB9754,32 Ft XXL,1.32425E+18
RJ52GA2402,32 Ft XL,2867161930
RJ14GR1900,32 Ft XL,1880873524
KA50B6695,32 Ft XXL Ft XXL,388120914
DD01X9973,32 Ft XL,2412338830
NL01AG4771,32 Ft XXL,2638422073
HR38AD8073,24 Ft XL,1816174169
MH14EM9600,32 Ft XXL,1615485527
HR47F7202,22 Ft XL,3185323198
HR55AL6278,22 Ft XL,545764211
GJ01DZ8526,32 Ft XXL,3118177014
RJ14GK9466,32 Ft XXL,2783829460
KA51D5146,32 Ft XXL,902512755
KA01AM2331,32 Ft XL,4251612375
KA25D1415,20 Ft XL,773382346
RJ18GC3480,34 Ft XL,1620241690
RJ14GQ0596,32 Ft XL,1494632328
MH04KF0149,32 Ft XL,940945578
TN52AA2988,32 Ft XXL,1.27493E+18
MH14KQ3111,22 Ft XXL,508365964
MH04LE7654,32 Ft XL,844649569
HR55AL9035,32 Ft XXL,3234395569
NL01AG9542,32 Ft XL,3104138433
TN12R8160,32 Ft XL,1844041512
MH43BP9261,22 Ft XL,747491756
HR38W1739,34 Ft XL,3295829958
TN52R8309,26 Ft DXL,722363753
DL1MA9644,20 Ft XL,2072733907
TN29CC7335,32 Ft XXL,3089520401
HR55AQ4108,22 Ft XL,2514232031
HR658842,32 Ft XXL,2322689137
RJ14GP5537,32 Ft XL,875504629
TN39CL1699,14 Ft XL,1821256662
DL1LAD7267,14 Ft XL,3035691761
DD01M9585,32 Ft XL,1251745391
HR38AC0254,32 Ft XL,1017497294
GJ12BZ3288,40 Ft DXL,3106825274
HR61E0635,22 Ft XL,2667832329
TN30AL5577,26 Ft DXL,722363753
HR38Y5522,20 Ft XL,1.35842E+18
MH43BG5883,32 Ft XXL,104415644
KA51C9389,32 Ft XXL,902512755
MH46BU5702,32 Ft XXL,2744315801
MH04FD9177,32 Ft XXL,3862635773
HR38AA9084,32 Ft XL,1806953019
HR55AK3238,32 Ft XXL,1.27493E+18
GJ19Y9742,32 Ft XL,1507652398
MH04KF3128,20 Ft XL,1357148650
NL01AG1581,32 Ft XXL,3155944960
HR55AL8408,32 Ft XL,3160752292
MH04JK0479,32 Ft XL,1399514005
RJ14GG8939,30 Ft DXL,3836262919
TN88J3093,32 Ft XXL Ft XXL,1.287E+18
MH04KU5345,32 Ft XXL,1.37247E+18
HR55AR6544,32 Ft XL,539372227
TN88AZ9959,32 Ft XXL,480382704
JH01DW5277,32 Ft XL,3361904266
HR38X8844,32 Ft XL,2399895960
MH43BG6343,20 Ft XL,3640874237
HR38AB8805,22 Ft XL,1696145125
MH43BP7143,20 Ft XXL,2595308234
HR64A9500,40 Ft DXL,1529503247
MH12QG1214,32 Ft XL,4100923775
HR55AH4351,32 Ft XXL,1.27493E+18
WB05A2738,32 Ft XL,1080031028
PB11DA9798,30 Ft DXL Ft DXL,3364769651
HR38AB0920,32 Ft XL,923694986
TN42AH8299,32 Ft XXL,1.27493E+18
RJ14GQ2844,32 Ft XL,3261373768
HR61E6169,32 Ft XL,1.27493E+18
TN48BW4611,20 Ft XL,1134299742
TN88H9520,32 Ft XXL,630446376
NL01N0866,32 Ft XL,1305091623
NL01AH4234,34 Ft XL,611100283
RJ52GB0827,32 Ft XL,20414419
MP09ZY0356,32 Ft XL,3725412017
KA22C2118,32 Ft XXL,1.32646E+18
TN22DM1500,20 Ft XL,1908930337
MH46CL9271,32 Ft XL,299339903
MH40N7446,32 Ft XXXL,2792570902
MH43BG2257,32 Ft XXL,2929041530
TN03Y1116,20 Ft XL,1908930337
HR38X4135,32 Ft XL,894334680
RJ18GB1141,32 Ft XXL,351404499
TN12Y7269,32 Ft XXL,1.41743E+18
HR38AD1417,34 Ft XL,955834925
TN88K9690,32 Ft XXL,1964475697
NL01AG5421,32 Ft XL,3550206084
MH04HY3977,32 Ft XL,3064863068
HR55AM2115,22 Ft XL,3387547965
GJ12BW1006,40 Ft DXL,731056698
HR55AT2244,22 Ft XL,417026509
DD01T9809,34 Ft XL,3263664083
TN28BK4284,32 Ft XXL,3821008100
NL01AF0700,32 Ft XXL,3877642929
HR55AT5709,32 Ft XL,1873564887
NL01AG1842,32 Ft XL,1.27493E+18
MH04LE0764,32 Ft XXL,2160159070
HR38AA2562,32 Ft XL,1868373273
TN88AY3369,32 Ft XXL,880120454
KA22C2119,32 Ft XXL,1.32646E+18
HR38Z2755,34 Ft XL,2979722128
JH12G7193,32 Ft XL Ft XL,30159769
HR38V6243,34 Ft XXL,3353596425
KA567764,32 Ft XXL,1430288489
HR38AG0894,24 Ft XL,3719290741
TN39DY3947,32 Ft XXL,1.41813E+18
BR06GE5545,32 Ft XL,1675607123
MH04LE2729,32 Ft XXL,960476082
BR29GB6021,32 Ft DXL,3504217824
HR55AL5439,32 Ft XL,3117739931
MH46BU9607,20 Ft XL,3413902153
TN52AA3834,32 Ft XXL,1976321926
PB11BN9738,30 Ft DXL Ft DXL,3364769651
TS12UE5199,32 Ft XXL,1617854670
NL01L6976,32 Ft XL,2552905578
GJ39T2003,36 Ft XXXL,1649101344
TN12R7636,20 Ft XL,1415715704
TN28BH1712,32 Ft XXL,552888187
UP14HT0119,32 Ft XL,1890778991
DD01U9973,20 Ft XL,1133569185
MH14GD7291,32 Ft XL,2671813342
HR55AN1253,22 Ft XL,1668670859
UP16HT3537,20 Ft XL,761325456
RJ32GC1572,32 Ft XL,3146373301
DL1GE2426,22 Ft XXL,3151132714
TN18BP3747,32 Ft XL,249240400
NL01AA3545,32 Ft XL,3603739831
RJ52GA5331,32 Ft XXL,4005448948
MH43BP9638,20 Ft XL,509634398
GJ01DZ3725,32 Ft XL,2717088160
KA51AJ0039,20 Ft XL,1908930337
TN34Y2968,32 Ft XL,3536538517
HR38AD6878,32 Ft XL,1599883026
HR55AH5035,32 Ft XXL,3300087504
TN28BK7043,32 Ft XXXL,4116518126
TN88V2579,32 Ft XXL,3454225073
DD01Q9280,32 Ft XL,3794692242
RJ52GA4634,32 Ft XXL,3118341656
TN19AL8389,32 Ft XXL,1.27493E+18
HR55AC3945,32 Ft XXL,149166325
GJ07YZ5311,32 Ft XL,351731271
RJ11GC4848,32 Ft XXL,2576064134
NL01AF7790,32 Ft XXL,154705261
MH46BM9771,34 Ft XXXL,4181099929
UP14KT5152,22 Ft XL,1916374914
HR55AE4149,32 Ft XXL,714576834
TN69BQ7580,22 Ft XL,3586106431
GJ27V6818,32 Ft XL,4043925110
TN30CF6959,32 Ft XXL,1.27493E+18
TN52P4654,32 Ft XXL,1.37286E+18
HR55S5792,32 Ft XXL,3234395569
MH04LE1948,32 Ft XXL,2160159070
MH04JK3665,20 Ft XL,3962938094
HR55AF3677,32 Ft XXL,1.34095E+18
HR38AE1829,22 Ft XL,3273837063
JH12F8480,32 Ft XXL,4172966421
HR55AP2802,32 Ft XXL,3234395569
MH12UM9369,32 Ft XXL,4240028878
NL01AH9307,32 Ft XL,1993271565
MH04LE5378,20 Ft XL,422137787
MH04LY7448,20 Ft XXL,1700042915
MH04HD6362,32 Ft XL,1036596673
NL01AB1923,32 Ft XXL,1.27493E+18
GJ12BX8553,32 Ft XL,2942734151
NL01AE2412,32 Ft XL,244722053
HR38AC4451,22 Ft XL,128907010
NL01AE9516,32 Ft XL,2400238471
NL01AF8556,32 Ft XL,163362128
HR65A2451,32 Ft XL,2451253805
MH43CE7032,20 Ft XL,2126873029
MH04KF9145,20 Ft XL,1791364903
TN22CD1092,20 Ft XL,1280267657
MH14KA8411,32 Ft XL,508365964
KA16AA2749,32 Ft XXL,2346185518
NL01AD9655,32 Ft XL,1763251974
HR55AA3509,32 Ft XL,4015093222
MH04LE5910,32 Ft XL,2984689483
TN88J6316,32 Ft XXL,2672088652
HR38X5714,32 Ft XL,1.27493E+18
MH23AU4758,32 Ft XL,208323383
NL01AE0061,32 Ft XL,2421378607
HR55AN0771,22 Ft XL,1732868091
MH04JK0580,20 Ft XL,3815423237
TN12AP7969,32 Ft XXL,2286091161
TN57BW8481,20 Ft XL,3916948931
RJ14GN1438,32 Ft XL,2783829460
RJ47GA3639,30 Ft DXL,4255940877
NL01N0354,32 Ft XXL,1355641096
HR55AM6113,32 Ft XXL,1.27493E+18
RJ32GD6529,32 Ft XL,356233306
RJ14GQ1862,32 Ft XL,1.27493E+18
MH04GF2534,32 Ft XL,2055834171
MH05EL9296,32 Ft XXL,254086554
MH46CL5162,32 Ft XXL,3944964191
RJ11GB7860,32 Ft XXL,1174244948
AP29TB9433,32 Ft XXL,3829683448
HR61E3182,32 Ft XL,2815071987
MH43BX1316,20 Ft XL,2126873029
HR55AM6704,32 Ft XXL,1.27493E+18
NL01N4827,32 Ft XXL,1.27493E+18
HR47D1865,32 Ft XXL,4004548899
HR55AN9055,32 Ft XL,24043981
MH04JU5737,20 Ft XL,2255109508
MH14JL2446,32 Ft XXL,1.31389E+18
HR38V8948,32 Ft XL,1.27493E+18
NL01AF8598,34 Ft XL,1046286026
KA03AK5479,20 Ft XL,1893840531
TN39CS6789,32 Ft XXL,4067552050
WB15D6898,32 Ft XXL Ft XXL,1331898928
WB23F8395,32 Ft XXL,3104428041
WB05A2717,32 Ft XL,1080031028
NL01AB8114,32 Ft XL,3943671163
HR55AE3392,32 Ft XXL,1.34095E+18
TN28BH5650,32 Ft XXL,3410860377
NL01AC9337,32 Ft XXL,1327564229
NL01AD8444,32 Ft XL,2994594257
TN34AH8182,32 Ft XL,1384358495
GJ12BX3994,40 Ft DXL,3106825274
NL01AE1939,32 Ft XXL,2459640882
KA51AG4524,20 Ft XL,3598520858
GJ27V8823,32 Ft XL,333469321
MH04LQ3932,32 Ft XXL,973970333
HR55AE9424,22 Ft XL,1.27493E+18
KA52B4433,20 Ft XL,1084243930
MH04JK9319,20 Ft XL,620207144
RJ09GC8598,32 Ft XL,1813276820
HR74B0809,32 Ft XL,3961557537
RJ11GB6728,32 Ft XXL,3494373040
MH04LQ8918,32 Ft XXL,3179876767
MH12MV4535,32 Ft XL,4100923775
RJ32GD1801,32 Ft XL,1.27493E+18
RJ18GB4899,32 Ft XXL,1.33805E+18
HR55AF3580,22 Ft XL,1.35182E+18
RJ32GD1460,32 Ft XL,1.27493E+18
RJ32GB7159,32 Ft XXL,3553993300
KA01AP6153,32 Ft XL,4186992177
UP62CT5190,20 Ft XL,1953171789
DD01L9053,32 Ft XL,900006873
DL1GE0459,22 Ft XL,3524342921
UP82AT8725,32 Ft XL,1319988325
HR55AG6062,20 Ft XL,3787915751
HR55AK3694,32 Ft XL,1554558016
HR47E8969,32 Ft XL,431439093
RJ32GD3559,32 Ft XL,92539438
MH43BX0918,32 Ft XXL,1.37249E+18
RJ14GR6247,32 Ft XXL,4124352010
HR66C7899,32 Ft XXL,3822231402
GJ01DZ8677,32 Ft XXL,3118177014
TN88J3899,32 Ft XXL,3892668605
RJ02GB7629,32 Ft XL,328095844
HR38AD6959,34 Ft XL,1017497294
NL01AG7667,32 Ft XXL,2638422073
GJ15YY0852,32 Ft XL,3555850721
MH14GU1561,32 Ft XXL,2671813342
UP53GT8774,32 Ft XXL,3914731708
RJ10GA8178,32 Ft XXL,3557494937
NL02AA0457,32 Ft XXL,690336119
PB13BB1983,32 Ft XXL,834023770
RJ14GQ1661,32 Ft XL,2866879391
NL01AE6926,32 Ft XXL,1.27493E+18
TN88E4006,32 Ft XL,1.3945E+18
UP31AT0160,30 Ft DXL,2115237033
DD01L9407,32 Ft XL,3006081937
MH04LQ2417,32 Ft XL,2545997179
RJ40GA1111,32 Ft XXL,1.27493E+18
HR47G6015,20 Ft XL,3962999715
HR47G3750,20 Ft XL,3962999715
RJ09GB5542,32 Ft XXL,1498094060
MH12WJ8466,32 Ft XL,2066449745
HR55AK2714,32 Ft XXL,3234395569
TN28BJ3089,32 Ft XXL,1.3391E+18
HR55U1200,32 Ft XL,1375577164
TN22CS9975,32 Ft XXL,3857087399
TN39CV6177,32 Ft XXL,1271043962
GJ12BW4895,40 Ft DXL,1608917745
MH46BU9536,32 Ft XL,3142727949
MH04LE4253,32 Ft XL,1496954475
UP82T5918,30 Ft XL,1542770824
PB13BD6840,32 Ft XL,2584378470
PB13AR9658,32 Ft XXL,2072286350
NL01AD9395,34 Ft XL,2073244875
UP21CN6648,32 Ft XL,879179501
HR38Y7642,24 Ft XL,1816174169
DD01L9328,32 Ft XL,723912061
TN36BS6859,32 Ft XXXL,12546475
TN88J1598,32 Ft XXL,3843504601
MH04KF7354,20 Ft XL,859974101
NL01AD8205,32 Ft XL,3261373768
HR74A4379,32 Ft XL,4217818
HR38AD3883,22 Ft XL,1832643739
TS12UC0780,32 Ft XXL,3510105175
HR55AF8317,32 Ft XL,267942975
NL01AF8507,32 Ft XXL,2459640882
NL01AH7870,32 Ft XXL,1.29422E+18
HR38Y5910,32 Ft XL,4023146082
KA52B3901,22 Ft XL,1436605487
TN88AZ3177,32 Ft XXL,2488622514
HR47C6946,32 Ft XXL,1960149178
KA01AG4709,32 Ft XXL,3529277557
WB37D7146,32 Ft XXL,1293337262
NL01AD0946,32 Ft XL,2250116825
MH47Y2825,20 Ft XL,303515083
HR55AR3770,22 Ft XL,307838769
HP12R8023,32 Ft XL,1364067541
NL01AD1613,32 Ft XXL,3155762556
MH46BF9604,32 Ft XL,299339903
GJ01HT4700,32 Ft XL,1031975809
KA52B3626,20 Ft XL,1850084718
MH04KF5762,22 Ft XL,3678859715
TN88AY0959,32 Ft XXL,1.38589E+18
HR38U9004,32 Ft XL,3042341413
MH04HY5957,20 Ft XL,2715681784
RJ32GD3930,32 Ft XL,2124614750
HR55AN1801,32 Ft XXL,1.34387E+18
MH04GF9437,20 Ft XL,4243602011
HR55W7795,32 Ft XXL,2117522071
NL01AH0505,32 Ft XL,3155944960
NL01AG7934,34 Ft XL,1.27493E+18
TN34MB7950,32 Ft XXL,3590451473
RJ02GB7548,20 Ft XL,314389732
NL01AF8559,32 Ft XL,163362128
NL01AA0183,32 Ft XXL,2459640882
TS15UF6658,32 Ft XXL Ft XXL,21598721
KA53AA2579,24 Ft XL,303485815
JH12P2376,32 Ft XL,259577570
HR38AE0834,32 Ft XL Ft XL,1832643739
NL01N0338,32 Ft XXL,1355641096
TN88K3720,32 Ft XXL,1031372358
TN37DP8042,32 Ft XXL,37099671
HR55AR2455,32 Ft XL,2360715924
DL1MA7065,22 Ft XL,4172470676
TN52AD3988,32 Ft XXL,1.27493E+18
RJ14GQ9157,32 Ft XXL,3810266555
KA01AR0573,32 Ft XXL,1441966117
MH04KU8630,32 Ft XXL,840650496
HR55AQ6339,32 Ft XL,2710583951
RJ14GK6921,30 Ft XXL,21951928
MH05EL7822,32 Ft XL,2219697164
RJ32GC5398,32 Ft XL,696965115
TS12UB8301,32 Ft XXL,11308628
KA04AC9217,22 Ft XL,3355219628
HR55AH0330,22 Ft XL,3726974546
GJ12BZ8369,36 Ft XXXL,361831879
HR61E4935,32 Ft XL,1495002572
NL01AG8415,24 Ft XL,2903670965
HR56B6497,22 Ft XL,2647333561
TN34MB4536,32 Ft XXL,3590451473
MH46F5319,32 Ft XXL,1675607123
NL01AG4401,32 Ft XXL,3164210946
HR39E6472,32 Ft XL,1073628303
DL1MB0806,22 Ft XL,2737089031
WB19L3592,22 Ft XL,2059432904
TN39CQ4399,32 Ft XXL,2952193960
RJ14GR6245,32 Ft XXL,4124352010
HR55AP3604,32 Ft XL,3782184908
HR68B6965,32 Ft XXL,2838899538
MH20DE6406,32 Ft XL,1518948099
HR55AM5177,22 Ft XXL,1607198032
HR55T4735,32 Ft XL,3000356243
NL01N4941,32 Ft XL,1211625122
MH43BX2382,32 Ft XXL,1.37249E+18
UP25ET1018,32 Ft XXL,309125986
MH04KF8814,20 Ft XL,108749163
GJ12BZ9877,40 Ft DXL,3361710212
MH18BZ4700,20 Ft XL,170750798
WB178076,32 Ft XXL,1077479138
HR55AQ1825,32 Ft XXL,1.27493E+18
HR55AQ3348,22 Ft XL,680522859
RJ47GA4619,32 Ft XL,2681227620
NL01Q4041,32 Ft XL,1.27493E+18
HR844912,32 Ft XL,4289047710
HR68C4530,24 Ft XL,1807992685
TN42AE3819,20 Ft XL,1.27493E+18
HR55AN3067,32 Ft XL,2148477730
MH04KU8166,32 Ft XXL,66625116
MH12RN8390,34 Ft XL,509883995
MH40CD4493,20 Ft XL,2898795827
HR55AS4319,22 Ft XL,2594083566
HR55AC1816,32 Ft XXL,1782813852
WB05B3292,32 Ft XL,1080031028
TN88L6773,32 Ft XXL,1341137421
MH43CE1395,32 Ft XXL,1993271565
TN30CU5355,32 Ft XXL,1152588252
KA53AA5054,20 Ft XL,3397109511
RJ14GQ7277,32 Ft XXXL,1524180104
NL01AC6672,32 Ft XL,1996182883
BR24GB1003,26 Ft DXL,3504217824
RJ14GG6842,32 Ft XL,1.30729E+18
TN96H6640,32 Ft XXL,3803493155
MH43BX5377,32 Ft XL,4276784851
TN39CQ3899,32 Ft XXL,2952193960
KA52B5117,20 Ft XL,1.27493E+18
MH46BM7064,32 Ft XXL,1.31345E+18
RJ32GC0449,32 Ft XL,920192847
NL01N2768,32 Ft XXL,1355641096
NL01AF4297,32 Ft XXXL,1450163480
HR47F9399,32 Ft XXL,1.27493E+18
WB05A0335,32 Ft XL,1080031028
TN90B4699,20 Ft XL,1908930337
HR38AA5861,34 Ft XL,3216817949
NL01AG9895,32 Ft XL,761325456
MH04LE8376,22 Ft XL,2845067733
HR55AD9957,32 Ft XL,208449432
TN04BB5234,32 Ft XXL,902512755
RJ32GD4202,32 Ft XL,1993271565
MH46BB8590,32 Ft XXL,674609754
MH43BX0682,32 Ft XXL,1.37249E+18
HR55AK6402,32 Ft XXL,1.27493E+18
NL01Q3410,24 Ft XL,3703012799
HR63E6761,32 Ft XL,496935356
RJ11GC4078,32 Ft XXL,793419240
HR47E6151,20 Ft XL,1968979984
NL01AF1954,32 Ft XXL,2671813342
HR55AF0608,32 Ft XL,208449432
MH05DK1372,32 Ft XXL,1882953237
NL01L8949,32 Ft XL,452822025
RJ32GD4189,32 Ft XL,1993271565
NL01AB7278,32 Ft XXL,1080800009
HR38AH9492,32 Ft XL,3908165514
MP09GH6087,32 Ft XL,4188950607
TN36BS7592,32 Ft XXL,12546475
MH04JU3741,32 Ft XXL,1882953237
AS01NC5688,32 Ft XXL,1168052891
NL01Q7404,32 Ft XL,1.27493E+18
WB05A1228,32 Ft XXL,1080031028
NL01Q6872,32 Ft XXL,1342559235
GJ12BX6342,36 Ft XXXL,1649101344
RJ32GD1341,30 Ft XL,1.27493E+18
RJ14GN9961,32 Ft XL,2553882112
HR38AG9589,22 Ft XL,554587856
RJ48GA1985,32 Ft XXL,2632538962
GJ27TD2750,32 Ft XL,752912893
HR39C4108,20 Ft XL,1668670859
GJ05AT2845,32 Ft XL,4067572575
TN23CE3999,32 Ft XXL,2651354625
TN28BH6795,32 Ft XXL,1008544192
TN18BE1333,20 Ft XL,1979615900
WB05A1821,32 Ft XL,1080031028
HR55AJ1404,32 Ft XL,1995297462
GJ12BZ0511,40 Ft DXL,1199572047
HR61C2900,32 Ft XL,1813930870
NL01AF1839,32 Ft XXL,3194110022
HR55AE7363,32 Ft XXL,1.34095E+18
MH46BB1217,32 Ft XL,4155638782
MH43BX3229,32 Ft XXL,1.37249E+18
RJ32GC7178,32 Ft XL,696965115
MH46F1602,32 Ft XL,2066449745
TN67BD1120,20 Ft XL,2984353713
MH04HS1158,20 Ft XL,1.27493E+18
WB05A3770,32 Ft XXL,1080031028
UP11CT0137,32 Ft XXL,3211344353
NL01AG3380,32 Ft XXL,1618676713
NL01AF2037,32 Ft XXL,1.27493E+18
GJ01JT6452,32 Ft XL,1481288314
RJ47GA3881,36 Ft XXXL,4255940877
HR55U3866,32 Ft XXL,1.27493E+18
WB19L2638,32 Ft XXL,560318007
MH04JK8929,20 Ft XL,1083855552
KA51AF8957,20 Ft XL,1850084718
TN73Q4399,32 Ft XXL,2166482742
HR55AT2527,32 Ft XL,204606172
KA53AA8007,32 Ft XL,1.27493E+18
MH04JK0560,20 Ft XL,859974101
MH04HD8801,32 Ft XXL,325838392
HR55AN8347,22 Ft XL,3240907532
UP78CT9013,20 Ft XL,2069124165
MH04JU2615,32 Ft XXL,3879880759
RJ18GC8777,32 Ft XL,2586781197
HP93A7654,24 Ft XXL,605175193
HR38AE7856,32 Ft XL,1995526937
MH46BB6561,32 Ft XXL,712418492
MH24AU8158,20 Ft XL,609750096
TN37EZ7979,20 Ft XL,1304417207
NL01AG5145,32 Ft XL,2903670965
GJ03BY8907,32 Ft XL,2651560669
HR55AK2337,32 Ft XXL,1482464153
RJ14GQ1866,32 Ft XL,1.27493E+18
HR61D5260,20 Ft XL,3035691761
HR38AD3279,32 Ft XXL,4203907520
MH43BX7367,32 Ft XL,1.37249E+18
RJ18GB5596,32 Ft XXL,3574490336
TN88H6064,32 Ft XL,1.287E+18
KA51AH9656,20 Ft XL,1788446187
NL01AE8691,32 Ft XXL,1.27493E+18
NL01AE7023,32 Ft XXL,1.29422E+18
MH01DR1369,20 Ft XL,2323359849
UP78CT0277,32 Ft XXL,710281795
UP53GT9398,32 Ft XL,3914731708
RJ47GA3527,40 Ft DXL,4255940877
MH22AN3755,32 Ft XXL,3950298838
HR55AF1677,30 Ft XXL,2845904092
HR55AL2943,32 Ft XL,2023278004
MH05EL2967,32 Ft XL,2219697164
NL01AG1618,32 Ft XL,1038921782
TN88H9536,32 Ft XL,2672088652
TN88K4977,32 Ft XXXL,1579060235
MH40CT1034,32 Ft XXL,761325456
MH46BF7050,32 Ft XL,4155638782
KA51AH1119,20 Ft XL,2192548172
RJ11GC3995,32 Ft XXL,1353124679
NL01AF8333,32 Ft XXL,2638422073
HR38U5179,34 Ft XL,1874062980
MH43BX7826,20 Ft XL,3927992790
NL01AB4318,32 Ft XXL,2459640882
HR55AJ0633,32 Ft XXL,1.27493E+18
RJ14GH4883,32 Ft XXL,3615047490
HR61C5055,20 Ft XL,2449292413
OD11P2627,32 Ft XXL,560318007
HR55AD1227,32 Ft XL,1.36953E+18
HR38AA6072,32 Ft XL,1200752148
TN28BH3190,32 Ft XXL,3908210485
MH04LY9016,32 Ft XXL,3933117663
HR55AK6259,20 Ft XL,306808731
HR55AN2321,32 Ft XL,2023278004
HR55AK8235,20 Ft XL,25443168
UP75AT9415,34 Ft XL,2545408207
HR847838,32 Ft XL,4289047710
HR74A8815,32 Ft XXL,1790840599
GJ27TF4181,34 Ft XL,1875281957
MH04JK1775,32 Ft XXL,1.37247E+18
HR55AK3092,32 Ft XL,1982572239
HR38AC4764,34 Ft XL,3117296538
GJ06BT6200,34 Ft XL,104156937
HR38AA2864,32 Ft XL,3646104169
KA04AC6793,22 Ft XXL,3964162150
NL01N7448,32 Ft XXL,1168052891
MH46AR7542,32 Ft XL,3178848370
WB05A3441,32 Ft XXL,1080031028
HR55S9941,32 Ft XXL,2062614801
NL01AF1840,32 Ft XXL,3194110022
CH01TB6532,32 Ft XXL,2838899538
HR55AL2225,22 Ft XL,3693967299
HR55AL3084,32 Ft XL,1933894296
DL1MA7645,20 Ft XL,4093642513
MH13CU1622,30 Ft XL,3017509639
NL01AG6314,32 Ft XXXL,1080800009
KA01AM5269,24 Ft XL,3299064985
MH05EL6509,32 Ft XXL,254086554
HR55AR6661,32 Ft XL,2766089958
WB05A1657,32 Ft XL,1080031028
HR39C8115,32 Ft XL,2493192888
WB11F4265,32 Ft XXL,3746169806
KA32C3094,24 Ft DXL,3954209148
KA52A9445,20 Ft XL,773382346
NL01AG7962,32 Ft XL,949846854
HR69B9859,40 Ft DXL,3504217824
RJ47GA3529,36 Ft XXXL,4255940877
DD01J9378,32 Ft XXL,4291807038
HR55AN0239,32 Ft XXL,4112769211
RJ14GN8216,32 Ft XL,1645396204
HR55AK9210,32 Ft XXL,1.27493E+18
TN28BM4725,32 Ft XXL,368904682
DD01G9891,32 Ft XL,3032577129
TN23AK8287,20 Ft XL,1908930337
MH14JP8499,32 Ft XL,589546240
TN25BW6178,32 Ft XL,1.27493E+18
GJ01ET9523,32 Ft XXL,2770185015
NL01AB5457,32 Ft XXL,4065038712
HR38AD0830,32 Ft XXL,782744564
MH04KU7973,20 Ft XL,3671323995
RJ07GD9018,22 Ft XXL,4292711585
UP72BT1368,32 Ft XXL,3613680653
MH14HU8611,32 Ft XXL,508365964
MH04LQ6895,32 Ft XL,1894903865
HR46F6914,32 Ft XL,3888426839
TN11AJ2073,32 Ft XL,131893137
RJ32GD0788,32 Ft XL,717107948
TN45CY4421,20 Ft XL,2996070976
GJ12BY3920,40 Ft DXL,3106825274
HR38AE5270,34 Ft XL,2858977521
HR38X2359,32 Ft XL,1.27493E+18
WB05A3439,32 Ft XXL,1080031028
HR66B3803,32 Ft XXL,900404511
MH04GR6587,32 Ft XXL,275947728
MH04LE1905,20 Ft XL,1780542669
TN88L1692,32 Ft XXL,2888086694
MH04HD4161,22 Ft XL,242377121
TN30CU7943,32 Ft XXL,2636212601
HR47E7249,32 Ft XL,1987930042
HR846095,32 Ft XL,2637637250
RJ32GC9071,32 Ft XL,671494097
HR55AH5404,32 Ft XL,3829863930
HR55AU3277,32 Ft XL,3556676147
HR55AL5325,32 Ft XL,2971335053
NL01AF6808,32 Ft XL,1.27493E+18
HR55AK3111,22 Ft XL,2345315178
RJ14GJ1303,40 Ft DXL,1919260655
HR55AF6364,32 Ft XL,267942975
HR55AE1635,32 Ft XL,2512967465
PB02EG7873,32 Ft XXL,1085769620
RJ52GA8736,32 Ft XL,3811649588
RJ47GA6336,40 Ft DXL,4255940877
RJ52GB1050,32 Ft XXL,3032333235
HR55AF3077,32 Ft XXL,3648094054
HR55AN0729,32 Ft XL,4112769211
MH05DK1201,32 Ft XXL,2802680250
MH46BU5306,32 Ft XL,3823797128
RJ14GQ8959,32 Ft XL,1038921782
RJ11GB9559,32 Ft XXL,1827468929
HR47C8087,32 Ft XL,3117739931
RJ10GB6762,32 Ft XL,1806535522
HR74B7520,32 Ft XXL,2601963471
HR55AP5075,32 Ft XXL,3234395569
MH04JK4231,32 Ft XL,1.27493E+18
RJ14GP0930,32 Ft XXL,1076339860
HP38F8974,32 Ft XL,2658450791
UP21CT3731,40 Ft DXL,3504217824
HR38AF9903,32 Ft XL,1036038890
MH04LQ2409,32 Ft XL,2545997179
HR56B1211,22 Ft XXL,4054774721
HR38Y7453,32 Ft XL,1806953019
HR66B5448,32 Ft XXL,840849000
TN37DA8764,20 Ft XL,1975671423
TN88L2792,32 Ft XXL,551816933
MH04HD2283,30 Ft XXL,4279831489
KA52B2009,22 Ft XL,3141194182
MH04KF7593,22 Ft XL,3045574443
HR58C2318,30 Ft DXL Ft DXL,2115237033
TN39CM6927,32 Ft XXL,1312282199
KA02AJ4821,32 Ft XL,3550585258
HR55AM2483,32 Ft XXL,2148477730
DL1MB2009,22 Ft XL,1728887769
HR58C7377,30 Ft DXL,2115237033
HR842636,32 Ft XXL,4122073968
RJ02GC6121,32 Ft XXL,3202025075
KA01AK2508,32 Ft XXL,2017158087
TN88L1264,32 Ft XXL,1810167496
HR38AC1368,22 Ft XL,989892657
MH04HD2950,20 Ft XL,1400814806
NL01AC8748,32 Ft XXL,2421623101
HR55U7998,32 Ft XXL,782744564
NL01AG7905,36 Ft XXXL,533252639
HR55AR6754,22 Ft XL,1407645707
HR37D3070,30 Ft DXL,3518046265
MH04LE3840,20 Ft XL,3456233110
RJ09GD7546,32 Ft XL,1197936709
HR47D8615,32 Ft XL,2893806302
TN28BL2139,32 Ft XL,1.37437E+18
TS07UP2058,32 Ft XXL Ft XXL,2904170378
MH04KU5913,32 Ft XL,795547115
RJ32GC9072,32 Ft XL,671494097
DD01J9808,34 Ft XL,3728681061
TN32BA2887,20 Ft XL,1908930337
HR55W4754,32 Ft XL,3187139634
HR55AC6652,32 Ft XXL,2072286350
TN34MB0815,32 Ft XXL,3590451473
HR55AM1211,32 Ft XL,3672102456
NL01AH8799,30 Ft DXL,1650955566
WB05A3672,32 Ft XXL,1080031028
TN52M9732,32 Ft XXL,2463131370
HR47D9248,32 Ft XL,1846249468
MH43BP6241,32 Ft XXL,1.37249E+18
HR55AL9251,32 Ft XXL,1.27493E+18
CH01TB1899,32 Ft XXL,2838899538
HR38AE9420,32 Ft XL,2858977521
MH14HG5067,32 Ft XL,2064387567
KA52A2521,32 Ft XXL Ft XXL,2529079424
RJ52GA6477,40 Ft DXL,1452426174
HR73B4725,20 Ft XL,1952605252
HR55V0072,32 Ft XL,1.27493E+18
BR02GB3315,30 Ft DXL,3401821785
NL01AF9893,32 Ft XL,3731347356
KA01AJ3441,32 Ft XL,727275022
TN22DW1280,32 Ft XL,1845246440
MH43BG9383,32 Ft XXL,104415644
KA568354,32 Ft XXL Ft XXL,3685577842
NL01AB2444,32 Ft XXL,1.27493E+18
TN28BD2161,32 Ft XXL,1.3391E+18
DD01P9522,32 Ft XXL,2039193497
RJ52GA7083,32 Ft XXL,4005448948
MH14EM9378,32 Ft XXL,2671813342
KA01AJ1902,32 Ft XL,727275022
RJ14GN2533,32 Ft XL,3261373768
UP78CT1281,32 Ft XL,3251962340
GJ27TD9653,32 Ft XXL,3310019958
TN52AB2788,32 Ft XXL,1.27493E+18
HR55AF6577,32 Ft XXL,1.34095E+18
KA02AH2642,32 Ft XL,1.29971E+18
NL01AG5585,32 Ft XL,2914938575
MH04LE6482,20 Ft XL,1948415324
HR55AK2645,22 Ft XL,3251427046
NL01AE7914,32 Ft XXL,1.27493E+18
MH04LQ0826,32 Ft XL,2545997179
GJ36V6571,32 Ft XL,2791720922
GJ12BY6951,40 Ft DXL,361831879
DL1MA9281,22 Ft XL,1728887769
TN39CU4830,20 Ft XL,2859734248
HR47E7742,32 Ft XL,1116160635
HR55AR9180,32 Ft XL,3951664672
HR47C3040,32 Ft XL,3117739931
MH01DR2216,32 Ft XL,2526486597
NL01N9321,32 Ft XXL,879719268
TN18BJ7770,20 Ft XL,1979615900
NL01AG8656,32 Ft XL,3366441845
HR38V9305,34 Ft XL,3893606305
HR47E1996,20 Ft XL Ft XL,602294473
MH04JK8781,20 Ft XL,3413902153
RJ32GD4619,32 Ft XL,1404165871
TN52AD4088,32 Ft XXL,1.37286E+18
GJ21W3810,32 Ft XXXL,2780012034
KA51AC9570,32 Ft XXL,857428917
HR38AC2961,34 Ft XL,3893606305
HR47F7734,22 Ft XL,1832643739
HR74B5066,32 Ft XXL,2265053414
MH16CA0565,32 Ft XXL,4287043369
GJ01HT1388,32 Ft XL,2571005689
NL01AE8388,32 Ft XXL,836748842
GJ12BV8930,40 Ft DXL,3369739658
HR55AK1990,22 Ft XL,1.27493E+18
TN75BB6715,20 Ft XL,1908930337
RJ32GC9150,32 Ft XL,356233306
TN14D7768,20 Ft XL,1245280875
TN88AY0078,32 Ft XXL Ft XXL,1029214911
MH43CE0538,20 Ft XL,2126873029
HR38AF0538,32 Ft XL,3908165514
TN28BH3865,32 Ft XXL,9273039
NL01AC0390,32 Ft XXL,1.27493E+18
MH04JK9671,20 Ft XL,2138596688
TN88K3126,32 Ft XXL,3821008100
HR38AC5645,32 Ft XL,1599883026
RJ32GD4430,32 Ft XL,1993271565
WB05A3550,32 Ft XXL,1080031028
TN16D9069,32 Ft XXL,3004704070
TN88AZ6697,32 Ft XXL,4290163489
GJ07YZ7735,32 Ft XL,133396775
MH46AR7918,32 Ft XL,960632885
HR55AM9019,22 Ft XL,20079860
MH04LQ8063,22 Ft XL,2845067733
RJ14GR5076,32 Ft XL,2193026071
MH43CE4651,32 Ft XL,2126873029
NL01N7444,32 Ft XXL,1168052891
RJ32GC3320,32 Ft XL,3841426374
NL01AE6918,32 Ft XXL,1.27493E+18
TN42AL2305,22 Ft XL,3160051068
HR55AS7737,22 Ft XL,1768193902
MH46CL8058,32 Ft XL,3823797128
RJ32GC3579,24 Ft XXL,1629450501
TN37DC8185,32 Ft XXL,1711065275
HR55AN0576,22 Ft XL,3096850401
NL01AF1396,32 Ft XL,4242867162
UP47T3369,26 Ft DXL,3504217824
NL01AG5689,32 Ft XL,3914731708
NL01AG2287,32 Ft XL,3731347356
HR55AL8558,32 Ft XL,3160752292
TN52L6140,32 Ft XXL,1.37286E+18
MH43BX3215,32 Ft XXL,1.37249E+18
HR61C3946,32 Ft XL,7946147
KA52B3967,20 Ft XL,692822142
TN42AL1794,34 Ft XXL,1.29133E+18
MH40CT1068,32 Ft XXL,761325456
RJ11GD1092,32 Ft XXL,4192907165
MH43BP6355,32 Ft XL,1.37249E+18
HR55U3817,32 Ft XXL,1.27493E+18
TN36BS6241,32 Ft XXL,12546475
GJ12BY5950,32 Ft XXL,1606375866
HR58E7420,32 Ft XL,3148346367
DD01L9347,32 Ft XL,1.27493E+18
KA02AF8991,32 Ft XXL,1473552572
HR38AE3486,32 Ft XXL,782744564
HR55AH7152,32 Ft XXL,769874695
HR55AF6977,32 Ft XXL,3648094054
KA06AC1754,32 Ft XXL,123305063
KA52B6178,32 Ft XXL,2875110714
KA52B8198,22 Ft XL,2154408635
TN88J0382,32 Ft XXL,921080138
NL01AG4119,32 Ft XL,1.27493E+18
BR06GE2690,32 Ft XL,1675607123
TG07U6387,32 Ft XXL,973970333
MP09HH2952,32 Ft XXL,877707086
HR55AL3599,14 Ft XL,3654861895
KA39A1935,32 Ft XXL,2768506079
RJ14GP8418,32 Ft XL,3310646587
TN88L6188,32 Ft XXL,198198050
TN34AJ7088,32 Ft XXL,2482612884
MH46AR0049,32 Ft XXL,3823797128
UP32LN1322,40 Ft DXL,2818151988
TN52AA2370,32 Ft XL,1.32425E+18
MH04LY3237,32 Ft XXL,973970333
TN39CR9231,32 Ft XL,1271043962
UP50CT1330,26 Ft DXL,3504217824
HR38AD4540,32 Ft XL,292837692
HR47D5777,32 Ft XL,3358038716
MH04LQ2420,32 Ft XL,2545997179
TN42AD5297,32 Ft XL,1.27493E+18
KA52B4173,20 Ft XL,1036715360
HR45D8506,26 Ft DXL,3504217824
TN42AF0066,22 Ft XL,3748473302
MH04LQ7607,32 Ft XL,573747521
HR38AD4345,32 Ft XL,205207940
HR55AL3230,32 Ft XXL,1.27493E+18
DN09V9350,32 Ft XXL,1894915495
HR47G5755,20 Ft XL,3962999715
NL01AC0324,32 Ft XXL,674609754
MH12LT4053,32 Ft XL,2938149582
DD01C9347,22 Ft XL,2466654178
MH04GC8289,32 Ft XL,4045897604
UP13AT3131,32 Ft XL,1310073092
BR06GE0352,32 Ft XL,1675607123
NL01AG3200,32 Ft XL,2254802433
HR38X3509,32 Ft XL,191202966
WB05A2742,32 Ft XL,1080031028
RJ14GN4276,32 Ft XXXL,2492278967
TN37DA6538,22 Ft XL,1.27493E+18
WB11D1879,32 Ft XL,2058958247
KA51D8076,32 Ft XXL,2451833745
MH46BB7750,20 Ft XL,1261369310
HR55AE8982,32 Ft XXL,3234395569
HR47F4641,32 Ft XL Ft XL,2671885769
MH04KF0613,20 Ft XL,2035740689
DN09R9225,32 Ft XL,172906540
NL01AF7789,32 Ft XL,154705261
KA565780,32 Ft XXL,2787015569
TN52H1938,32 Ft XXL,3908210485
RJ14GK7138,32 Ft XXL,2783829460
MH01DR4231,32 Ft XXL,1982357314
RJ27GC9977,32 Ft XXL,1253470403
KA01AM1624,20 Ft XL,1.28381E+18
HR47G2230,20 Ft XL,3962999715
KA51AK3214,32 Ft XXL,154705261
HR55AJ2166,24 Ft XXL,1.27493E+18
KA52B5387,20 Ft XL,1.27493E+18
NL01AD6498,32 Ft XL,3117739931
TN973318,32 Ft XL,1.27493E+18
WB05A1463,32 Ft XL,1080031028
GJ02AT2267,22 Ft XL,1620241690
HR55AJ5442,32 Ft XL,1.27493E+18
MH04KU6912,32 Ft XL,795547115
RJ23GC4964,32 Ft XL,1589949753
GJ12BX6810,40 Ft DXL,1608917745
MH14JL9474,32 Ft XL,1.27493E+18
MH04HY3511,32 Ft XL,1390110791
TN85S1598,20 Ft XL,3201071426
TS12UE1999,32 Ft XXL,1617854670
MH04JK3841,32 Ft XL,2564900610
HR61E6378,32 Ft XXL,61312229
RJ09GD9969,30 Ft XXL,3310019958
MH04LQ6800,34 Ft XL,4221165764
TN13AB0714,20 Ft XL,2890639981
TN41AR8510,32 Ft XXL,12546475
RJ07GC0058,32 Ft XXL,1297437708
KA52B5375,32 Ft XL,2741874244
MH15EG9585,32 Ft XL,2233609606
MH12SX8966,34 Ft XL,2066449745
HR38W8169,32 Ft XL,2897610068
MH04KF1944,20 Ft XL,3013601887
RJ11GD0727,32 Ft XL,148704376
TN52H6313,32 Ft XXL,2156055286
TN28BF8293,32 Ft XXL,2293179056
TG07U6381,32 Ft XXL,973970333
MH43BX0784,32 Ft XXL,1.37249E+18
HR38AA4583,34 Ft XL,3216817949
RJ11GB4161,32 Ft XXL,3282850666
MH46BU3110,32 Ft XXL,2793079243
NL01AB1561,32 Ft XL,1324027201
TS07UM5071,32 Ft XXL Ft XXL,2904170378
BR02GA7926,30 Ft DXL,3401821785
RJ11GB7326,32 Ft XXL,2150598927
HR47F1722,20 Ft XL,3600935676
HR74B1392,32 Ft XXL,1219188435
TN24AZ4829,20 Ft XL,2203611548
KA52A5664,20 Ft XL,773382346
KA02AJ1992,20 Ft XL,692822142
KA51AJ6478,32 Ft XL,593206810
MP07HB2016,32 Ft XXL,427856333
NL01AH2185,32 Ft XXL,154705261
HR55AK3604,32 Ft XL,737029079
MH04LE1918,20 Ft XL,398097778
OD01R9972,32 Ft XXL,2752295236
DL1MA9498,22 Ft XL,3400188970
NL01AG6316,32 Ft XXXL,1080800009
HR55AB1977,32 Ft XXL,1.34095E+18
NL01AG9537,32 Ft XL,3104138433
HR61E1512,32 Ft XL,3787560362
MH04KU7396,22 Ft XL,4143037193
TN19AL7062,32 Ft XXL,387829813
HR67B1259,40 Ft DXL,2177805057
GJ01LT3176,32 Ft XL,3288934788
NL01AG6914,32 Ft XL,1708392131
MH40BL0574,20 Ft XL,364517373
HR38Y7881,32 Ft XL Ft XL,852610321
TN88U9175,32 Ft XXL,998180256
GJ06AX5829,32 Ft XXL,3118177014
DL1MA0440,20 Ft XL,2652787613
HR55AM2392,22 Ft XL,190349727
HR66B7919,32 Ft XXL,4015093222
KA52A5375,24 Ft XXL,1962303682
DL1MA3996,20 Ft XL,63792241
HR47F4442,22 Ft XL,129683675
NL02N1680,32 Ft XXL,690336119
KA52B7206,32 Ft XXL,2966058994
TN88H4030,32 Ft XXL,3588503055
HR66B1565,32 Ft XL,4015093222
WB11D5556,32 Ft XXL,3016067382
RJ32GD2343,32 Ft XL,909601974
MP04GB2482,32 Ft XL,3032577129
TN88K7984,32 Ft XXL,3502410885
HR74B0087,32 Ft XXL,1982548391
MH04LE1966,32 Ft XL,3678859715
NL01AG0019,32 Ft XXL,2638422073
MP09HH1684,32 Ft XXL,3187139634
RJ40GA5308,32 Ft XXL,1009569811
WB05A0376,32 Ft XL,1080031028
NL01AC8845,32 Ft XXL,4188999819
HR47F9828,22 Ft XL,337502529
HR55AU3162,32 Ft XL,1448121970
HR37D2367,23 Ft DXL,3504217824
TN34X5502,24 Ft DXL,722363753
HR55AJ2603,32 Ft XL,1.27493E+18
KA52B6175,32 Ft XXL,2875110714
HP38G7929,32 Ft XXL,1433607359
HR55V2460,32 Ft XL,3117739931
RJ14GN2532,32 Ft XL,3261373768
GJ06AZ1338,32 Ft XL,1121804932
MH43BX2377,32 Ft XXL,1.37249E+18
PB13AR8093,32 Ft XXL,2322689137
HR38V3851,32 Ft XL,3577115531
TN29CC0094,32 Ft XXL,3089520401
RJ14GQ8115,32 Ft XL,1559089821
NL01AA4228,32 Ft XXL,2459640882
HR55AR5822,32 Ft XXL,1.27493E+18
HR47F3484,32 Ft XXL,1.27493E+18
WB05A2541,32 Ft XXL,1080031028
MH14KA6754,32 Ft XL,3893748183
TN52AA3299,32 Ft XXL,1.37286E+18
RJ14GP7186,32 Ft XL,560556789
TN42Q3245,22 Ft XL,1553660681
UP66T7212,32 Ft XXL,3190037914
TN28BF2178,32 Ft XXL,1.27493E+18
MH48CB7278,20 Ft XL,1949856932
HR38AE0583,22 Ft XXL,626384525
TN58AU7697,32 Ft XXL,1.29057E+18
TN52X0645,23 Ft DXL,539730798
TN04AV4289,32 Ft XXL,1539471259
HR55AE5518,32 Ft XXL,1.34095E+18
NL01AF0006,32 Ft XXL,3782098726
TN28BK5406,32 Ft XL,908889887
NL01N3945,32 Ft XL,2861709397
HR61D2935,32 Ft XXL,292659324
TS29TB6869,32 Ft XXL,4112484380
MH46BB6041,20 Ft XL,1323381085
TN64U5108,20 Ft XL,2412190228
TN52K4336,32 Ft XXL,551816933
HR55AC8419,32 Ft XXL,149166325
TN25BZ7021,20 Ft XL,3534123485
KA52B4650,17 Ft XL,3993520811
HR55AK7248,32 Ft XL,2219265497
GJ04AW0720,32 Ft XL,2967857427
KA51AK1827,32 Ft XXL,3189752954
AS01SC2431,32 Ft XXL,1976776873
RJ14GN1023,32 Ft XXL,3300087504
MH04KU1439,20 Ft XL,3388067769
MH46AF9692,32 Ft XL,2321627227
HR55AQ7576,22 Ft XXL,3151132714
HR55AK2709,32 Ft XXL,3234395569
HR38V3793,32 Ft XL,860549727
HR55AJ1959,20 Ft XL,3000356243
KA594355,32 Ft XL,3189752954
NL07AA4061,32 Ft XL,1993271565
KA52B2118,20 Ft XL,3065498193
DD01Q9096,22 Ft XXL,1703106667
GJ03AX5148,32 Ft XXL,1784565714
HR38AE4114,22 Ft XL,1832643739
MH05DK2398,32 Ft XXL,1322482633
HR38AG1718,32 Ft XL,3908165514
HR55AM7027,22 Ft XL,1181632531
MH46CL2367,32 Ft XXL,855402536
NL01AF7063,32 Ft XL,3731347356
HR55AM4541,22 Ft XL,2124614750
TN88H7801,32 Ft XXL,678413933
RJ14GN1478,32 Ft XXL,3509917328
HR74B0955,32 Ft XXL,846957169
MH04HY3005,34 Ft XL,3268018853
DL1MA9137,20 Ft XL,2528076453
RJ11GB6777,32 Ft XXL,3976597424
HR67E5566,32 Ft XXL,1024172855
MH46AR2177,32 Ft XXL,1259620876
MH46CL7154,20 Ft XL,3375205845
MP09HG4643,32 Ft XXL,3706224517
RJ18GA8424,32 Ft XXL,3234395569
TN34MB4820,32 Ft XXL,3590451473
KA52A9612,20 Ft XL,2107713772
KA51AG5779,32 Ft XXL,3892668605
MH46CL9511,32 Ft XXL,3596259537
NL01AE0383,32 Ft XXL,1.27493E+18
NL01AH4708,32 Ft XXL,2638422073
TN38CZ8490,32 Ft XXL,2470078788
RJ32GC4055,32 Ft XXL,1.27493E+18
NL01AF2982,32 Ft XXL,1.27493E+18
RJ10GB6654,32 Ft XXL,1219188435
KA09D5927,32 Ft XXL,1617854670
MH14LL8196,32 Ft XXL,3973082517
KA01AJ1521,32 Ft XL,1930959888
NL01AC9677,32 Ft XXXL,2492278967
TN88J4548,32 Ft XXL,2291163901
NL01AG7176,36 Ft XXXL,2309716914
TN12AL1117,22 Ft XXL,379007591
HR55AK5594,32 Ft XXL,1.27493E+18
HR55AK4238,22 Ft XXL,2778726045
RJ47GA5877,40 Ft DXL,4255940877
MH46AR9088,32 Ft XL,2321627227
KA03AH2584,22 Ft XL,3381983052
MH05EL5602,30 Ft XL,3276563637
KA52B0065,22 Ft XL,1436605487
RJ14GL8804,32 Ft XL,3117296538
TN28BH4308,32 Ft XXL,1.27493E+18
MH24AU8825,32 Ft XL,4201155057
NL01AD8598,32 Ft XXL,3073606796
HR38U4710,32 Ft XL,1317484428
NL01AG5692,32 Ft XL,3914731708
RJ14GL6584,32 Ft XL,809647235
RJ47GA3484,30 Ft DXL,4255940877
DN09U9808,32 Ft XL,23061505
PB11DA8991,30 Ft  Ft ,3364769651
TN52J1852,26 Ft DXL,722363753
RJ11GB9744,32 Ft XXL,1313694764
TN30CU3229,32 Ft XXL,3908998616
TN52AB7244,32 Ft XXL,1.37286E+18
UP72BT8512,32 Ft XXL,3613680653
TN52AA3488,32 Ft XXL,1.37286E+18
RJ18GB4898,32 Ft XXL,1.33805E+18
TN05CJ2926,22 Ft XL,925634741
MH43BP3199,32 Ft XXL,1.37249E+18
DD01J9772,32 Ft XL,1.27493E+18
MH42AQ7877,32 Ft XL,1.27493E+18
NL01AC3848,32 Ft XXL,4064930658
GJ12BZ0537,40 Ft DXL,1199572047
RJ32GC5787,32 Ft XL,630371857
HR74A5888,32 Ft XXL,559712815
TN05CB6201,20 Ft XL,2056925208
GJ01DY8692,32 Ft XL,752912893
TN52AA0033,32 Ft XXL,1.37286E+18
TN39DZ9307,32 Ft XXL,1049853252
HR61D3202,32 Ft XXL,4154186524
RJ11GC8912,32 Ft XXL,2622967493
NL01AB1924,32 Ft XXL,1.27493E+18
KA02AH4523,32 Ft XL,1.29971E+18
HR55AN5575,32 Ft XL,2594083566
HR61C3412,32 Ft XXL,1375975951
MH31FC5260,20 Ft XL,2322831403
UP21CT1365,30 Ft DXL,2261330358
RJ14GR0481,32 Ft XXL,1093938573
HR55AK1228,32 Ft XXL,1482464153
HR38AF6865,32 Ft XL,3908165514
RJ47GA3574,36 Ft XXXL,4255940877
TN88U7099,32 Ft XXL,3145471621
GJ01JT5665,32 Ft XXL Ft XXL,3002944284
HR55AR4261,22 Ft XL,3335861161
MH12VT3386,32 Ft XL,3185182714
RJ14GL5001,32 Ft XXL,21951928
RJ14GN4966,32 Ft XXL,4145909646
NL01AJ1983,32 Ft XL,2247350398
KA51AG9978,32 Ft XXL,4129260956
MH46BB8841,20 Ft XL,1323381085
MH31FC6090,20 Ft XL,2322831403
RJ18GB2159,32 Ft XXL,4232263237
TN29CE8021,32 Ft XXL,3089520401
GJ12BZ9692,34 Ft XXXL,1649101344
HR55AQ1963,32 Ft XL,374678490
HR38AC4648,34 Ft XL,1017497294
HR38AA4958,22 Ft XL,1199079010
MH14EM9984,22 Ft XL,2956987562
RJ09GD9975,32 Ft XXL,3310019958
GJ12BZ0916,40 Ft DXL,1199572047
HR55AM6963,32 Ft XXL,1.27493E+18
RJ11GC3846,32 Ft XXL,48589401
OD11P7307,32 Ft XXL,485855565
MH40AK2339,20 Ft XL,1952465250
BR06GG4463,30 Ft DXL,1650955566
MH12VT1023,34 Ft XL,1280581805
TN39CD6052,32 Ft XXL,1271043962
RJ14GN0165,32 Ft XXL,2522022651
HR55V1967,32 Ft XL,726052560
TN88U9349,32 Ft XXL,2860560941
NL01AF6797,32 Ft XL,1.27493E+18
NL01AJ1107,34 Ft XL,452822025
HR55AQ9787,32 Ft XXL,1.27493E+18
MH04FU6541,32 Ft XL,1253211923
DD01L9424,32 Ft XL,1906887287
KA52B6315,20 Ft XL,2208555751
HR38T3593,32 Ft XXL,680015610
TN34AB1863,32 Ft XL,3536538517
MH43BX3412,22 Ft XXL,1377538525
DL1MA8065,22 Ft XL,3787560362
AS01JC0355,32 Ft XXL,2524529930
HR55AF6077,32 Ft XXL,3648094054
RJ10GA8106,32 Ft XL,1219188435
HR57A0215,32 Ft XL,3811649588
UP86AT0276,22 Ft XXL,361087655
HR61E2715,32 Ft XL,1137992367
KA01AF8051,32 Ft XXL,1930959888
MH46BU6341,20 Ft XL,723912061
RJ32GD0497,32 Ft XL,356233306
HR38AB3077,32 Ft XL,2275596032
RJ14GK8023,32 Ft XXL,3554142728
NL01AE7572,32 Ft XL,206958395
HR55AR3475,20 Ft XL,686997230
HR55AP3149,32 Ft XL,2514232031
RJ14GR3287,32 Ft XL,2193026071
NL01AC5009,32 Ft XXL,744933130
MH43BX7166,20 Ft XL,2126873029
NL01AF1910,32 Ft XXL,3796565763
MH46BB1594,32 Ft XXL,929513233
HR68B1412,32 Ft XL,2838899538
TN73AH5934,20 Ft XL,2958756819
UP80ET6823,32 Ft XL,3042525567
TN02BL0421,20 Ft XL,3359250587
MH43BG4602,32 Ft XXL,104415644
HR55AM1828,32 Ft XL,1933894296
HR61E8048,32 Ft XXL,2216669381
HR55V4804,32 Ft XXL,861105786
TN90H5868,20 Ft XL,1908930337
NL01AF4618,32 Ft XL,4165400860
RJ32GD0224,32 Ft XL,4168537585
TN04BB5265,32 Ft XXL,902512755
NL01AH2177,32 Ft XXL,154705261
RJ32GC8154,32 Ft XL,2546199617
UP50CT2650,32 Ft XXL,855381175
TN18BJ2392,20 Ft XL,3534123485
HR38AB6328,34 Ft XL,1788205992
HR46E4893,32 Ft XL,3888426839
WB19M3657,22 Ft XL,2059432904
HR55AC0960,22 Ft XL,3296089010
TN12AS8187,32 Ft XXL,3080879152
WB05A2990,32 Ft XXL,1080031028
HR55AH0025,32 Ft XL,3693967299
HR55V5472,32 Ft XL,1.27493E+18
GJ12BZ0650,40 Ft DXL,1199572047
MH12RN9497,34 Ft XL,509883995
DL1MB1583,22 Ft XL,2352695499
HR38Z5291,32 Ft XXL,1806953019
BR03GB6841,32 Ft XXL,2158874376
MH14HG7077,32 Ft XL,1898157169
UP74T4805,32 Ft XL,2399895960
RJ18GB4651,32 Ft XL,761132796
HR55AU8928,32 Ft XL,3787560362
HR55V9016,32 Ft XXL,3234395569
HR55AJ3788,32 Ft XL,2853112797
TN13C8474,24 Ft XXL,2442941054
DL1MA9198,20 Ft XL,3448276579
TN88AZ1804,32 Ft XXL,2079400099
TN85Q5323,20 Ft XL,1305186439
WB05A3683,32 Ft XXL,1080031028
DL1GC4228,32 Ft XXL,2604737766
DL1MA9413,22 Ft XL,3400188970
HR69D6531,32 Ft XL,250896138
TN56L1087,32 Ft XXL,1271043962
NL01AG3397,32 Ft XL,2560436813
HR55AL5154,32 Ft XL,1995297462
HR61E4880,32 Ft XL,2771428387
HR55AJ4726,32 Ft XXL,1.27493E+18
KA51AH7429,24 Ft XL,1.29971E+18
MH04JU9037,20 Ft XL,3413902153
TN88K1406,32 Ft XXL,3306019372
TN01BP6331,22 Ft XXL,1308237041
HR55AP2698,32 Ft XL,1073628303
HR38AE6460,22 Ft DXL,247195055
NL01AE6932,32 Ft XXL,1.27493E+18
GJ01HT4007,32 Ft XL,1031975809
MP04HE5529,32 Ft XXL,4093767920
HR73B2612,32 Ft XL,2332932045
TN16E5601,20 Ft XL,1908930337
GJ12BV8218,40 Ft DXL,3369739658
RJ32GD4323,32 Ft XXL,3759915411
TN88F3694,32 Ft XL,1.287E+18
JH05AT8921,32 Ft XXL,1850948041
KA01AE6625,32 Ft XXL,1930959888
RJ13GB6228,32 Ft XL,1825507060
GJ27TF4147,34 Ft XL,1875281957
TS07UE7156,32 Ft XXL,3706224517
NL01AF4842,32 Ft XXL,1008222599
HR61D8574,32 Ft XL,3927663483
TN88K7116,32 Ft XXXL,1831852832
KA51AJ1061,32 Ft XL,1068934149
MH46BB9982,20 Ft XL,1479239973
OD11L2687,32 Ft XXL,3155699385
MH46BF8107,32 Ft XL,815104678
RJ32GC9548,32 Ft XL,334548386
MH31FC5264,20 Ft XL,2322831403
HR55AK1509,32 Ft XXL,1.27493E+18
GJ15AT5710,32 Ft XL,2769845387
GJ01DY2429,32 Ft XL,752912893
GJ01DY4235,32 Ft XL,2171578430
HR55AS9549,32 Ft XL,1448121970
GJ27TD2348,32 Ft XL,2717088160
TN88U9569,32 Ft XXL,880120454
HR58C1948,30 Ft DXL,2818151988
NL01AF9473,32 Ft XL,1.27493E+18
TN47BA9830,22 Ft XL,1410798621
HR68A9766,32 Ft XXL,2838899538
NL01AG7337,36 Ft XXXL,533252639
HR55AG1073,32 Ft XL,1.3653E+18
MH14KQ9366,32 Ft XXL,2206480390
NL01AF6610,32 Ft XXL,1111699978
KA51AH3482,32 Ft XXL,2744315801
MH12WJ8766,34 Ft XL,2066449745
NL01AE4005,32 Ft XL,4263581526
RJ14GJ3955,32 Ft XXL,4137205152
KA01AN1586,22 Ft DXL,1921332508
NL01AG1860,32 Ft XL,1121804932
NL01AF7516,32 Ft XL,4003484682
NL01AA6442,32 Ft XXL,2459640882
JH10CU3798,22 Ft XL,2549298360
HR55AM0867,22 Ft XL,1181632531
NL01L6879,32 Ft XXL,1.27493E+18
KA568283,32 Ft XXL,3869077196
KA567863,32 Ft XXL,2358871651
UK06CA9864,32 Ft XXL,945597649
HR39F1176,32 Ft XL,831371112
TN36BS6296,32 Ft XXL,12546475
TN88F3638,32 Ft XL,1.287E+18
KA01AN5498,24 Ft XL,1921332508
MH04KU4160,20 Ft XL,1.27493E+18
HR55AM6313,32 Ft XL,515545083
MH46AR6997,20 Ft XL,1259620876
TN13AB6166,20 Ft XL,3350750716
RJ11GC0834,32 Ft XXL,1.27493E+18
TN88H8868,32 Ft XXL,3023875542
HR61E6516,32 Ft XL,3164399253
TN40E0945,32 Ft XXL,1115169021
MH12QG1653,32 Ft XL,2813605964
HR55AJ3277,32 Ft XL,2058958247
GJ01FT1943,20 Ft XL,18625792
TN88AZ6197,32 Ft XXL,4290163489
HR55AD6110,34 Ft XXXL,3234395569
RJ11GC6990,32 Ft XXL,3542601600
RJ11GC1444,32 Ft XXL,382383445
HR67D9452,36 Ft XXXL,1649101344
MH04LE2090,20 Ft XL,2505836283
NL01Q9501,32 Ft XL,4270636751
UP78FN1647,32 Ft XXL,3706224517
RJ14GK4427,32 Ft XL,1142481406
MH12LT8536,32 Ft XL,1615485527
WB05A3972,32 Ft XL,2467718361
TN16K0367,20 Ft XL,1908930337
MH04GR9197,20 Ft XL,3254655880
HR38V6666,32 Ft XXL,3363057095
HR73B3855,32 Ft XXL,1930079411
KA568132,32 Ft XXL,4269945867
MH40BL2183,32 Ft XXL,241228719
TN56H1140,20 Ft XL,1.27493E+18
NL01AE7929,32 Ft XXL,1.27493E+18
TN52L5862,32 Ft XXXL,4152150427
HR55AP2353,22 Ft XL,3166767702
NL01AD5786,32 Ft XL,3117739931
NL01AF7897,32 Ft XL,1.36745E+18
RJ14GQ9194,32 Ft XL,956831550
KA11C1223,32 Ft XL,1127926498
HR55AD1916,32 Ft XXL,3234395569
MP09GJ6877,32 Ft XL,38899090
TN88J5159,32 Ft XXL,3293455136
RJ41GA4241,32 Ft XL,1.27493E+18
TN18AQ3449,20 Ft XL,2776401172
UP78FN1553,32 Ft XXL,3706224517
MH04GF1473,32 Ft XL,2108985170
HR38W3325,32 Ft XL,3811649588
GJ27TT8271,32 Ft XL,2994993835
TN04BA4899,32 Ft XXL,882102816
TN42AB0088,32 Ft XXL,1386734174
RJ14GN1541,32 Ft XL,3296089010
HR55AE2367,32 Ft XXL,680015610
HR55X2212,34 Ft XL,2979722128
NL01N2557,32 Ft XXL,1168052891
NL01AF8901,32 Ft XL,1425998709
GJ12BX3222,36 Ft XXXL,1649101344
MH23AU1779,32 Ft XL,3051438009
AS01NC1151,32 Ft XXL,1168052891
RJ14GQ8964,32 Ft XL,1038921782
RJ32GD4070,32 Ft XL,1119986499
MP09HH3058,32 Ft XXL,2139078021
MH40CM0948,32 Ft XL,2962862464
TN88F4180,32 Ft XL,1.287E+18
NL01AC4058,32 Ft XL,2594083566
GJ12BX2314,36 Ft XXXL,1649101344
TN52J3868,32 Ft XXL,1.27493E+18
GJ01KT5888,32 Ft XL,1340117688
HR38AC4208,22 Ft XL,3139241246
TN34AH7399,32 Ft XXL,2846762140
HR55AF5294,32 Ft XL,1.36451E+18
GJ27V3829,32 Ft XL,3805031758
RJ10GA9250,32 Ft XL,2565296383
MH14KA8634,20 Ft XL,2895001089
RJ14GQ2837,32 Ft XL,3261373768
TN39CE1189,32 Ft XXL,1271043962
RJ14GN2539,32 Ft XL,3261373768
HR63E0262,22 Ft XL,1928578588
MH04JK4538,20 Ft XL,3939080072
KA53AA7347,20 Ft XL,2471531678
RJ11GC0313,32 Ft XXL,3770692317
HR74B6681,32 Ft XXL,2601963471
DL1MA9437,22 Ft XL,3400188970
MH04LQ7207,20 Ft XL,723912061
RJ14GP3559,32 Ft XXL,2795404626
NL02Q9158,32 Ft XL,690336119
NL01AA8689,32 Ft XXL,1.27493E+18
NL01AD9903,32 Ft XL,2594083566
HR38V8604,32 Ft XL,3560206751
MH12QW0997,32 Ft XL,138203524
TN34AF4359,32 Ft XXXL,2377689887
MH48T8991,32 Ft XL,4045897604
TN88L0658,32 Ft XXL,2436884493
MH04GR6582,24 Ft XXL,1403711368
HR55AC2062,32 Ft XXL,1.34095E+18
MH12SF1566,32 Ft XL,2989268655
HR69F4508,32 Ft XL,3151132714
MH46BB9341,32 Ft XL,1323381085
TN52AB8883,32 Ft XXL,1.27493E+18
HR55AT3885,20 Ft XL,2617245338
GJ06AZ8032,32 Ft XL,2240903050
TN12AW1815,22 Ft XL,1200690365
MH12XM1684,32 Ft XL,952003387
MH04JK1249,32 Ft XXL,1.37247E+18
HR38AA2167,32 Ft XL,1599883026
MH04LE9095,20 Ft XL,2439808669
GJ27TT8163,32 Ft XL,2760994774
AP29TB9082,32 Ft XXL,2478594933
NL01AG1956,32 Ft XXL,1111699978
HR38AD6232,32 Ft XXL,4203907520
MH43CE5077,32 Ft XL,4276784851
WB05A2996,32 Ft XXL,1080031028
MH43BX0783,32 Ft XXL,1.37249E+18
NL01G4454,32 Ft XXL,1.27493E+18
HR38AH2381,32 Ft XL,3908165514
TN88K3724,32 Ft XXL,1883504872
MH14KQ4111,24 Ft XL,508365964
TN52L8076,32 Ft XL,626256173
MH46BU9951,32 Ft XXL,878491648
GJ01LT0428,32 Ft XL,351731271
TN49BF2657,32 Ft XL,3874101749
HR46E9469,32 Ft XL,3888426839
RJ47GA3501,40 Ft DXL,4255940877
DL1MA8902,22 Ft XL,147569176
GJ12BX2366,36 Ft XXXL,1649101344
RJ14GN1260,32 Ft XXL,3310646587
HR38AF1993,32 Ft XL,3908165514
MH12QW6475,32 Ft XL,2914938575
HR55AM4664,32 Ft XXL,1.27493E+18
RJ27GB9460,32 Ft XXL,2979921946
MH43BG2278,32 Ft XXL,1.27493E+18
TN36BV0096,32 Ft XXL,12546475
HR38AB7910,20 Ft XL,2029101962
DD01M9044,32 Ft XXL,2412338830
RJ14GN9255,32 Ft XL,1645396204
PB02DU2364,32 Ft XXL,95300342
NL01AG1065,32 Ft XL,3155944960
TN52R6588,32 Ft XXL,1.37286E+18
RJ11GB8893,32 Ft XL,148704376
MH40CM3463,20 Ft XL,2898795827
TN39CC6097,32 Ft XXL,1629157730
MH04KF0154,32 Ft XXL,1.37247E+18
NL01AC6014,32 Ft XL,10651475
TN12AA4115,20 Ft XL,578101994
TN25BB9842,20 Ft XL,1908930337
KA51AJ3737,32 Ft XL,3308806493
MH40CM2228,32 Ft XL,2962862464
RJ14GN2694,32 Ft XXL,3310646587
MH04LX1719,20 Ft XL,2252894048
RJ32GD2022,40 Ft DXL,1452426174
RJ32GD6720,34 Ft XL,4120205551
TN99X2397,20 Ft XL,2170556022
RJ14GH8162,32 Ft XL,3061652266
TN28BH7868,20 Ft XL,1.41743E+18
RJ22GB4964,32 Ft XXL,585859427
RJ11GB6037,32 Ft XXL,3494373040
MH04LE0774,32 Ft XL,3963095896
HR47F1530,32 Ft XXL,1.29422E+18
HR38W3803,32 Ft XL,1.27493E+18
MH43BX1423,20 Ft XL,2126873029
RJ14GF8995,32 Ft XXL,3234395569
RJ14GP8453,32 Ft XL,1.30839E+18
GJ12BY6156,24 Ft XXL,3298518857
RJ52GB1952,32 Ft XXL,2400234572
RJ07GC0059,32 Ft XXL,1297437708
MH04LY2676,32 Ft XL,1544115913
TN28BH1989,32 Ft XXL,1603720478
HR55AA9430,32 Ft XL,671494097
HR55AF9291,32 Ft XL,157134406
NL01AE8283,32 Ft XXL,1.29422E+18
MH06BD0653,32 Ft XXL,2718661616
UP87T8669,22 Ft XL,1732868091
MH04LE3564,20 Ft XL,1763892306
MH04JU0618,20 Ft XL,859974101
MH43Y1540,20 Ft XL,1259620876
HR47D4590,32 Ft XXL,1.3715E+18
MH04KF8437,20 Ft XL,1791364903
HR55AN9856,32 Ft XL,267942975
NL01AD6436,32 Ft XXL,3676358555
HR55AB6300,32 Ft XL,1770398608
NL01AE5480,32 Ft XXL,90676744
MH14HG3788,20 Ft XL,2624524510
HR55AL7523,32 Ft XL,3556676147
NL01AA5302,32 Ft XL,806780729
HR55AK9892,32 Ft XL,616191173
RJ32GC8430,32 Ft XL,2827959789
UP75AT4989,32 Ft XL,3254436671
RJ14GQ8560,32 Ft XL,1509098029
HR55AP6843,30 Ft DXL,2115237033
MH14GU8231,32 Ft XL,2671813342
RJ14GN6099,32 Ft XL,2553882112
TN39CU5234,24 Ft XL,3084231828
TN87E1145,20 Ft XL,791022865
MH04LE2228,20 Ft XL,173012235
UP75BT8028,32 Ft XXL,3088448235
TN28BH8599,32 Ft XL,3559594171
HR55AK0556,32 Ft XL,3642497143
RJ11GC2036,32 Ft XXL,3832632332
KL01CA5469,24 Ft XXL,1420687254
TN88AY1299,32 Ft XXL,47547836
TN18BH1855,17 Ft DXL,2524487247
MH04LQ4249,32 Ft XL,618016159
KA217051,32 Ft XL,765680457
DD01K9662,32 Ft XXL,3721102140
HR55AN1789,32 Ft XL,1993271565
KA51AG8921,32 Ft XL,2987626821
NL01AC4585,32 Ft XL,1.27493E+18
MH04LY8916,32 Ft XL,200838477
HR69B5834,32 Ft XL,2121418973
NL01N2433,32 Ft XL,1179273343
TN30BB5947,32 Ft XXL,1.38486E+18
KA01AP2205,32 Ft XXL,1431985334
MH04LY0890,20 Ft XL,4000628782
GJ15AV3090,32 Ft XL,3232857736
NL01AD6732,32 Ft XXXL,2037476600
RJ52GA6908,32 Ft XL,2883532998
HR38AC0464,32 Ft XXL,2111733133
TN52AA9688,32 Ft XXL,1.27493E+18
HR63F6716,32 Ft XXL,589435975
TN52AB9430,32 Ft XXL,1.32425E+18
HR55X2961,32 Ft XL,3672102456
MH14HU8711,32 Ft XXXL,508365964
KA51AH4891,24 Ft XL,1.29971E+18
KA01AF9480,32 Ft XXL,1930959888
MH04KF1486,20 Ft XL,1259620876
WB23G1257,32 Ft XL,3296115910
RJ32GB9937,32 Ft XXL,1.27493E+18
KA03AC9583,32 Ft XXL,387829813
MH03DV1762,20 Ft XL,3533445298
HR63D1617,36 Ft XXXL,2028315697
KA51D5429,32 Ft XXL,3060451091
HR38AD1622,32 Ft XL,3908165514
HR55AN3995,32 Ft XL,4112769211
UP53FT4041,26 Ft DXL,3504217824
UP79T5976,20 Ft XL,1199079010
